-- phpMyAdmin SQL Dump
-- version 5.2.1
-- https://www.phpmyadmin.net/
--
-- 主機： 127.0.0.1
-- 產生時間： 2026-05-31 23:15:06
-- 伺服器版本： 10.4.32-MariaDB
-- PHP 版本： 8.2.12

SET SQL_MODE = "NO_AUTO_VALUE_ON_ZERO";
START TRANSACTION;
SET time_zone = "+00:00";


/*!40101 SET @OLD_CHARACTER_SET_CLIENT=@@CHARACTER_SET_CLIENT */;
/*!40101 SET @OLD_CHARACTER_SET_RESULTS=@@CHARACTER_SET_RESULTS */;
/*!40101 SET @OLD_COLLATION_CONNECTION=@@COLLATION_CONNECTION */;
/*!40101 SET NAMES utf8mb4 */;

--
-- 資料庫： `0511`
--
CREATE DATABASE IF NOT EXISTS `0511` DEFAULT CHARACTER SET utf8mb4 COLLATE utf8mb4_unicode_ci;
USE `0511`;

-- --------------------------------------------------------

--
-- 資料表結構 `students`
--

CREATE TABLE `students` (
  `id` int(10) NOT NULL,
  `name` int(11) NOT NULL,
  `classroom` int(11) NOT NULL,
  `birth` int(11) NOT NULL
) ENGINE=InnoDB DEFAULT CHARSET=utf8mb4 COLLATE=utf8mb4_unicode_ci;

--
-- 傾印資料表的資料 `students`
--

INSERT INTO `students` (`id`, `name`, `classroom`, `birth`) VALUES
(0, 0, 0, 0);

--
-- 已傾印資料表的索引
--

--
-- 資料表索引 `students`
--
ALTER TABLE `students`
  ADD PRIMARY KEY (`id`);
--
-- 資料庫： `accounting`
--
CREATE DATABASE IF NOT EXISTS `accounting` DEFAULT CHARACTER SET utf8mb4 COLLATE utf8mb4_unicode_ci;
USE `accounting`;

-- --------------------------------------------------------

--
-- 資料表結構 `accounts`
--

CREATE TABLE `accounts` (
  `id` int(10) UNSIGNED NOT NULL,
  `name` varchar(50) NOT NULL COMMENT '帳戶名稱'
) ENGINE=InnoDB DEFAULT CHARSET=utf8mb4 COLLATE=utf8mb4_unicode_ci;

--
-- 傾印資料表的資料 `accounts`
--

INSERT INTO `accounts` (`id`, `name`) VALUES
(1, '錢包'),
(2, '悠遊卡'),
(3, '國泰銀行'),
(4, '中信卡'),
(5, '證券戶'),
(6, '台新卡'),
(7, '包錢'),
(8, '包錢'),
(9, '列數與'),
(10, '值數'),
(11, '不符'),
(12, '水'),
(13, '水'),
(14, '水');

-- --------------------------------------------------------

--
-- 資料表結構 `categories`
--

CREATE TABLE `categories` (
  `id` int(10) UNSIGNED NOT NULL,
  `name` varchar(50) NOT NULL COMMENT '類別名稱'
) ENGINE=InnoDB DEFAULT CHARSET=utf8mb4 COLLATE=utf8mb4_unicode_ci;

--
-- 傾印資料表的資料 `categories`
--

INSERT INTO `categories` (`id`, `name`) VALUES
(1, '飲食'),
(2, '薪資'),
(3, '交通'),
(4, '購物'),
(5, '娛樂'),
(6, '醫藥'),
(7, '投資'),
(8, '居家'),
(9, '利息'),
(10, '禮物'),
(11, '進修'),
(12, '繳費'),
(13, '獎金'),
(14, '健身'),
(15, '保險'),
(16, '還款'),
(17, '雜支');

-- --------------------------------------------------------

--
-- 資料表結構 `classes`
--

CREATE TABLE `classes` (
  `id` int(10) UNSIGNED NOT NULL,
  `code` varchar(3) NOT NULL,
  `name` varchar(12) NOT NULL,
  `tutor` varchar(8) NOT NULL
) ENGINE=InnoDB DEFAULT CHARSET=utf8mb4 COLLATE=utf8mb4_unicode_ci;

--
-- 傾印資料表的資料 `classes`
--

INSERT INTO `classes` (`id`, `code`, `name`, `tutor`) VALUES
(1, '101', '一年一班', '孫承翰'),
(2, '102', '一年二班', '王詠晴'),
(3, '103', '一年三班', '賴冠延'),
(4, '104', '一年四班', '郭欣妤'),
(5, '105', '一年五班', '謝家豪'),
(6, '106', '一年六班', '黃雅婷'),
(7, '107', '一年七班', '林志偉'),
(8, '108', '一年八班', '趙宜蓁'),
(9, '109', '一年九班', '張建宏'),
(10, '110', '一年十班', '許麗華'),
(1, '101', '一年一班', '孫承翰'),
(2, '102', '一年二班', '王詠晴'),
(3, '103', '一年三班', '賴冠延'),
(4, '104', '一年四班', '郭欣妤'),
(5, '105', '一年五班', '謝家豪'),
(6, '106', '一年六班', '黃雅婷'),
(7, '107', '一年七班', '林志偉'),
(8, '108', '一年八班', '趙宜蓁'),
(9, '109', '一年九班', '張建宏'),
(10, '110', '一年十班', '許麗華'),
(1, '101', '一年一班', '孫承翰'),
(2, '102', '一年二班', '王詠晴'),
(3, '103', '一年三班', '賴冠延'),
(4, '104', '一年四班', '郭欣妤'),
(5, '105', '一年五班', '謝家豪'),
(6, '106', '一年六班', '黃雅婷'),
(7, '107', '一年七班', '林志偉'),
(8, '108', '一年八班', '趙宜蓁'),
(9, '109', '一年九班', '張建宏'),
(10, '110', '一年十班', '許麗華');

-- --------------------------------------------------------

--
-- 資料表結構 `class_student`
--

CREATE TABLE `class_student` (
  `id` int(10) UNSIGNED NOT NULL,
  `school_num` varchar(6) NOT NULL,
  `class_code` varchar(3) NOT NULL,
  `seat_num` tinyint(2) NOT NULL,
  `year` year(4) NOT NULL
) ENGINE=InnoDB DEFAULT CHARSET=utf8mb4 COLLATE=utf8mb4_unicode_ci;

--
-- 傾印資料表的資料 `class_student`
--

INSERT INTO `class_student` (`id`, `school_num`, `class_code`, `seat_num`, `year`) VALUES
(1, '911001', '101', 1, '2000'),
(2, '911002', '101', 2, '2000'),
(3, '911003', '101', 3, '2000'),
(4, '911004', '101', 4, '2000'),
(5, '911005', '101', 5, '2000'),
(6, '911006', '101', 6, '2000'),
(7, '911007', '101', 7, '2000'),
(8, '911008', '101', 8, '2000'),
(9, '911009', '101', 9, '2000'),
(10, '911010', '101', 10, '2000'),
(11, '911011', '101', 11, '2000'),
(12, '911012', '101', 12, '2000'),
(13, '911013', '101', 13, '2000'),
(14, '911014', '101', 14, '2000'),
(15, '911015', '101', 15, '2000'),
(16, '911016', '101', 16, '2000'),
(17, '911017', '101', 17, '2000'),
(18, '911018', '101', 18, '2000'),
(19, '911019', '101', 19, '2000'),
(20, '911020', '101', 20, '2000'),
(21, '911021', '101', 21, '2000'),
(22, '911022', '101', 22, '2000'),
(23, '911023', '101', 23, '2000'),
(24, '911024', '101', 24, '2000'),
(25, '911025', '101', 25, '2000'),
(26, '911026', '101', 26, '2000'),
(27, '911027', '101', 27, '2000'),
(28, '911028', '101', 28, '2000'),
(29, '911029', '101', 29, '2000'),
(30, '911030', '101', 30, '2000'),
(31, '911031', '101', 31, '2000'),
(32, '911032', '101', 32, '2000'),
(33, '911033', '101', 33, '2000'),
(34, '911034', '101', 34, '2000'),
(35, '911035', '101', 35, '2000'),
(36, '911036', '101', 36, '2000'),
(37, '911037', '101', 37, '2000'),
(38, '911038', '101', 38, '2000'),
(39, '911039', '101', 39, '2000'),
(40, '911040', '101', 40, '2000'),
(41, '911041', '101', 41, '2000'),
(42, '911042', '101', 42, '2000'),
(43, '911043', '101', 43, '2000'),
(44, '911044', '101', 44, '2000'),
(45, '911045', '101', 45, '2000'),
(46, '911046', '101', 46, '2000'),
(47, '911047', '101', 47, '2000'),
(48, '911048', '101', 48, '2000'),
(49, '911049', '101', 49, '2000'),
(50, '912001', '102', 1, '2000'),
(51, '912002', '102', 2, '2000'),
(52, '912003', '102', 3, '2000'),
(53, '912004', '102', 4, '2000'),
(54, '912005', '102', 5, '2000'),
(55, '912006', '102', 6, '2000'),
(56, '912007', '102', 7, '2000'),
(57, '912008', '102', 8, '2000'),
(58, '912009', '102', 9, '2000'),
(59, '912010', '102', 10, '2000'),
(60, '912011', '102', 11, '2000'),
(61, '912012', '102', 12, '2000'),
(62, '912013', '102', 13, '2000'),
(63, '912014', '102', 14, '2000'),
(64, '912015', '102', 15, '2000'),
(65, '912016', '102', 16, '2000'),
(66, '912017', '102', 17, '2000'),
(67, '912018', '102', 18, '2000'),
(68, '912019', '102', 19, '2000'),
(69, '912020', '102', 20, '2000'),
(70, '912021', '102', 21, '2000'),
(71, '912022', '102', 22, '2000'),
(72, '912023', '102', 23, '2000'),
(73, '912024', '102', 24, '2000'),
(74, '912025', '102', 25, '2000'),
(75, '912026', '102', 26, '2000'),
(76, '912027', '102', 27, '2000'),
(77, '912028', '102', 28, '2000'),
(78, '912029', '102', 29, '2000'),
(79, '912030', '102', 30, '2000'),
(80, '912031', '102', 31, '2000'),
(81, '912032', '102', 32, '2000'),
(82, '912033', '102', 33, '2000'),
(83, '912034', '102', 34, '2000'),
(84, '912035', '102', 35, '2000'),
(85, '912036', '102', 36, '2000'),
(86, '912037', '102', 37, '2000'),
(87, '912038', '102', 38, '2000'),
(88, '913001', '103', 1, '2000'),
(89, '913002', '103', 2, '2000'),
(90, '913003', '103', 3, '2000'),
(91, '913004', '103', 4, '2000'),
(92, '913005', '103', 5, '2000'),
(93, '913006', '103', 6, '2000'),
(94, '913007', '103', 7, '2000'),
(95, '913008', '103', 8, '2000'),
(96, '913009', '103', 9, '2000'),
(97, '913010', '103', 10, '2000'),
(98, '913011', '103', 11, '2000'),
(99, '913012', '103', 12, '2000'),
(100, '913013', '103', 13, '2000'),
(101, '913014', '103', 14, '2000'),
(102, '913015', '103', 15, '2000'),
(103, '913016', '103', 16, '2000'),
(104, '913017', '103', 17, '2000'),
(105, '913018', '103', 18, '2000'),
(106, '913019', '103', 19, '2000'),
(107, '913020', '103', 20, '2000'),
(108, '913021', '103', 21, '2000'),
(109, '913022', '103', 22, '2000'),
(110, '913023', '103', 23, '2000'),
(111, '913024', '103', 24, '2000'),
(112, '913025', '103', 25, '2000'),
(113, '913026', '103', 26, '2000'),
(114, '913027', '103', 27, '2000'),
(115, '913028', '103', 28, '2000'),
(116, '913029', '103', 29, '2000'),
(117, '913030', '103', 30, '2000'),
(118, '913031', '103', 31, '2000'),
(119, '913032', '103', 32, '2000'),
(120, '913033', '103', 33, '2000'),
(121, '913034', '103', 34, '2000'),
(122, '913035', '103', 35, '2000'),
(123, '913036', '103', 36, '2000'),
(124, '913037', '103', 37, '2000'),
(125, '913038', '103', 38, '2000'),
(126, '913039', '103', 39, '2000'),
(127, '913040', '103', 40, '2000'),
(128, '913041', '103', 41, '2000'),
(129, '913042', '103', 42, '2000'),
(130, '913043', '103', 43, '2000'),
(131, '913044', '103', 44, '2000'),
(132, '913045', '103', 45, '2000'),
(133, '913046', '103', 46, '2000'),
(134, '913047', '103', 47, '2000'),
(135, '913048', '103', 48, '2000'),
(136, '913049', '103', 49, '2000'),
(137, '913050', '103', 50, '2000'),
(138, '913051', '103', 51, '2000'),
(139, '913052', '103', 52, '2000'),
(140, '913053', '103', 53, '2000'),
(141, '913054', '103', 54, '2000'),
(142, '913055', '103', 55, '2000'),
(143, '913056', '103', 56, '2000'),
(144, '913057', '103', 57, '2000'),
(145, '913058', '104', 1, '2000'),
(146, '913059', '104', 2, '2000'),
(147, '913060', '104', 3, '2000'),
(148, '913061', '104', 4, '2000'),
(149, '913062', '104', 5, '2000'),
(150, '913063', '104', 6, '2000'),
(151, '913064', '104', 7, '2000'),
(152, '913065', '104', 8, '2000'),
(153, '913066', '104', 9, '2000'),
(154, '913067', '104', 10, '2000'),
(155, '913068', '104', 11, '2000'),
(156, '913069', '104', 12, '2000'),
(157, '913070', '104', 13, '2000'),
(158, '913071', '104', 14, '2000'),
(159, '913072', '104', 15, '2000'),
(160, '913073', '104', 16, '2000'),
(161, '913074', '104', 17, '2000'),
(162, '913075', '104', 18, '2000'),
(163, '913076', '104', 19, '2000'),
(164, '913077', '104', 20, '2000'),
(165, '913078', '104', 21, '2000'),
(166, '913079', '104', 22, '2000'),
(167, '913080', '104', 23, '2000'),
(168, '913081', '104', 24, '2000'),
(169, '913082', '104', 25, '2000'),
(170, '913083', '104', 26, '2000'),
(171, '913084', '104', 27, '2000'),
(172, '913085', '104', 28, '2000'),
(173, '913086', '104', 29, '2000'),
(174, '913087', '104', 30, '2000'),
(175, '913088', '104', 31, '2000'),
(176, '913089', '104', 32, '2000'),
(177, '913090', '104', 33, '2000'),
(178, '913091', '104', 34, '2000'),
(179, '913092', '104', 35, '2000'),
(180, '913093', '104', 36, '2000'),
(181, '913094', '104', 37, '2000'),
(182, '913095', '104', 38, '2000'),
(183, '913096', '104', 39, '2000'),
(184, '913097', '104', 40, '2000'),
(185, '913098', '104', 41, '2000'),
(186, '913099', '104', 42, '2000'),
(187, '913100', '104', 43, '2000'),
(188, '913101', '104', 44, '2000'),
(189, '913102', '104', 45, '2000'),
(190, '913103', '104', 46, '2000'),
(191, '913104', '104', 47, '2000'),
(192, '913105', '104', 48, '2000'),
(193, '913106', '104', 49, '2000'),
(194, '913107', '104', 50, '2000'),
(195, '913108', '104', 51, '2000'),
(196, '913109', '104', 52, '2000'),
(197, '913110', '104', 53, '2000'),
(198, '913111', '104', 54, '2000'),
(199, '913112', '104', 55, '2000'),
(200, '913113', '104', 56, '2000'),
(201, '913114', '104', 57, '2000'),
(202, '913115', '104', 58, '2000'),
(203, '913116', '104', 59, '2000'),
(204, '913117', '105', 1, '2000'),
(205, '913118', '105', 2, '2000'),
(206, '913119', '105', 3, '2000'),
(207, '913120', '105', 4, '2000'),
(208, '913121', '105', 5, '2000'),
(209, '913122', '105', 6, '2000'),
(210, '913123', '105', 7, '2000'),
(211, '913124', '105', 8, '2000'),
(212, '913125', '105', 9, '2000'),
(213, '913126', '105', 10, '2000'),
(214, '913127', '105', 11, '2000'),
(215, '913128', '105', 12, '2000'),
(216, '913129', '105', 13, '2000'),
(217, '913130', '105', 14, '2000'),
(218, '913131', '105', 15, '2000'),
(219, '913132', '105', 16, '2000'),
(220, '913133', '105', 17, '2000'),
(221, '913134', '105', 18, '2000'),
(222, '913135', '105', 19, '2000'),
(223, '913136', '105', 20, '2000'),
(224, '913137', '105', 21, '2000'),
(225, '913138', '105', 22, '2000'),
(226, '913139', '105', 23, '2000'),
(227, '913140', '105', 24, '2000'),
(228, '913141', '105', 25, '2000'),
(229, '913142', '105', 26, '2000'),
(230, '913143', '105', 27, '2000'),
(231, '913144', '105', 28, '2000'),
(232, '913145', '105', 29, '2000'),
(233, '913146', '105', 30, '2000'),
(234, '913147', '105', 31, '2000'),
(235, '913148', '105', 32, '2000'),
(236, '913149', '105', 33, '2000'),
(237, '913150', '105', 34, '2000'),
(238, '913151', '105', 35, '2000'),
(239, '913152', '105', 36, '2000'),
(240, '913153', '105', 37, '2000'),
(241, '913154', '105', 38, '2000'),
(242, '913155', '105', 39, '2000'),
(243, '913156', '105', 40, '2000'),
(244, '913157', '105', 41, '2000'),
(245, '913158', '105', 42, '2000'),
(246, '913159', '105', 43, '2000'),
(247, '913160', '105', 44, '2000'),
(248, '913161', '105', 45, '2000'),
(249, '913162', '105', 46, '2000'),
(250, '913163', '105', 47, '2000'),
(251, '913164', '105', 48, '2000'),
(252, '913165', '105', 49, '2000'),
(253, '913166', '105', 50, '2000'),
(254, '913167', '105', 51, '2000'),
(255, '913168', '105', 52, '2000'),
(256, '913169', '105', 53, '2000'),
(257, '913170', '105', 54, '2000'),
(258, '913171', '105', 55, '2000'),
(259, '914001', '106', 1, '2000'),
(260, '914002', '106', 2, '2000'),
(261, '914003', '106', 3, '2000'),
(262, '914004', '106', 4, '2000'),
(263, '914005', '106', 5, '2000'),
(264, '914006', '106', 6, '2000'),
(265, '914007', '106', 7, '2000'),
(266, '914008', '106', 8, '2000'),
(267, '914009', '106', 9, '2000'),
(268, '914010', '106', 10, '2000'),
(269, '914011', '106', 11, '2000'),
(270, '914012', '106', 12, '2000'),
(271, '914013', '106', 13, '2000'),
(272, '914014', '106', 14, '2000'),
(273, '914015', '106', 15, '2000'),
(274, '914016', '106', 16, '2000'),
(275, '914017', '106', 17, '2000'),
(276, '914018', '106', 18, '2000'),
(277, '914019', '106', 19, '2000'),
(278, '914020', '106', 20, '2000'),
(279, '914021', '106', 21, '2000'),
(280, '914022', '106', 22, '2000'),
(281, '914023', '106', 23, '2000'),
(282, '914024', '106', 24, '2000'),
(283, '914025', '106', 25, '2000'),
(284, '914026', '106', 26, '2000'),
(285, '914027', '106', 27, '2000'),
(286, '914028', '106', 28, '2000'),
(287, '914029', '106', 29, '2000'),
(288, '914030', '106', 30, '2000'),
(289, '914031', '106', 31, '2000'),
(290, '914032', '106', 32, '2000'),
(291, '914033', '106', 33, '2000'),
(292, '914034', '106', 34, '2000'),
(293, '914035', '106', 35, '2000'),
(294, '914036', '106', 36, '2000'),
(295, '914037', '106', 37, '2000'),
(296, '914038', '106', 38, '2000'),
(297, '914039', '106', 39, '2000'),
(298, '914040', '106', 40, '2000'),
(299, '914041', '106', 41, '2000'),
(300, '914042', '106', 42, '2000'),
(301, '914043', '106', 43, '2000'),
(302, '914044', '106', 44, '2000'),
(303, '914045', '106', 45, '2000'),
(304, '914046', '106', 46, '2000'),
(305, '914047', '106', 47, '2000'),
(306, '914048', '106', 48, '2000'),
(307, '914049', '107', 1, '2000'),
(308, '914050', '107', 2, '2000'),
(309, '914051', '107', 3, '2000'),
(310, '914052', '107', 4, '2000'),
(311, '914053', '107', 5, '2000'),
(312, '914054', '107', 6, '2000'),
(313, '914055', '107', 7, '2000'),
(314, '914056', '107', 8, '2000'),
(315, '914057', '107', 9, '2000'),
(316, '914058', '107', 10, '2000'),
(317, '914059', '107', 11, '2000'),
(318, '914060', '107', 12, '2000'),
(319, '914061', '107', 13, '2000'),
(320, '914062', '107', 14, '2000'),
(321, '914063', '107', 15, '2000'),
(322, '914064', '107', 16, '2000'),
(323, '914065', '107', 17, '2000'),
(324, '914066', '107', 18, '2000'),
(325, '914067', '107', 19, '2000'),
(326, '914068', '107', 20, '2000'),
(327, '914069', '107', 21, '2000'),
(328, '914070', '107', 22, '2000'),
(329, '914071', '107', 23, '2000'),
(330, '914072', '107', 24, '2000'),
(331, '914073', '107', 25, '2000'),
(332, '914074', '107', 26, '2000'),
(333, '914075', '107', 27, '2000'),
(334, '914076', '107', 28, '2000'),
(335, '914077', '107', 29, '2000'),
(336, '914078', '107', 30, '2000'),
(337, '914079', '107', 31, '2000'),
(338, '914080', '107', 32, '2000'),
(339, '914081', '107', 33, '2000'),
(340, '914082', '107', 34, '2000'),
(341, '914083', '107', 35, '2000'),
(342, '914084', '107', 36, '2000'),
(343, '914085', '107', 37, '2000'),
(344, '914086', '107', 38, '2000'),
(345, '914087', '107', 39, '2000'),
(346, '914088', '107', 40, '2000'),
(347, '914089', '107', 41, '2000'),
(348, '914090', '107', 42, '2000'),
(349, '914091', '107', 43, '2000'),
(350, '914092', '107', 44, '2000'),
(351, '914093', '107', 45, '2000'),
(352, '914094', '107', 46, '2000'),
(353, '914095', '107', 47, '2000'),
(354, '914096', '108', 1, '2000'),
(355, '914097', '108', 2, '2000'),
(356, '914098', '108', 3, '2000'),
(357, '914099', '108', 4, '2000'),
(358, '914100', '108', 5, '2000'),
(359, '914101', '108', 6, '2000'),
(360, '914102', '108', 7, '2000'),
(361, '914103', '108', 8, '2000'),
(362, '914104', '108', 9, '2000'),
(363, '914105', '108', 10, '2000'),
(364, '914106', '108', 11, '2000'),
(365, '914107', '108', 12, '2000'),
(366, '914108', '108', 13, '2000'),
(367, '914109', '108', 14, '2000'),
(368, '914110', '108', 15, '2000'),
(369, '914111', '108', 16, '2000'),
(370, '914112', '108', 17, '2000'),
(371, '914113', '108', 18, '2000'),
(372, '914114', '108', 19, '2000'),
(373, '914115', '108', 20, '2000'),
(374, '914116', '108', 21, '2000'),
(375, '914117', '108', 22, '2000'),
(376, '914118', '108', 23, '2000'),
(377, '914119', '108', 24, '2000'),
(378, '914120', '108', 25, '2000'),
(379, '914121', '108', 26, '2000'),
(380, '914122', '108', 27, '2000'),
(381, '914123', '108', 28, '2000'),
(382, '914124', '108', 29, '2000'),
(383, '914125', '108', 30, '2000'),
(384, '914126', '108', 31, '2000'),
(385, '914127', '108', 32, '2000'),
(386, '914128', '108', 33, '2000'),
(387, '914129', '108', 34, '2000'),
(388, '914130', '108', 35, '2000'),
(389, '914131', '108', 36, '2000'),
(390, '914132', '108', 37, '2000'),
(391, '914133', '108', 38, '2000'),
(392, '914134', '108', 39, '2000'),
(393, '914135', '108', 40, '2000'),
(394, '914136', '108', 41, '2000'),
(395, '914137', '108', 42, '2000'),
(396, '914138', '108', 43, '2000'),
(397, '915001', '109', 1, '2000'),
(398, '915002', '109', 2, '2000'),
(399, '915003', '109', 3, '2000'),
(400, '915004', '109', 4, '2000'),
(401, '915005', '109', 5, '2000'),
(402, '915006', '109', 6, '2000'),
(403, '915007', '109', 7, '2000'),
(404, '915008', '109', 8, '2000'),
(405, '915009', '109', 9, '2000'),
(406, '915010', '109', 10, '2000'),
(407, '915011', '109', 11, '2000'),
(408, '915012', '109', 12, '2000'),
(409, '915013', '109', 13, '2000'),
(410, '915014', '109', 14, '2000'),
(411, '915015', '109', 15, '2000'),
(412, '915016', '109', 16, '2000'),
(413, '915017', '109', 17, '2000'),
(414, '915018', '109', 18, '2000'),
(415, '915019', '109', 19, '2000'),
(416, '915020', '109', 20, '2000'),
(417, '915021', '109', 21, '2000'),
(418, '915022', '109', 22, '2000'),
(419, '915023', '109', 23, '2000'),
(420, '915024', '109', 24, '2000'),
(421, '915025', '109', 25, '2000'),
(422, '915026', '109', 26, '2000'),
(423, '915027', '109', 27, '2000'),
(424, '915028', '109', 28, '2000'),
(425, '915029', '109', 29, '2000'),
(426, '915030', '109', 30, '2000'),
(427, '915031', '109', 31, '2000'),
(428, '915032', '109', 32, '2000'),
(429, '915033', '109', 33, '2000'),
(430, '915034', '109', 34, '2000'),
(431, '915035', '109', 35, '2000'),
(432, '915036', '109', 36, '2000'),
(433, '915037', '109', 37, '2000'),
(434, '915038', '109', 38, '2000'),
(435, '915039', '109', 39, '2000'),
(436, '915040', '109', 40, '2000'),
(437, '915041', '109', 41, '2000'),
(438, '915042', '109', 42, '2000'),
(439, '915043', '110', 1, '2000'),
(440, '915044', '110', 2, '2000'),
(441, '915045', '110', 3, '2000'),
(442, '915046', '110', 4, '2000'),
(443, '915047', '110', 5, '2000'),
(444, '915048', '110', 6, '2000'),
(445, '915049', '110', 7, '2000'),
(446, '915050', '110', 8, '2000'),
(447, '915051', '110', 9, '2000'),
(448, '915052', '110', 10, '2000'),
(449, '915053', '110', 11, '2000'),
(450, '915054', '110', 12, '2000'),
(451, '915055', '110', 13, '2000'),
(452, '915056', '110', 14, '2000'),
(453, '915057', '110', 15, '2000'),
(454, '915058', '110', 16, '2000'),
(455, '915059', '110', 17, '2000'),
(456, '915060', '110', 18, '2000'),
(457, '915061', '110', 19, '2000'),
(458, '915062', '110', 20, '2000'),
(459, '915063', '110', 21, '2000'),
(460, '915064', '110', 22, '2000'),
(461, '915065', '110', 23, '2000'),
(462, '915066', '110', 24, '2000'),
(463, '915067', '110', 25, '2000'),
(464, '915068', '110', 26, '2000'),
(465, '915069', '110', 27, '2000'),
(466, '915070', '110', 28, '2000'),
(467, '915071', '110', 29, '2000'),
(468, '915072', '110', 30, '2000'),
(469, '915073', '110', 31, '2000'),
(470, '915074', '110', 32, '2000'),
(471, '915075', '110', 33, '2000'),
(472, '915076', '110', 34, '2000'),
(473, '915077', '110', 35, '2000'),
(474, '915078', '110', 36, '2000'),
(475, '915079', '110', 37, '2000'),
(476, '915080', '110', 38, '2000'),
(477, '915081', '110', 39, '2000'),
(478, '915082', '110', 40, '2000'),
(479, '915083', '110', 41, '2000'),
(1, '911001', '101', 1, '2000'),
(2, '911002', '101', 2, '2000'),
(3, '911003', '101', 3, '2000'),
(4, '911004', '101', 4, '2000'),
(5, '911005', '101', 5, '2000'),
(6, '911006', '101', 6, '2000'),
(7, '911007', '101', 7, '2000'),
(8, '911008', '101', 8, '2000'),
(9, '911009', '101', 9, '2000'),
(10, '911010', '101', 10, '2000'),
(11, '911011', '101', 11, '2000'),
(12, '911012', '101', 12, '2000'),
(13, '911013', '101', 13, '2000'),
(14, '911014', '101', 14, '2000'),
(15, '911015', '101', 15, '2000'),
(16, '911016', '101', 16, '2000'),
(17, '911017', '101', 17, '2000'),
(18, '911018', '101', 18, '2000'),
(19, '911019', '101', 19, '2000'),
(20, '911020', '101', 20, '2000'),
(21, '911021', '101', 21, '2000'),
(22, '911022', '101', 22, '2000'),
(23, '911023', '101', 23, '2000'),
(24, '911024', '101', 24, '2000'),
(25, '911025', '101', 25, '2000'),
(26, '911026', '101', 26, '2000'),
(27, '911027', '101', 27, '2000'),
(28, '911028', '101', 28, '2000'),
(29, '911029', '101', 29, '2000'),
(30, '911030', '101', 30, '2000'),
(31, '911031', '101', 31, '2000'),
(32, '911032', '101', 32, '2000'),
(33, '911033', '101', 33, '2000'),
(34, '911034', '101', 34, '2000'),
(35, '911035', '101', 35, '2000'),
(36, '911036', '101', 36, '2000'),
(37, '911037', '101', 37, '2000'),
(38, '911038', '101', 38, '2000'),
(39, '911039', '101', 39, '2000'),
(40, '911040', '101', 40, '2000'),
(41, '911041', '101', 41, '2000'),
(42, '911042', '101', 42, '2000'),
(43, '911043', '101', 43, '2000'),
(44, '911044', '101', 44, '2000'),
(45, '911045', '101', 45, '2000'),
(46, '911046', '101', 46, '2000'),
(47, '911047', '101', 47, '2000'),
(48, '911048', '101', 48, '2000'),
(49, '911049', '101', 49, '2000'),
(50, '912001', '102', 1, '2000'),
(51, '912002', '102', 2, '2000'),
(52, '912003', '102', 3, '2000'),
(53, '912004', '102', 4, '2000'),
(54, '912005', '102', 5, '2000'),
(55, '912006', '102', 6, '2000'),
(56, '912007', '102', 7, '2000'),
(57, '912008', '102', 8, '2000'),
(58, '912009', '102', 9, '2000'),
(59, '912010', '102', 10, '2000'),
(60, '912011', '102', 11, '2000'),
(61, '912012', '102', 12, '2000'),
(62, '912013', '102', 13, '2000'),
(63, '912014', '102', 14, '2000'),
(64, '912015', '102', 15, '2000'),
(65, '912016', '102', 16, '2000'),
(66, '912017', '102', 17, '2000'),
(67, '912018', '102', 18, '2000'),
(68, '912019', '102', 19, '2000'),
(69, '912020', '102', 20, '2000'),
(70, '912021', '102', 21, '2000'),
(71, '912022', '102', 22, '2000'),
(72, '912023', '102', 23, '2000'),
(73, '912024', '102', 24, '2000'),
(74, '912025', '102', 25, '2000'),
(75, '912026', '102', 26, '2000'),
(76, '912027', '102', 27, '2000'),
(77, '912028', '102', 28, '2000'),
(78, '912029', '102', 29, '2000'),
(79, '912030', '102', 30, '2000'),
(80, '912031', '102', 31, '2000'),
(81, '912032', '102', 32, '2000'),
(82, '912033', '102', 33, '2000'),
(83, '912034', '102', 34, '2000'),
(84, '912035', '102', 35, '2000'),
(85, '912036', '102', 36, '2000'),
(86, '912037', '102', 37, '2000'),
(87, '912038', '102', 38, '2000'),
(88, '913001', '103', 1, '2000'),
(89, '913002', '103', 2, '2000'),
(90, '913003', '103', 3, '2000'),
(91, '913004', '103', 4, '2000'),
(92, '913005', '103', 5, '2000'),
(93, '913006', '103', 6, '2000'),
(94, '913007', '103', 7, '2000'),
(95, '913008', '103', 8, '2000'),
(96, '913009', '103', 9, '2000'),
(97, '913010', '103', 10, '2000'),
(98, '913011', '103', 11, '2000'),
(99, '913012', '103', 12, '2000'),
(100, '913013', '103', 13, '2000'),
(101, '913014', '103', 14, '2000'),
(102, '913015', '103', 15, '2000'),
(103, '913016', '103', 16, '2000'),
(104, '913017', '103', 17, '2000'),
(105, '913018', '103', 18, '2000'),
(106, '913019', '103', 19, '2000'),
(107, '913020', '103', 20, '2000'),
(108, '913021', '103', 21, '2000'),
(109, '913022', '103', 22, '2000'),
(110, '913023', '103', 23, '2000'),
(111, '913024', '103', 24, '2000'),
(112, '913025', '103', 25, '2000'),
(113, '913026', '103', 26, '2000'),
(114, '913027', '103', 27, '2000'),
(115, '913028', '103', 28, '2000'),
(116, '913029', '103', 29, '2000'),
(117, '913030', '103', 30, '2000'),
(118, '913031', '103', 31, '2000'),
(119, '913032', '103', 32, '2000'),
(120, '913033', '103', 33, '2000'),
(121, '913034', '103', 34, '2000'),
(122, '913035', '103', 35, '2000'),
(123, '913036', '103', 36, '2000'),
(124, '913037', '103', 37, '2000'),
(125, '913038', '103', 38, '2000'),
(126, '913039', '103', 39, '2000'),
(127, '913040', '103', 40, '2000'),
(128, '913041', '103', 41, '2000'),
(129, '913042', '103', 42, '2000'),
(130, '913043', '103', 43, '2000'),
(131, '913044', '103', 44, '2000'),
(132, '913045', '103', 45, '2000'),
(133, '913046', '103', 46, '2000'),
(134, '913047', '103', 47, '2000'),
(135, '913048', '103', 48, '2000'),
(136, '913049', '103', 49, '2000'),
(137, '913050', '103', 50, '2000'),
(138, '913051', '103', 51, '2000'),
(139, '913052', '103', 52, '2000'),
(140, '913053', '103', 53, '2000'),
(141, '913054', '103', 54, '2000'),
(142, '913055', '103', 55, '2000'),
(143, '913056', '103', 56, '2000'),
(144, '913057', '103', 57, '2000'),
(145, '913058', '104', 1, '2000'),
(146, '913059', '104', 2, '2000'),
(147, '913060', '104', 3, '2000'),
(148, '913061', '104', 4, '2000'),
(149, '913062', '104', 5, '2000'),
(150, '913063', '104', 6, '2000'),
(151, '913064', '104', 7, '2000'),
(152, '913065', '104', 8, '2000'),
(153, '913066', '104', 9, '2000'),
(154, '913067', '104', 10, '2000'),
(155, '913068', '104', 11, '2000'),
(156, '913069', '104', 12, '2000'),
(157, '913070', '104', 13, '2000'),
(158, '913071', '104', 14, '2000'),
(159, '913072', '104', 15, '2000'),
(160, '913073', '104', 16, '2000'),
(161, '913074', '104', 17, '2000'),
(162, '913075', '104', 18, '2000'),
(163, '913076', '104', 19, '2000'),
(164, '913077', '104', 20, '2000'),
(165, '913078', '104', 21, '2000'),
(166, '913079', '104', 22, '2000'),
(167, '913080', '104', 23, '2000'),
(168, '913081', '104', 24, '2000'),
(169, '913082', '104', 25, '2000'),
(170, '913083', '104', 26, '2000'),
(171, '913084', '104', 27, '2000'),
(172, '913085', '104', 28, '2000'),
(173, '913086', '104', 29, '2000'),
(174, '913087', '104', 30, '2000'),
(175, '913088', '104', 31, '2000'),
(176, '913089', '104', 32, '2000'),
(177, '913090', '104', 33, '2000'),
(178, '913091', '104', 34, '2000'),
(179, '913092', '104', 35, '2000'),
(180, '913093', '104', 36, '2000'),
(181, '913094', '104', 37, '2000'),
(182, '913095', '104', 38, '2000'),
(183, '913096', '104', 39, '2000'),
(184, '913097', '104', 40, '2000'),
(185, '913098', '104', 41, '2000'),
(186, '913099', '104', 42, '2000'),
(187, '913100', '104', 43, '2000'),
(188, '913101', '104', 44, '2000'),
(189, '913102', '104', 45, '2000'),
(190, '913103', '104', 46, '2000'),
(191, '913104', '104', 47, '2000'),
(192, '913105', '104', 48, '2000'),
(193, '913106', '104', 49, '2000'),
(194, '913107', '104', 50, '2000'),
(195, '913108', '104', 51, '2000'),
(196, '913109', '104', 52, '2000'),
(197, '913110', '104', 53, '2000'),
(198, '913111', '104', 54, '2000'),
(199, '913112', '104', 55, '2000'),
(200, '913113', '104', 56, '2000'),
(201, '913114', '104', 57, '2000'),
(202, '913115', '104', 58, '2000'),
(203, '913116', '104', 59, '2000'),
(204, '913117', '105', 1, '2000'),
(205, '913118', '105', 2, '2000'),
(206, '913119', '105', 3, '2000'),
(207, '913120', '105', 4, '2000'),
(208, '913121', '105', 5, '2000'),
(209, '913122', '105', 6, '2000'),
(210, '913123', '105', 7, '2000'),
(211, '913124', '105', 8, '2000'),
(212, '913125', '105', 9, '2000'),
(213, '913126', '105', 10, '2000'),
(214, '913127', '105', 11, '2000'),
(215, '913128', '105', 12, '2000'),
(216, '913129', '105', 13, '2000'),
(217, '913130', '105', 14, '2000'),
(218, '913131', '105', 15, '2000'),
(219, '913132', '105', 16, '2000'),
(220, '913133', '105', 17, '2000'),
(221, '913134', '105', 18, '2000'),
(222, '913135', '105', 19, '2000'),
(223, '913136', '105', 20, '2000'),
(224, '913137', '105', 21, '2000'),
(225, '913138', '105', 22, '2000'),
(226, '913139', '105', 23, '2000'),
(227, '913140', '105', 24, '2000'),
(228, '913141', '105', 25, '2000'),
(229, '913142', '105', 26, '2000'),
(230, '913143', '105', 27, '2000'),
(231, '913144', '105', 28, '2000'),
(232, '913145', '105', 29, '2000'),
(233, '913146', '105', 30, '2000'),
(234, '913147', '105', 31, '2000'),
(235, '913148', '105', 32, '2000'),
(236, '913149', '105', 33, '2000'),
(237, '913150', '105', 34, '2000'),
(238, '913151', '105', 35, '2000'),
(239, '913152', '105', 36, '2000'),
(240, '913153', '105', 37, '2000'),
(241, '913154', '105', 38, '2000'),
(242, '913155', '105', 39, '2000'),
(243, '913156', '105', 40, '2000'),
(244, '913157', '105', 41, '2000'),
(245, '913158', '105', 42, '2000'),
(246, '913159', '105', 43, '2000'),
(247, '913160', '105', 44, '2000'),
(248, '913161', '105', 45, '2000'),
(249, '913162', '105', 46, '2000'),
(250, '913163', '105', 47, '2000'),
(251, '913164', '105', 48, '2000'),
(252, '913165', '105', 49, '2000'),
(253, '913166', '105', 50, '2000'),
(254, '913167', '105', 51, '2000'),
(255, '913168', '105', 52, '2000'),
(256, '913169', '105', 53, '2000'),
(257, '913170', '105', 54, '2000'),
(258, '913171', '105', 55, '2000'),
(259, '914001', '106', 1, '2000'),
(260, '914002', '106', 2, '2000'),
(261, '914003', '106', 3, '2000'),
(262, '914004', '106', 4, '2000'),
(263, '914005', '106', 5, '2000'),
(264, '914006', '106', 6, '2000'),
(265, '914007', '106', 7, '2000'),
(266, '914008', '106', 8, '2000'),
(267, '914009', '106', 9, '2000'),
(268, '914010', '106', 10, '2000'),
(269, '914011', '106', 11, '2000'),
(270, '914012', '106', 12, '2000'),
(271, '914013', '106', 13, '2000'),
(272, '914014', '106', 14, '2000'),
(273, '914015', '106', 15, '2000'),
(274, '914016', '106', 16, '2000'),
(275, '914017', '106', 17, '2000'),
(276, '914018', '106', 18, '2000'),
(277, '914019', '106', 19, '2000'),
(278, '914020', '106', 20, '2000'),
(279, '914021', '106', 21, '2000'),
(280, '914022', '106', 22, '2000'),
(281, '914023', '106', 23, '2000'),
(282, '914024', '106', 24, '2000'),
(283, '914025', '106', 25, '2000'),
(284, '914026', '106', 26, '2000'),
(285, '914027', '106', 27, '2000'),
(286, '914028', '106', 28, '2000'),
(287, '914029', '106', 29, '2000'),
(288, '914030', '106', 30, '2000'),
(289, '914031', '106', 31, '2000'),
(290, '914032', '106', 32, '2000'),
(291, '914033', '106', 33, '2000'),
(292, '914034', '106', 34, '2000'),
(293, '914035', '106', 35, '2000'),
(294, '914036', '106', 36, '2000'),
(295, '914037', '106', 37, '2000'),
(296, '914038', '106', 38, '2000'),
(297, '914039', '106', 39, '2000'),
(298, '914040', '106', 40, '2000'),
(299, '914041', '106', 41, '2000'),
(300, '914042', '106', 42, '2000'),
(301, '914043', '106', 43, '2000'),
(302, '914044', '106', 44, '2000'),
(303, '914045', '106', 45, '2000'),
(304, '914046', '106', 46, '2000'),
(305, '914047', '106', 47, '2000'),
(306, '914048', '106', 48, '2000'),
(307, '914049', '107', 1, '2000'),
(308, '914050', '107', 2, '2000'),
(309, '914051', '107', 3, '2000'),
(310, '914052', '107', 4, '2000'),
(311, '914053', '107', 5, '2000'),
(312, '914054', '107', 6, '2000'),
(313, '914055', '107', 7, '2000'),
(314, '914056', '107', 8, '2000'),
(315, '914057', '107', 9, '2000'),
(316, '914058', '107', 10, '2000'),
(317, '914059', '107', 11, '2000'),
(318, '914060', '107', 12, '2000'),
(319, '914061', '107', 13, '2000'),
(320, '914062', '107', 14, '2000'),
(321, '914063', '107', 15, '2000'),
(322, '914064', '107', 16, '2000'),
(323, '914065', '107', 17, '2000'),
(324, '914066', '107', 18, '2000'),
(325, '914067', '107', 19, '2000'),
(326, '914068', '107', 20, '2000'),
(327, '914069', '107', 21, '2000'),
(328, '914070', '107', 22, '2000'),
(329, '914071', '107', 23, '2000'),
(330, '914072', '107', 24, '2000'),
(331, '914073', '107', 25, '2000'),
(332, '914074', '107', 26, '2000'),
(333, '914075', '107', 27, '2000'),
(334, '914076', '107', 28, '2000'),
(335, '914077', '107', 29, '2000'),
(336, '914078', '107', 30, '2000'),
(337, '914079', '107', 31, '2000'),
(338, '914080', '107', 32, '2000'),
(339, '914081', '107', 33, '2000'),
(340, '914082', '107', 34, '2000'),
(341, '914083', '107', 35, '2000'),
(342, '914084', '107', 36, '2000'),
(343, '914085', '107', 37, '2000'),
(344, '914086', '107', 38, '2000'),
(345, '914087', '107', 39, '2000'),
(346, '914088', '107', 40, '2000'),
(347, '914089', '107', 41, '2000'),
(348, '914090', '107', 42, '2000'),
(349, '914091', '107', 43, '2000'),
(350, '914092', '107', 44, '2000'),
(351, '914093', '107', 45, '2000'),
(352, '914094', '107', 46, '2000'),
(353, '914095', '107', 47, '2000'),
(354, '914096', '108', 1, '2000'),
(355, '914097', '108', 2, '2000'),
(356, '914098', '108', 3, '2000'),
(357, '914099', '108', 4, '2000'),
(358, '914100', '108', 5, '2000'),
(359, '914101', '108', 6, '2000'),
(360, '914102', '108', 7, '2000'),
(361, '914103', '108', 8, '2000'),
(362, '914104', '108', 9, '2000'),
(363, '914105', '108', 10, '2000'),
(364, '914106', '108', 11, '2000'),
(365, '914107', '108', 12, '2000'),
(366, '914108', '108', 13, '2000'),
(367, '914109', '108', 14, '2000'),
(368, '914110', '108', 15, '2000'),
(369, '914111', '108', 16, '2000'),
(370, '914112', '108', 17, '2000'),
(371, '914113', '108', 18, '2000'),
(372, '914114', '108', 19, '2000'),
(373, '914115', '108', 20, '2000'),
(374, '914116', '108', 21, '2000'),
(375, '914117', '108', 22, '2000'),
(376, '914118', '108', 23, '2000'),
(377, '914119', '108', 24, '2000'),
(378, '914120', '108', 25, '2000'),
(379, '914121', '108', 26, '2000'),
(380, '914122', '108', 27, '2000'),
(381, '914123', '108', 28, '2000'),
(382, '914124', '108', 29, '2000'),
(383, '914125', '108', 30, '2000'),
(384, '914126', '108', 31, '2000'),
(385, '914127', '108', 32, '2000'),
(386, '914128', '108', 33, '2000'),
(387, '914129', '108', 34, '2000'),
(388, '914130', '108', 35, '2000'),
(389, '914131', '108', 36, '2000'),
(390, '914132', '108', 37, '2000'),
(391, '914133', '108', 38, '2000'),
(392, '914134', '108', 39, '2000'),
(393, '914135', '108', 40, '2000'),
(394, '914136', '108', 41, '2000'),
(395, '914137', '108', 42, '2000'),
(396, '914138', '108', 43, '2000'),
(397, '915001', '109', 1, '2000'),
(398, '915002', '109', 2, '2000'),
(399, '915003', '109', 3, '2000'),
(400, '915004', '109', 4, '2000'),
(401, '915005', '109', 5, '2000'),
(402, '915006', '109', 6, '2000'),
(403, '915007', '109', 7, '2000'),
(404, '915008', '109', 8, '2000'),
(405, '915009', '109', 9, '2000'),
(406, '915010', '109', 10, '2000'),
(407, '915011', '109', 11, '2000'),
(408, '915012', '109', 12, '2000'),
(409, '915013', '109', 13, '2000'),
(410, '915014', '109', 14, '2000'),
(411, '915015', '109', 15, '2000'),
(412, '915016', '109', 16, '2000'),
(413, '915017', '109', 17, '2000'),
(414, '915018', '109', 18, '2000'),
(415, '915019', '109', 19, '2000'),
(416, '915020', '109', 20, '2000'),
(417, '915021', '109', 21, '2000'),
(418, '915022', '109', 22, '2000'),
(419, '915023', '109', 23, '2000'),
(420, '915024', '109', 24, '2000'),
(421, '915025', '109', 25, '2000'),
(422, '915026', '109', 26, '2000'),
(423, '915027', '109', 27, '2000'),
(424, '915028', '109', 28, '2000'),
(425, '915029', '109', 29, '2000'),
(426, '915030', '109', 30, '2000'),
(427, '915031', '109', 31, '2000'),
(428, '915032', '109', 32, '2000'),
(429, '915033', '109', 33, '2000'),
(430, '915034', '109', 34, '2000'),
(431, '915035', '109', 35, '2000'),
(432, '915036', '109', 36, '2000'),
(433, '915037', '109', 37, '2000'),
(434, '915038', '109', 38, '2000'),
(435, '915039', '109', 39, '2000'),
(436, '915040', '109', 40, '2000'),
(437, '915041', '109', 41, '2000'),
(438, '915042', '109', 42, '2000'),
(439, '915043', '110', 1, '2000'),
(440, '915044', '110', 2, '2000'),
(441, '915045', '110', 3, '2000'),
(442, '915046', '110', 4, '2000'),
(443, '915047', '110', 5, '2000'),
(444, '915048', '110', 6, '2000'),
(445, '915049', '110', 7, '2000'),
(446, '915050', '110', 8, '2000'),
(447, '915051', '110', 9, '2000'),
(448, '915052', '110', 10, '2000'),
(449, '915053', '110', 11, '2000'),
(450, '915054', '110', 12, '2000'),
(451, '915055', '110', 13, '2000'),
(452, '915056', '110', 14, '2000'),
(453, '915057', '110', 15, '2000'),
(454, '915058', '110', 16, '2000'),
(455, '915059', '110', 17, '2000'),
(456, '915060', '110', 18, '2000'),
(457, '915061', '110', 19, '2000'),
(458, '915062', '110', 20, '2000'),
(459, '915063', '110', 21, '2000'),
(460, '915064', '110', 22, '2000'),
(461, '915065', '110', 23, '2000'),
(462, '915066', '110', 24, '2000'),
(463, '915067', '110', 25, '2000'),
(464, '915068', '110', 26, '2000'),
(465, '915069', '110', 27, '2000'),
(466, '915070', '110', 28, '2000'),
(467, '915071', '110', 29, '2000'),
(468, '915072', '110', 30, '2000'),
(469, '915073', '110', 31, '2000'),
(470, '915074', '110', 32, '2000'),
(471, '915075', '110', 33, '2000'),
(472, '915076', '110', 34, '2000'),
(473, '915077', '110', 35, '2000'),
(474, '915078', '110', 36, '2000'),
(475, '915079', '110', 37, '2000'),
(476, '915080', '110', 38, '2000'),
(477, '915081', '110', 39, '2000'),
(478, '915082', '110', 40, '2000'),
(479, '915083', '110', 41, '2000'),
(1, '911001', '101', 1, '2000'),
(2, '911002', '101', 2, '2000'),
(3, '911003', '101', 3, '2000'),
(4, '911004', '101', 4, '2000'),
(5, '911005', '101', 5, '2000'),
(6, '911006', '101', 6, '2000'),
(7, '911007', '101', 7, '2000'),
(8, '911008', '101', 8, '2000'),
(9, '911009', '101', 9, '2000'),
(10, '911010', '101', 10, '2000'),
(11, '911011', '101', 11, '2000'),
(12, '911012', '101', 12, '2000'),
(13, '911013', '101', 13, '2000'),
(14, '911014', '101', 14, '2000'),
(15, '911015', '101', 15, '2000'),
(16, '911016', '101', 16, '2000'),
(17, '911017', '101', 17, '2000'),
(18, '911018', '101', 18, '2000'),
(19, '911019', '101', 19, '2000'),
(20, '911020', '101', 20, '2000'),
(21, '911021', '101', 21, '2000'),
(22, '911022', '101', 22, '2000'),
(23, '911023', '101', 23, '2000'),
(24, '911024', '101', 24, '2000'),
(25, '911025', '101', 25, '2000'),
(26, '911026', '101', 26, '2000'),
(27, '911027', '101', 27, '2000'),
(28, '911028', '101', 28, '2000'),
(29, '911029', '101', 29, '2000'),
(30, '911030', '101', 30, '2000'),
(31, '911031', '101', 31, '2000'),
(32, '911032', '101', 32, '2000'),
(33, '911033', '101', 33, '2000'),
(34, '911034', '101', 34, '2000'),
(35, '911035', '101', 35, '2000'),
(36, '911036', '101', 36, '2000'),
(37, '911037', '101', 37, '2000'),
(38, '911038', '101', 38, '2000'),
(39, '911039', '101', 39, '2000'),
(40, '911040', '101', 40, '2000'),
(41, '911041', '101', 41, '2000'),
(42, '911042', '101', 42, '2000'),
(43, '911043', '101', 43, '2000'),
(44, '911044', '101', 44, '2000'),
(45, '911045', '101', 45, '2000'),
(46, '911046', '101', 46, '2000'),
(47, '911047', '101', 47, '2000'),
(48, '911048', '101', 48, '2000'),
(49, '911049', '101', 49, '2000'),
(50, '912001', '102', 1, '2000'),
(51, '912002', '102', 2, '2000'),
(52, '912003', '102', 3, '2000'),
(53, '912004', '102', 4, '2000'),
(54, '912005', '102', 5, '2000'),
(55, '912006', '102', 6, '2000'),
(56, '912007', '102', 7, '2000'),
(57, '912008', '102', 8, '2000'),
(58, '912009', '102', 9, '2000'),
(59, '912010', '102', 10, '2000'),
(60, '912011', '102', 11, '2000'),
(61, '912012', '102', 12, '2000'),
(62, '912013', '102', 13, '2000'),
(63, '912014', '102', 14, '2000'),
(64, '912015', '102', 15, '2000'),
(65, '912016', '102', 16, '2000'),
(66, '912017', '102', 17, '2000'),
(67, '912018', '102', 18, '2000'),
(68, '912019', '102', 19, '2000'),
(69, '912020', '102', 20, '2000'),
(70, '912021', '102', 21, '2000'),
(71, '912022', '102', 22, '2000'),
(72, '912023', '102', 23, '2000'),
(73, '912024', '102', 24, '2000'),
(74, '912025', '102', 25, '2000'),
(75, '912026', '102', 26, '2000'),
(76, '912027', '102', 27, '2000'),
(77, '912028', '102', 28, '2000'),
(78, '912029', '102', 29, '2000'),
(79, '912030', '102', 30, '2000'),
(80, '912031', '102', 31, '2000'),
(81, '912032', '102', 32, '2000'),
(82, '912033', '102', 33, '2000'),
(83, '912034', '102', 34, '2000'),
(84, '912035', '102', 35, '2000'),
(85, '912036', '102', 36, '2000'),
(86, '912037', '102', 37, '2000'),
(87, '912038', '102', 38, '2000'),
(88, '913001', '103', 1, '2000'),
(89, '913002', '103', 2, '2000'),
(90, '913003', '103', 3, '2000'),
(91, '913004', '103', 4, '2000'),
(92, '913005', '103', 5, '2000'),
(93, '913006', '103', 6, '2000'),
(94, '913007', '103', 7, '2000'),
(95, '913008', '103', 8, '2000'),
(96, '913009', '103', 9, '2000'),
(97, '913010', '103', 10, '2000'),
(98, '913011', '103', 11, '2000'),
(99, '913012', '103', 12, '2000'),
(100, '913013', '103', 13, '2000'),
(101, '913014', '103', 14, '2000'),
(102, '913015', '103', 15, '2000'),
(103, '913016', '103', 16, '2000'),
(104, '913017', '103', 17, '2000'),
(105, '913018', '103', 18, '2000'),
(106, '913019', '103', 19, '2000'),
(107, '913020', '103', 20, '2000'),
(108, '913021', '103', 21, '2000'),
(109, '913022', '103', 22, '2000'),
(110, '913023', '103', 23, '2000'),
(111, '913024', '103', 24, '2000'),
(112, '913025', '103', 25, '2000'),
(113, '913026', '103', 26, '2000'),
(114, '913027', '103', 27, '2000'),
(115, '913028', '103', 28, '2000'),
(116, '913029', '103', 29, '2000'),
(117, '913030', '103', 30, '2000'),
(118, '913031', '103', 31, '2000'),
(119, '913032', '103', 32, '2000'),
(120, '913033', '103', 33, '2000'),
(121, '913034', '103', 34, '2000'),
(122, '913035', '103', 35, '2000'),
(123, '913036', '103', 36, '2000'),
(124, '913037', '103', 37, '2000'),
(125, '913038', '103', 38, '2000'),
(126, '913039', '103', 39, '2000'),
(127, '913040', '103', 40, '2000'),
(128, '913041', '103', 41, '2000'),
(129, '913042', '103', 42, '2000'),
(130, '913043', '103', 43, '2000'),
(131, '913044', '103', 44, '2000'),
(132, '913045', '103', 45, '2000'),
(133, '913046', '103', 46, '2000'),
(134, '913047', '103', 47, '2000'),
(135, '913048', '103', 48, '2000'),
(136, '913049', '103', 49, '2000'),
(137, '913050', '103', 50, '2000'),
(138, '913051', '103', 51, '2000'),
(139, '913052', '103', 52, '2000'),
(140, '913053', '103', 53, '2000'),
(141, '913054', '103', 54, '2000'),
(142, '913055', '103', 55, '2000'),
(143, '913056', '103', 56, '2000'),
(144, '913057', '103', 57, '2000'),
(145, '913058', '104', 1, '2000'),
(146, '913059', '104', 2, '2000'),
(147, '913060', '104', 3, '2000'),
(148, '913061', '104', 4, '2000'),
(149, '913062', '104', 5, '2000'),
(150, '913063', '104', 6, '2000'),
(151, '913064', '104', 7, '2000'),
(152, '913065', '104', 8, '2000'),
(153, '913066', '104', 9, '2000'),
(154, '913067', '104', 10, '2000'),
(155, '913068', '104', 11, '2000'),
(156, '913069', '104', 12, '2000'),
(157, '913070', '104', 13, '2000'),
(158, '913071', '104', 14, '2000'),
(159, '913072', '104', 15, '2000'),
(160, '913073', '104', 16, '2000'),
(161, '913074', '104', 17, '2000'),
(162, '913075', '104', 18, '2000'),
(163, '913076', '104', 19, '2000'),
(164, '913077', '104', 20, '2000'),
(165, '913078', '104', 21, '2000'),
(166, '913079', '104', 22, '2000'),
(167, '913080', '104', 23, '2000'),
(168, '913081', '104', 24, '2000'),
(169, '913082', '104', 25, '2000'),
(170, '913083', '104', 26, '2000'),
(171, '913084', '104', 27, '2000'),
(172, '913085', '104', 28, '2000'),
(173, '913086', '104', 29, '2000'),
(174, '913087', '104', 30, '2000'),
(175, '913088', '104', 31, '2000'),
(176, '913089', '104', 32, '2000'),
(177, '913090', '104', 33, '2000'),
(178, '913091', '104', 34, '2000'),
(179, '913092', '104', 35, '2000'),
(180, '913093', '104', 36, '2000'),
(181, '913094', '104', 37, '2000'),
(182, '913095', '104', 38, '2000'),
(183, '913096', '104', 39, '2000'),
(184, '913097', '104', 40, '2000'),
(185, '913098', '104', 41, '2000'),
(186, '913099', '104', 42, '2000'),
(187, '913100', '104', 43, '2000'),
(188, '913101', '104', 44, '2000'),
(189, '913102', '104', 45, '2000'),
(190, '913103', '104', 46, '2000'),
(191, '913104', '104', 47, '2000'),
(192, '913105', '104', 48, '2000'),
(193, '913106', '104', 49, '2000'),
(194, '913107', '104', 50, '2000'),
(195, '913108', '104', 51, '2000'),
(196, '913109', '104', 52, '2000'),
(197, '913110', '104', 53, '2000'),
(198, '913111', '104', 54, '2000'),
(199, '913112', '104', 55, '2000'),
(200, '913113', '104', 56, '2000'),
(201, '913114', '104', 57, '2000'),
(202, '913115', '104', 58, '2000'),
(203, '913116', '104', 59, '2000'),
(204, '913117', '105', 1, '2000'),
(205, '913118', '105', 2, '2000'),
(206, '913119', '105', 3, '2000'),
(207, '913120', '105', 4, '2000'),
(208, '913121', '105', 5, '2000'),
(209, '913122', '105', 6, '2000'),
(210, '913123', '105', 7, '2000'),
(211, '913124', '105', 8, '2000'),
(212, '913125', '105', 9, '2000'),
(213, '913126', '105', 10, '2000'),
(214, '913127', '105', 11, '2000'),
(215, '913128', '105', 12, '2000'),
(216, '913129', '105', 13, '2000'),
(217, '913130', '105', 14, '2000'),
(218, '913131', '105', 15, '2000'),
(219, '913132', '105', 16, '2000'),
(220, '913133', '105', 17, '2000'),
(221, '913134', '105', 18, '2000'),
(222, '913135', '105', 19, '2000'),
(223, '913136', '105', 20, '2000'),
(224, '913137', '105', 21, '2000'),
(225, '913138', '105', 22, '2000'),
(226, '913139', '105', 23, '2000'),
(227, '913140', '105', 24, '2000'),
(228, '913141', '105', 25, '2000'),
(229, '913142', '105', 26, '2000'),
(230, '913143', '105', 27, '2000'),
(231, '913144', '105', 28, '2000'),
(232, '913145', '105', 29, '2000'),
(233, '913146', '105', 30, '2000'),
(234, '913147', '105', 31, '2000'),
(235, '913148', '105', 32, '2000'),
(236, '913149', '105', 33, '2000'),
(237, '913150', '105', 34, '2000'),
(238, '913151', '105', 35, '2000'),
(239, '913152', '105', 36, '2000'),
(240, '913153', '105', 37, '2000'),
(241, '913154', '105', 38, '2000'),
(242, '913155', '105', 39, '2000'),
(243, '913156', '105', 40, '2000'),
(244, '913157', '105', 41, '2000'),
(245, '913158', '105', 42, '2000'),
(246, '913159', '105', 43, '2000'),
(247, '913160', '105', 44, '2000'),
(248, '913161', '105', 45, '2000'),
(249, '913162', '105', 46, '2000'),
(250, '913163', '105', 47, '2000'),
(251, '913164', '105', 48, '2000'),
(252, '913165', '105', 49, '2000'),
(253, '913166', '105', 50, '2000'),
(254, '913167', '105', 51, '2000'),
(255, '913168', '105', 52, '2000'),
(256, '913169', '105', 53, '2000'),
(257, '913170', '105', 54, '2000'),
(258, '913171', '105', 55, '2000'),
(259, '914001', '106', 1, '2000'),
(260, '914002', '106', 2, '2000'),
(261, '914003', '106', 3, '2000'),
(262, '914004', '106', 4, '2000'),
(263, '914005', '106', 5, '2000'),
(264, '914006', '106', 6, '2000'),
(265, '914007', '106', 7, '2000'),
(266, '914008', '106', 8, '2000'),
(267, '914009', '106', 9, '2000'),
(268, '914010', '106', 10, '2000'),
(269, '914011', '106', 11, '2000'),
(270, '914012', '106', 12, '2000'),
(271, '914013', '106', 13, '2000'),
(272, '914014', '106', 14, '2000'),
(273, '914015', '106', 15, '2000'),
(274, '914016', '106', 16, '2000'),
(275, '914017', '106', 17, '2000'),
(276, '914018', '106', 18, '2000'),
(277, '914019', '106', 19, '2000'),
(278, '914020', '106', 20, '2000'),
(279, '914021', '106', 21, '2000'),
(280, '914022', '106', 22, '2000'),
(281, '914023', '106', 23, '2000'),
(282, '914024', '106', 24, '2000'),
(283, '914025', '106', 25, '2000'),
(284, '914026', '106', 26, '2000'),
(285, '914027', '106', 27, '2000'),
(286, '914028', '106', 28, '2000'),
(287, '914029', '106', 29, '2000'),
(288, '914030', '106', 30, '2000'),
(289, '914031', '106', 31, '2000'),
(290, '914032', '106', 32, '2000'),
(291, '914033', '106', 33, '2000'),
(292, '914034', '106', 34, '2000'),
(293, '914035', '106', 35, '2000'),
(294, '914036', '106', 36, '2000'),
(295, '914037', '106', 37, '2000'),
(296, '914038', '106', 38, '2000'),
(297, '914039', '106', 39, '2000'),
(298, '914040', '106', 40, '2000'),
(299, '914041', '106', 41, '2000'),
(300, '914042', '106', 42, '2000'),
(301, '914043', '106', 43, '2000'),
(302, '914044', '106', 44, '2000'),
(303, '914045', '106', 45, '2000'),
(304, '914046', '106', 46, '2000'),
(305, '914047', '106', 47, '2000'),
(306, '914048', '106', 48, '2000'),
(307, '914049', '107', 1, '2000'),
(308, '914050', '107', 2, '2000'),
(309, '914051', '107', 3, '2000'),
(310, '914052', '107', 4, '2000'),
(311, '914053', '107', 5, '2000'),
(312, '914054', '107', 6, '2000'),
(313, '914055', '107', 7, '2000'),
(314, '914056', '107', 8, '2000'),
(315, '914057', '107', 9, '2000'),
(316, '914058', '107', 10, '2000'),
(317, '914059', '107', 11, '2000'),
(318, '914060', '107', 12, '2000'),
(319, '914061', '107', 13, '2000'),
(320, '914062', '107', 14, '2000'),
(321, '914063', '107', 15, '2000'),
(322, '914064', '107', 16, '2000'),
(323, '914065', '107', 17, '2000'),
(324, '914066', '107', 18, '2000'),
(325, '914067', '107', 19, '2000'),
(326, '914068', '107', 20, '2000'),
(327, '914069', '107', 21, '2000'),
(328, '914070', '107', 22, '2000'),
(329, '914071', '107', 23, '2000'),
(330, '914072', '107', 24, '2000'),
(331, '914073', '107', 25, '2000'),
(332, '914074', '107', 26, '2000'),
(333, '914075', '107', 27, '2000'),
(334, '914076', '107', 28, '2000'),
(335, '914077', '107', 29, '2000'),
(336, '914078', '107', 30, '2000'),
(337, '914079', '107', 31, '2000'),
(338, '914080', '107', 32, '2000'),
(339, '914081', '107', 33, '2000'),
(340, '914082', '107', 34, '2000'),
(341, '914083', '107', 35, '2000'),
(342, '914084', '107', 36, '2000'),
(343, '914085', '107', 37, '2000'),
(344, '914086', '107', 38, '2000'),
(345, '914087', '107', 39, '2000'),
(346, '914088', '107', 40, '2000'),
(347, '914089', '107', 41, '2000'),
(348, '914090', '107', 42, '2000'),
(349, '914091', '107', 43, '2000'),
(350, '914092', '107', 44, '2000'),
(351, '914093', '107', 45, '2000'),
(352, '914094', '107', 46, '2000'),
(353, '914095', '107', 47, '2000'),
(354, '914096', '108', 1, '2000'),
(355, '914097', '108', 2, '2000'),
(356, '914098', '108', 3, '2000'),
(357, '914099', '108', 4, '2000'),
(358, '914100', '108', 5, '2000'),
(359, '914101', '108', 6, '2000'),
(360, '914102', '108', 7, '2000'),
(361, '914103', '108', 8, '2000'),
(362, '914104', '108', 9, '2000'),
(363, '914105', '108', 10, '2000'),
(364, '914106', '108', 11, '2000'),
(365, '914107', '108', 12, '2000'),
(366, '914108', '108', 13, '2000'),
(367, '914109', '108', 14, '2000'),
(368, '914110', '108', 15, '2000'),
(369, '914111', '108', 16, '2000'),
(370, '914112', '108', 17, '2000'),
(371, '914113', '108', 18, '2000'),
(372, '914114', '108', 19, '2000'),
(373, '914115', '108', 20, '2000'),
(374, '914116', '108', 21, '2000'),
(375, '914117', '108', 22, '2000'),
(376, '914118', '108', 23, '2000'),
(377, '914119', '108', 24, '2000'),
(378, '914120', '108', 25, '2000'),
(379, '914121', '108', 26, '2000'),
(380, '914122', '108', 27, '2000'),
(381, '914123', '108', 28, '2000'),
(382, '914124', '108', 29, '2000'),
(383, '914125', '108', 30, '2000'),
(384, '914126', '108', 31, '2000'),
(385, '914127', '108', 32, '2000'),
(386, '914128', '108', 33, '2000'),
(387, '914129', '108', 34, '2000'),
(388, '914130', '108', 35, '2000'),
(389, '914131', '108', 36, '2000'),
(390, '914132', '108', 37, '2000'),
(391, '914133', '108', 38, '2000'),
(392, '914134', '108', 39, '2000'),
(393, '914135', '108', 40, '2000'),
(394, '914136', '108', 41, '2000'),
(395, '914137', '108', 42, '2000'),
(396, '914138', '108', 43, '2000'),
(397, '915001', '109', 1, '2000'),
(398, '915002', '109', 2, '2000'),
(399, '915003', '109', 3, '2000'),
(400, '915004', '109', 4, '2000'),
(401, '915005', '109', 5, '2000'),
(402, '915006', '109', 6, '2000'),
(403, '915007', '109', 7, '2000'),
(404, '915008', '109', 8, '2000'),
(405, '915009', '109', 9, '2000'),
(406, '915010', '109', 10, '2000'),
(407, '915011', '109', 11, '2000'),
(408, '915012', '109', 12, '2000'),
(409, '915013', '109', 13, '2000'),
(410, '915014', '109', 14, '2000'),
(411, '915015', '109', 15, '2000'),
(412, '915016', '109', 16, '2000'),
(413, '915017', '109', 17, '2000'),
(414, '915018', '109', 18, '2000'),
(415, '915019', '109', 19, '2000'),
(416, '915020', '109', 20, '2000'),
(417, '915021', '109', 21, '2000'),
(418, '915022', '109', 22, '2000'),
(419, '915023', '109', 23, '2000'),
(420, '915024', '109', 24, '2000'),
(421, '915025', '109', 25, '2000'),
(422, '915026', '109', 26, '2000'),
(423, '915027', '109', 27, '2000'),
(424, '915028', '109', 28, '2000'),
(425, '915029', '109', 29, '2000'),
(426, '915030', '109', 30, '2000'),
(427, '915031', '109', 31, '2000'),
(428, '915032', '109', 32, '2000'),
(429, '915033', '109', 33, '2000'),
(430, '915034', '109', 34, '2000'),
(431, '915035', '109', 35, '2000'),
(432, '915036', '109', 36, '2000'),
(433, '915037', '109', 37, '2000'),
(434, '915038', '109', 38, '2000'),
(435, '915039', '109', 39, '2000'),
(436, '915040', '109', 40, '2000'),
(437, '915041', '109', 41, '2000'),
(438, '915042', '109', 42, '2000'),
(439, '915043', '110', 1, '2000'),
(440, '915044', '110', 2, '2000'),
(441, '915045', '110', 3, '2000'),
(442, '915046', '110', 4, '2000'),
(443, '915047', '110', 5, '2000'),
(444, '915048', '110', 6, '2000'),
(445, '915049', '110', 7, '2000'),
(446, '915050', '110', 8, '2000'),
(447, '915051', '110', 9, '2000'),
(448, '915052', '110', 10, '2000'),
(449, '915053', '110', 11, '2000'),
(450, '915054', '110', 12, '2000'),
(451, '915055', '110', 13, '2000'),
(452, '915056', '110', 14, '2000'),
(453, '915057', '110', 15, '2000'),
(454, '915058', '110', 16, '2000'),
(455, '915059', '110', 17, '2000'),
(456, '915060', '110', 18, '2000'),
(457, '915061', '110', 19, '2000'),
(458, '915062', '110', 20, '2000'),
(459, '915063', '110', 21, '2000'),
(460, '915064', '110', 22, '2000'),
(461, '915065', '110', 23, '2000'),
(462, '915066', '110', 24, '2000'),
(463, '915067', '110', 25, '2000'),
(464, '915068', '110', 26, '2000'),
(465, '915069', '110', 27, '2000'),
(466, '915070', '110', 28, '2000'),
(467, '915071', '110', 29, '2000'),
(468, '915072', '110', 30, '2000'),
(469, '915073', '110', 31, '2000'),
(470, '915074', '110', 32, '2000'),
(471, '915075', '110', 33, '2000'),
(472, '915076', '110', 34, '2000'),
(473, '915077', '110', 35, '2000'),
(474, '915078', '110', 36, '2000'),
(475, '915079', '110', 37, '2000'),
(476, '915080', '110', 38, '2000'),
(477, '915081', '110', 39, '2000'),
(478, '915082', '110', 40, '2000'),
(479, '915083', '110', 41, '2000');

-- --------------------------------------------------------

--
-- 資料表結構 `dept`
--

CREATE TABLE `dept` (
  `id` int(10) UNSIGNED NOT NULL,
  `code` varchar(3) NOT NULL,
  `name` varchar(32) NOT NULL
) ENGINE=InnoDB DEFAULT CHARSET=utf8mb4 COLLATE=utf8mb4_unicode_ci;

--
-- 傾印資料表的資料 `dept`
--

INSERT INTO `dept` (`id`, `code`, `name`) VALUES
(1, '401', '商業經營科'),
(2, '402', '國際貿易科'),
(3, '404', '資料處理科'),
(4, '503', '幼兒保育科'),
(5, '504', '美容科'),
(6, '506', '室內佈置科'),
(1, '401', '商業經營科'),
(2, '402', '國際貿易科'),
(3, '404', '資料處理科'),
(4, '503', '幼兒保育科'),
(5, '504', '美容科'),
(6, '506', '室內佈置科'),
(1, '401', '商業經營科'),
(2, '402', '國際貿易科'),
(3, '404', '資料處理科'),
(4, '503', '幼兒保育科'),
(5, '504', '美容科'),
(6, '506', '室內佈置科');

-- --------------------------------------------------------

--
-- 資料表結構 `graduate_school`
--

CREATE TABLE `graduate_school` (
  `id` int(10) UNSIGNED NOT NULL,
  `county` varchar(8) NOT NULL,
  `name` varchar(64) NOT NULL
) ENGINE=InnoDB DEFAULT CHARSET=utf8mb4 COLLATE=utf8mb4_unicode_ci;

--
-- 傾印資料表的資料 `graduate_school`
--

INSERT INTO `graduate_school` (`id`, `county`, `name`) VALUES
(1, '南投縣', '縣立仁愛國中'),
(2, '南投縣', '縣立和平國中'),
(3, '南投縣', '縣立土城國中'),
(4, '南投縣', '縣立平溪國中'),
(5, '南投縣', '縣立汐止國中'),
(6, '南投縣', '縣立淡水國中'),
(7, '南投縣', '縣立石門國中'),
(8, '南投縣', '縣立萬里國中'),
(9, '南投縣', '縣立金山國中'),
(10, '南投縣', '縣立雙溪國中'),
(11, '台中市', '市立中和國中'),
(12, '台中市', '市立中山國中'),
(13, '台中市', '市立中平國中'),
(14, '台中市', '市立中正國中'),
(15, '台中市', '市立中船國中'),
(16, '台中市', '市立仁愛國中'),
(17, '台中市', '市立信義國中'),
(18, '台中市', '市立八斗國中'),
(19, '台中市', '市立公園國中'),
(20, '台中市', '市立北寧國中'),
(21, '台中市', '市立南榮國中'),
(22, '台中市', '市立安一國中'),
(23, '台中市', '市立安樂國中'),
(24, '台中市', '市立建德國中'),
(25, '台中市', '市立忠孝國中'),
(26, '台中市', '市立月眉國中'),
(27, '台中市', '市立百福國中'),
(28, '宜蘭縣', '縣立頭城國中'),
(1, '南投縣', '縣立仁愛國中'),
(2, '南投縣', '縣立和平國中'),
(3, '南投縣', '縣立土城國中'),
(4, '南投縣', '縣立平溪國中'),
(5, '南投縣', '縣立汐止國中'),
(6, '南投縣', '縣立淡水國中'),
(7, '南投縣', '縣立石門國中'),
(8, '南投縣', '縣立萬里國中'),
(9, '南投縣', '縣立金山國中'),
(10, '南投縣', '縣立雙溪國中'),
(11, '台中市', '市立中和國中'),
(12, '台中市', '市立中山國中'),
(13, '台中市', '市立中平國中'),
(14, '台中市', '市立中正國中'),
(15, '台中市', '市立中船國中'),
(16, '台中市', '市立仁愛國中'),
(17, '台中市', '市立信義國中'),
(18, '台中市', '市立八斗國中'),
(19, '台中市', '市立公園國中'),
(20, '台中市', '市立北寧國中'),
(21, '台中市', '市立南榮國中'),
(22, '台中市', '市立安一國中'),
(23, '台中市', '市立安樂國中'),
(24, '台中市', '市立建德國中'),
(25, '台中市', '市立忠孝國中'),
(26, '台中市', '市立月眉國中'),
(27, '台中市', '市立百福國中'),
(28, '宜蘭縣', '縣立頭城國中'),
(1, '南投縣', '縣立仁愛國中'),
(2, '南投縣', '縣立和平國中'),
(3, '南投縣', '縣立土城國中'),
(4, '南投縣', '縣立平溪國中'),
(5, '南投縣', '縣立汐止國中'),
(6, '南投縣', '縣立淡水國中'),
(7, '南投縣', '縣立石門國中'),
(8, '南投縣', '縣立萬里國中'),
(9, '南投縣', '縣立金山國中'),
(10, '南投縣', '縣立雙溪國中'),
(11, '台中市', '市立中和國中'),
(12, '台中市', '市立中山國中'),
(13, '台中市', '市立中平國中'),
(14, '台中市', '市立中正國中'),
(15, '台中市', '市立中船國中'),
(16, '台中市', '市立仁愛國中'),
(17, '台中市', '市立信義國中'),
(18, '台中市', '市立八斗國中'),
(19, '台中市', '市立公園國中'),
(20, '台中市', '市立北寧國中'),
(21, '台中市', '市立南榮國中'),
(22, '台中市', '市立安一國中'),
(23, '台中市', '市立安樂國中'),
(24, '台中市', '市立建德國中'),
(25, '台中市', '市立忠孝國中'),
(26, '台中市', '市立月眉國中'),
(27, '台中市', '市立百福國中'),
(28, '宜蘭縣', '縣立頭城國中');

-- --------------------------------------------------------

--
-- 資料表結構 `projects`
--

CREATE TABLE `projects` (
  `id` int(10) UNSIGNED NOT NULL,
  `name` varchar(50) NOT NULL COMMENT '專案名稱'
) ENGINE=InnoDB DEFAULT CHARSET=utf8mb4 COLLATE=utf8mb4_unicode_ci;

--
-- 傾印資料表的資料 `projects`
--

INSERT INTO `projects` (`id`, `name`) VALUES
(1, '日常開銷'),
(2, '工作'),
(3, '生活用品'),
(4, '聚餐'),
(5, '放鬆'),
(6, '健康'),
(7, '投資計畫'),
(8, '理財'),
(9, '旅遊'),
(10, '人際關係'),
(11, '自我成長'),
(12, '保險'),
(13, '人際');

-- --------------------------------------------------------

--
-- 資料表結構 `status`
--

CREATE TABLE `status` (
  `id` int(10) UNSIGNED NOT NULL,
  `code` varchar(4) NOT NULL,
  `status` varchar(8) NOT NULL,
  `note` varchar(64) NOT NULL
) ENGINE=InnoDB DEFAULT CHARSET=utf8mb4 COLLATE=utf8mb4_unicode_ci;

--
-- 傾印資料表的資料 `status`
--

INSERT INTO `status` (`id`, `code`, `status`, `note`) VALUES
(1, '001', '畢業', '持國中畢業證書者'),
(2, '002', '補校', '持國中補校資格證明書者'),
(3, '003', '補結', '持國中補校結業證明書者'),
(4, '004', '結業', '持國中修(結)業證明書者(修畢三年)'),
(1, '001', '畢業', '持國中畢業證書者'),
(2, '002', '補校', '持國中補校資格證明書者'),
(3, '003', '補結', '持國中補校結業證明書者'),
(4, '004', '結業', '持國中修(結)業證明書者(修畢三年)'),
(1, '001', '畢業', '持國中畢業證書者'),
(2, '002', '補校', '持國中補校資格證明書者'),
(3, '003', '補結', '持國中補校結業證明書者'),
(4, '004', '結業', '持國中修(結)業證明書者(修畢三年)');

-- --------------------------------------------------------

--
-- 資料表結構 `students`
--

CREATE TABLE `students` (
  `id` int(10) UNSIGNED NOT NULL COMMENT '流水號',
  `name` varchar(50) NOT NULL COMMENT '學生姓名',
  `classroom` varchar(12) NOT NULL COMMENT '所屬班級',
  `birthday` date NOT NULL COMMENT '出生年月日',
  `no` varchar(10) NOT NULL COMMENT '學號',
  `tel` varchar(12) NOT NULL COMMENT '聯絡電話'
) ENGINE=InnoDB DEFAULT CHARSET=utf8mb4 COLLATE=utf8mb4_unicode_ci;

-- --------------------------------------------------------

--
-- 資料表結構 `transactions`
--

CREATE TABLE `transactions` (
  `id` int(10) UNSIGNED NOT NULL,
  `transacted_at` datetime NOT NULL COMMENT '交易時間',
  `category_id` int(10) UNSIGNED NOT NULL COMMENT '關聯類別',
  `amount` decimal(15,2) NOT NULL COMMENT '金額',
  `quantity` int(11) NOT NULL DEFAULT 1 COMMENT '數量',
  `payment_method` varchar(50) DEFAULT NULL COMMENT '付款工具',
  `account_id` int(10) UNSIGNED NOT NULL COMMENT '關聯帳戶',
  `project_id` int(10) UNSIGNED DEFAULT NULL COMMENT '關聯專案',
  `merchant` varchar(100) DEFAULT NULL COMMENT '店家',
  `entry_type` varchar(20) NOT NULL COMMENT '收/支/資/負',
  `attachment_path` varchar(255) DEFAULT NULL COMMENT '附件路徑',
  `note` text DEFAULT NULL COMMENT '備註'
) ENGINE=InnoDB DEFAULT CHARSET=utf8mb4 COLLATE=utf8mb4_unicode_ci;

--
-- 傾印資料表的資料 `transactions`
--

INSERT INTO `transactions` (`id`, `transacted_at`, `category_id`, `amount`, `quantity`, `payment_method`, `account_id`, `project_id`, `merchant`, `entry_type`, `attachment_path`, `note`) VALUES
(1, '2026-05-01 08:30:00', 1, 65.00, 1, '現金', 1, 1, '美而美早餐', '支出', NULL, '火腿蛋吐司'),
(2, '2026-05-01 12:15:00', 1, 120.00, 1, '悠遊卡', 2, 1, '7-11', '支出', NULL, '便當'),
(3, '2026-05-01 18:00:00', 2, 55000.00, 1, '匯款', 3, 2, '某某科技公司', '收入', NULL, '5月份薪資'),
(5, '2026-05-02 14:20:00', 4, 2500.00, 1, '信用卡', 4, 3, 'PChome', '支出', 'img_001.jpg', '買藍牙耳機'),
(6, '2026-05-03 10:00:00', 1, 350.00, 2, '現金', 1, 4, '星巴克', '支出', NULL, '跟朋友喝咖啡'),
(7, '2026-05-03 19:00:00', 1, 800.00, 1, 'Line Pay', 3, 1, '石二鍋', '支出', NULL, '晚餐'),
(8, '2026-05-04 08:10:00', 3, 30.00, 1, '悠遊卡', 2, 1, '捷運局', '支出', NULL, '上班車資'),
(9, '2026-05-04 12:30:00', 1, 90.00, 1, '現金', 1, 1, '便當店', '支出', NULL, '排骨飯'),
(10, '2026-05-05 20:00:00', 5, 330.00, 1, '信用卡', 4, 5, '威秀影城', '支出', NULL, '電影票'),
(11, '2026-05-06 07:45:00', 1, 50.00, 1, '現金', 1, 1, '全家', '支出', NULL, '熱拿鐵'),
(12, '2026-05-06 18:30:00', 6, 200.00, 1, '現金', 1, 6, '某診所', '支出', NULL, '感冒掛號費'),
(13, '2026-05-07 13:00:00', 7, 10000.00, 1, '匯款', 5, 7, '股市', '資產', NULL, '買入ETF'),
(14, '2026-05-08 09:00:00', 8, 1200.00, 1, '現金', 1, 1, '家樂福', '支出', NULL, '衛生紙等雜物'),
(15, '2026-05-08 22:00:00', 9, 15.00, 1, '系統', 3, 8, '國泰銀行', '收入', NULL, '活存利息'),
(16, '2026-05-09 11:00:00', 3, 1500.00, 1, '信用卡', 6, 9, '高鐵', '支出', NULL, '返鄉車票'),
(17, '2026-05-10 15:00:00', 10, 2000.00, 1, '現金', 1, 10, '百貨公司', '支出', NULL, '母親節禮物'),
(18, '2026-05-11 08:30:00', 1, 45.00, 1, '悠遊卡', 2, 1, '7-11', '支出', NULL, '三明治'),
(19, '2026-05-12 12:00:00', 1, 150.00, 1, 'Line Pay', 3, 1, '拉麵店', '支出', NULL, '午餐'),
(20, '2026-05-13 19:00:00', 11, 3200.00, 1, '信用卡', 4, 11, 'Udemy', '支出', NULL, '線上課程'),
(21, '2026-05-14 08:20:00', 3, 30.00, 1, '悠遊卡', 2, 1, '捷運局', '支出', NULL, '上班車資'),
(22, '2026-05-15 12:30:00', 1, 100.00, 1, '現金', 1, 1, '麵攤', '支出', NULL, '牛肉麵'),
(23, '2026-05-16 10:00:00', 4, 890.00, 1, '信用卡', 6, 1, 'Uniqlo', '支出', NULL, '買衣服'),
(24, '2026-05-17 14:00:00', 1, 500.00, 1, '現金', 1, 4, '下午茶店', '支出', NULL, '週末聚會'),
(25, '2026-05-18 21:00:00', 12, 1500.00, 1, '轉帳', 3, 1, '台電', '支出', NULL, '電費'),
(26, '2026-05-19 08:15:00', 1, 60.00, 1, '現金', 1, 1, '早餐店', '支出', NULL, '蛋餅大冰奶'),
(27, '2026-05-20 12:45:00', 1, 130.00, 1, '悠遊卡', 2, 1, '全家', '支出', NULL, '涼麵'),
(28, '2026-05-21 19:30:00', 4, 450.00, 1, '現金', 1, 1, '藥妝店', '支出', NULL, '洗面乳'),
(29, '2026-05-22 09:00:00', 13, 5000.00, 1, '匯款', 3, 2, '某某科技公司', '收入', NULL, '績效獎金'),
(30, '2026-05-23 16:00:00', 3, 120.00, 1, '現金', 1, 1, '計程車', '支出', NULL, '趕時間搭車'),
(31, '2026-05-24 11:00:00', 8, 300.00, 3, '現金', 1, 1, '十元商店', '支出', NULL, '收納盒'),
(32, '2026-05-25 08:30:00', 1, 55.00, 1, '現金', 1, 1, '早餐店', '支出', NULL, '飯糰'),
(33, '2026-05-26 12:15:00', 1, 140.00, 1, 'Line Pay', 3, 1, '燒肉丼', '支出', NULL, '午餐'),
(34, '2026-05-27 18:00:00', 14, 1200.00, 1, '信用卡', 4, 6, '健身房', '支出', NULL, '月費'),
(35, '2026-05-28 08:20:00', 3, 30.00, 1, '悠遊卡', 2, 1, '捷運局', '支出', NULL, '上班車資'),
(36, '2026-05-29 13:00:00', 1, 110.00, 1, '現金', 1, 1, '自助餐', '支出', NULL, '午餐'),
(37, '2026-05-30 15:30:00', 5, 600.00, 2, '現金', 1, 5, '桌遊店', '支出', NULL, '桌遊費用'),
(38, '2026-05-31 20:00:00', 15, 3000.00, 1, '自動扣款', 3, 12, '某人壽', '支出', NULL, '意外險'),
(39, '2026-06-01 08:00:00', 1, 70.00, 1, '現金', 1, 1, '早餐店', '支出', NULL, '漢堡'),
(40, '2026-06-01 12:30:00', 1, 95.00, 1, '悠遊卡', 2, 1, '7-11', '支出', NULL, '微波食品'),
(41, '2026-06-02 18:00:00', 16, 1000.00, 1, '現金', 1, 13, '陳志明', '負債', NULL, '還朋友錢'),
(42, '2026-06-03 09:00:00', 3, 600.00, 1, '信用卡', 4, 1, '中油', '支出', NULL, '加油'),
(43, '2026-06-04 12:00:00', 1, 150.00, 1, 'Line Pay', 3, 1, '泰式料理', '支出', NULL, '打拋豬飯'),
(44, '2026-06-05 21:00:00', 4, 12000.00, 1, '信用卡', 6, 3, 'Apple Store', '支出', 'reciept_apple.png', '買鍵盤'),
(45, '2026-06-06 10:00:00', 1, 400.00, 1, '現金', 1, 4, '早午餐店', '支出', NULL, '週末聚餐'),
(46, '2026-06-07 14:00:00', 17, 150.00, 1, '現金', 1, 1, '影印店', '支出', NULL, '印文件'),
(47, '2026-06-08 08:30:00', 3, 30.00, 1, '悠遊卡', 2, 1, '捷運局', '支出', NULL, '上班車資'),
(48, '2026-06-08 12:30:00', 1, 85.00, 1, '現金', 1, 1, '便當店', '支出', NULL, '雞排飯'),
(49, '2026-06-09 19:00:00', 5, 200.00, 1, '現金', 1, 5, '夾娃娃機', '支出', NULL, '純娛樂'),
(50, '2026-06-10 18:00:00', 2, 55000.00, 1, '匯款', 3, 2, '某某科技公司', '收入', NULL, '6月份薪資');

--
-- 已傾印資料表的索引
--

--
-- 資料表索引 `accounts`
--
ALTER TABLE `accounts`
  ADD PRIMARY KEY (`id`);

--
-- 資料表索引 `categories`
--
ALTER TABLE `categories`
  ADD PRIMARY KEY (`id`);

--
-- 資料表索引 `projects`
--
ALTER TABLE `projects`
  ADD PRIMARY KEY (`id`);

--
-- 資料表索引 `students`
--
ALTER TABLE `students`
  ADD PRIMARY KEY (`id`);

--
-- 資料表索引 `transactions`
--
ALTER TABLE `transactions`
  ADD PRIMARY KEY (`id`),
  ADD KEY `fk_trans_category` (`category_id`),
  ADD KEY `fk_trans_account` (`account_id`),
  ADD KEY `fk_trans_project` (`project_id`);

--
-- 在傾印的資料表使用自動遞增(AUTO_INCREMENT)
--

--
-- 使用資料表自動遞增(AUTO_INCREMENT) `accounts`
--
ALTER TABLE `accounts`
  MODIFY `id` int(10) UNSIGNED NOT NULL AUTO_INCREMENT, AUTO_INCREMENT=15;

--
-- 使用資料表自動遞增(AUTO_INCREMENT) `categories`
--
ALTER TABLE `categories`
  MODIFY `id` int(10) UNSIGNED NOT NULL AUTO_INCREMENT, AUTO_INCREMENT=18;

--
-- 使用資料表自動遞增(AUTO_INCREMENT) `projects`
--
ALTER TABLE `projects`
  MODIFY `id` int(10) UNSIGNED NOT NULL AUTO_INCREMENT, AUTO_INCREMENT=14;

--
-- 使用資料表自動遞增(AUTO_INCREMENT) `students`
--
ALTER TABLE `students`
  MODIFY `id` int(10) UNSIGNED NOT NULL AUTO_INCREMENT COMMENT '流水號';

--
-- 使用資料表自動遞增(AUTO_INCREMENT) `transactions`
--
ALTER TABLE `transactions`
  MODIFY `id` int(10) UNSIGNED NOT NULL AUTO_INCREMENT, AUTO_INCREMENT=51;

--
-- 已傾印資料表的限制式
--

--
-- 資料表的限制式 `transactions`
--
ALTER TABLE `transactions`
  ADD CONSTRAINT `fk_trans_account` FOREIGN KEY (`account_id`) REFERENCES `accounts` (`id`),
  ADD CONSTRAINT `fk_trans_category` FOREIGN KEY (`category_id`) REFERENCES `categories` (`id`),
  ADD CONSTRAINT `fk_trans_project` FOREIGN KEY (`project_id`) REFERENCES `projects` (`id`);
--
-- 資料庫： `admin`
--
CREATE DATABASE IF NOT EXISTS `admin` DEFAULT CHARACTER SET utf8mb4 COLLATE utf8mb4_general_ci;
USE `admin`;
--
-- 資料庫： `album`
--
CREATE DATABASE IF NOT EXISTS `album` DEFAULT CHARACTER SET utf8mb4 COLLATE utf8mb4_unicode_ci;
USE `album`;

-- --------------------------------------------------------

--
-- 資料表結構 `photos`
--

CREATE TABLE `photos` (
  `id` int(10) UNSIGNED NOT NULL,
  `url` text NOT NULL,
  `name` text NOT NULL,
  `type` text NOT NULL,
  `created_at` timestamp NOT NULL DEFAULT current_timestamp()
) ENGINE=InnoDB DEFAULT CHARSET=utf8mb4 COLLATE=utf8mb4_unicode_ci;

--
-- 傾印資料表的資料 `photos`
--

INSERT INTO `photos` (`id`, `url`, `name`, `type`, `created_at`) VALUES
(50, 'uploads/01.jpg', '01.jpg', 'image/jpeg', '2026-05-29 13:18:57'),
(51, 'uploads/1-1.jpg', '1-1.jpg', 'image/jpeg', '2026-05-29 13:18:57'),
(52, 'uploads/1-2-2.jpg', '1-2-2.jpg', 'image/jpeg', '2026-05-29 13:18:57'),
(53, 'uploads/1-3-2.jpg', '1-3-2.jpg', 'image/jpeg', '2026-05-29 13:18:57'),
(54, 'uploads/02.png', '02.png', 'image/png', '2026-05-29 13:18:57'),
(55, 'uploads/03.png', '03.png', 'image/png', '2026-05-29 13:18:57'),
(56, 'uploads/01.jpg', '01.jpg', 'image/jpeg', '2026-05-29 13:18:57'),
(57, 'uploads/03--.png', '03--.png', 'image/png', '2026-05-29 19:56:34');

--
-- 已傾印資料表的索引
--

--
-- 資料表索引 `photos`
--
ALTER TABLE `photos`
  ADD PRIMARY KEY (`id`);

--
-- 在傾印的資料表使用自動遞增(AUTO_INCREMENT)
--

--
-- 使用資料表自動遞增(AUTO_INCREMENT) `photos`
--
ALTER TABLE `photos`
  MODIFY `id` int(10) UNSIGNED NOT NULL AUTO_INCREMENT, AUTO_INCREMENT=58;
--
-- 資料庫： `db12`
--
CREATE DATABASE IF NOT EXISTS `db12` DEFAULT CHARACTER SET utf8mb4 COLLATE utf8mb4_unicode_ci;
USE `db12`;

-- --------------------------------------------------------

--
-- 資料表結構 `total`
--

CREATE TABLE `total` (
  `id` int(11) UNSIGNED NOT NULL,
  `data` date NOT NULL,
  `total` int(11) UNSIGNED NOT NULL
) ENGINE=InnoDB DEFAULT CHARSET=utf8mb4 COLLATE=utf8mb4_unicode_ci;

--
-- 已傾印資料表的索引
--

--
-- 資料表索引 `total`
--
ALTER TABLE `total`
  ADD PRIMARY KEY (`id`);
--
-- 資料庫： `lee`
--
CREATE DATABASE IF NOT EXISTS `lee` DEFAULT CHARACTER SET utf8mb4 COLLATE utf8mb4_unicode_ci;
USE `lee`;

-- --------------------------------------------------------

--
-- 資料表結構 `family`
--

CREATE TABLE `family` (
  `id` int(11) NOT NULL COMMENT '流水號',
  `new_member` varchar(50) DEFAULT NULL COMMENT '現在會員號',
  `name` varchar(50) NOT NULL COMMENT '姓名',
  `gender` varchar(10) DEFAULT NULL COMMENT '性別',
  `father` varchar(50) DEFAULT NULL COMMENT '父',
  `mother` varchar(50) DEFAULT NULL COMMENT '母',
  `adoptiveFather` varchar(50) DEFAULT NULL COMMENT '養父',
  `fosterMother` varchar(50) DEFAULT NULL COMMENT '養母',
  `spouse` varchar(50) DEFAULT NULL COMMENT '配偶',
  `brothers` text DEFAULT NULL COMMENT '手足-兄/弟',
  `sisters` text DEFAULT NULL COMMENT '手足-姊/妹',
  `FamilySituation` text DEFAULT NULL COMMENT '家庭情況說明',
  `son1` text DEFAULT NULL COMMENT '長子(複數/長文字)',
  `son2` text DEFAULT NULL COMMENT '次子(複數/長文字)',
  `son3` text DEFAULT NULL COMMENT '三子(複數/長文字)',
  `son4` text DEFAULT NULL COMMENT '四子(複數/長文字)',
  `son5` text DEFAULT NULL COMMENT '五子(複數/長文字)',
  `son6` text DEFAULT NULL COMMENT '六子(複數/長文字)',
  `son7` text DEFAULT NULL COMMENT '七子(複數/長文字)',
  `son8` text DEFAULT NULL COMMENT '八子(複數/長文字)',
  `son9` text DEFAULT NULL COMMENT '九子(複數/長文字)',
  `daughter1` text DEFAULT NULL COMMENT '長女(複數/長文字)',
  `daughter2` text DEFAULT NULL COMMENT '次女(複數/長文字)',
  `daughter3` text DEFAULT NULL COMMENT '三女(複數/長文字)',
  `daughter4` text DEFAULT NULL COMMENT '四女(複數/長文字)',
  `daughter5` text DEFAULT NULL COMMENT '五女(複數/長文字)',
  `daughter6` text DEFAULT NULL COMMENT '六女(複數/長文字)',
  `daughter7` text DEFAULT NULL COMMENT '七女(複數/長文字)',
  `daughter8` text DEFAULT NULL COMMENT '八女(複數/長文字)',
  `daughter9` text DEFAULT NULL COMMENT '九女(複數/長文字)',
  `remarks` text DEFAULT NULL COMMENT '備註'
) ENGINE=InnoDB DEFAULT CHARSET=utf8mb4 COLLATE=utf8mb4_unicode_ci;

--
-- 傾印資料表的資料 `family`
--

INSERT INTO `family` (`id`, `new_member`, `name`, `gender`, `father`, `mother`, `adoptiveFather`, `fosterMother`, `spouse`, `brothers`, `sisters`, `FamilySituation`, `son1`, `son2`, `son3`, `son4`, `son5`, `son6`, `son7`, `son8`, `son9`, `daughter1`, `daughter2`, `daughter3`, `daughter4`, `daughter5`, `daughter6`, `daughter7`, `daughter8`, `daughter9`, `remarks`) VALUES
(1, 'NEW101', '李明輝', '男', '李大同', '陳小華', NULL, NULL, '王美玲', '李明強', '李秀英', '育有一子一女', '李小明', NULL, NULL, NULL, NULL, NULL, NULL, NULL, NULL, '李美美', NULL, NULL, NULL, NULL, NULL, NULL, NULL, NULL, '常參與春季祭祖'),
(2, 'NEW102', '張美麗', '女', '張本立', '林春枝', NULL, NULL, '陳建宏', NULL, '張美華', '小家庭結構', NULL, NULL, NULL, NULL, NULL, NULL, NULL, NULL, NULL, '陳小妞', NULL, NULL, NULL, NULL, NULL, NULL, NULL, NULL, '電話有更新'),
(3, 'NEW103', '王大山', '男', '王成功', '謝秋月', '劉大木', '曾小草', NULL, '王二山', NULL, '收養關係，與父母同住', '王小山', NULL, NULL, NULL, NULL, NULL, NULL, NULL, NULL, NULL, NULL, NULL, NULL, NULL, NULL, NULL, NULL, NULL, '因收養加入'),
(4, 'NEW104', '陳志強', '男', '陳家豪', '林淑芬', NULL, NULL, '黃淑惠', '陳志明', '陳麗娟', '家庭和樂', '陳冠宇', NULL, NULL, NULL, NULL, NULL, NULL, NULL, NULL, '陳雅婷', NULL, NULL, NULL, NULL, NULL, NULL, NULL, NULL, '無'),
(5, 'NEW105', '林秋香', '女', '林木生', '張金鳳', NULL, NULL, '蔡明哲', NULL, '林秋月', '育有一子', '蔡小寶', NULL, NULL, NULL, NULL, NULL, NULL, NULL, NULL, NULL, NULL, NULL, NULL, NULL, NULL, NULL, NULL, NULL, '資深會員'),
(6, 'NEW106', '黃文雄', '男', '黃顯榮', '吳美珠', NULL, NULL, NULL, '黃文德', '黃文娟', '單身', NULL, NULL, NULL, NULL, NULL, NULL, NULL, NULL, NULL, NULL, NULL, NULL, NULL, NULL, NULL, NULL, NULL, NULL, '已遷居國外'),
(7, 'NEW107', '郭美玲', '女', '郭台生', '曾麗華', NULL, NULL, '張志明', '郭建宏', NULL, '育有一女', NULL, NULL, NULL, NULL, NULL, NULL, NULL, NULL, NULL, '張小珍', NULL, NULL, NULL, NULL, NULL, NULL, NULL, NULL, '無'),
(8, 'NEW108', '曾建國', '男', '曾福氣', '洪阿嬌', NULL, NULL, '邱秀琴', NULL, '曾美惠', '育有一子一女', '曾大宇', NULL, NULL, NULL, NULL, NULL, NULL, NULL, NULL, '曾小萱', NULL, NULL, NULL, NULL, NULL, NULL, NULL, NULL, '代表出席者'),
(9, 'NEW109', '賴淑珍', '女', '賴萬來', '林秀英', NULL, NULL, '許信宏', '賴建良', '賴淑美', '育有二子', '許大寶', '許小寶', NULL, NULL, NULL, NULL, NULL, NULL, NULL, NULL, NULL, NULL, NULL, NULL, NULL, NULL, NULL, NULL, '無'),
(10, 'NEW110', '蔡志明', '男', '蔡添財', '徐月娥', NULL, NULL, '連美雪', '蔡志清', '蔡佳玲', '三代同堂，四子二女', '蔡家豪', '蔡冠廷', '蔡冠志', '蔡冠傑', NULL, NULL, NULL, NULL, NULL, '蔡佩珊', '蔡佩君', NULL, NULL, NULL, NULL, NULL, NULL, NULL, '核心派下員'),
(11, 'NEW111', '葉秀英', '女', '葉大根', '陳秋霞', NULL, NULL, NULL, '葉秀雄', NULL, '單親家庭', NULL, NULL, NULL, NULL, NULL, NULL, NULL, NULL, NULL, '林美美', NULL, NULL, NULL, NULL, NULL, NULL, NULL, NULL, '需補件證明'),
(12, 'NEW112', '許建華', '男', '許水旺', '王滿', NULL, NULL, '謝麗華', '許建銘', '許秀琴', '育有一子二女', '許博宇', NULL, NULL, NULL, NULL, NULL, NULL, NULL, NULL, '許宇婷', '許宇萱', NULL, NULL, NULL, NULL, NULL, NULL, NULL, '無'),
(13, 'NEW113', '蘇家豪', '男', '蘇進財', '林寶珠', NULL, NULL, NULL, '蘇家慶', '蘇美蓮', '未婚', NULL, NULL, NULL, NULL, NULL, NULL, NULL, NULL, NULL, NULL, NULL, NULL, NULL, NULL, NULL, NULL, NULL, NULL, '無'),
(14, 'NEW114', '莊美麗', '女', '莊金生', '郭秀美', NULL, NULL, '曾文欽', NULL, '莊美玲', '家庭穩定', '曾小明', NULL, NULL, NULL, NULL, NULL, NULL, NULL, NULL, '曾小美', NULL, NULL, NULL, NULL, NULL, NULL, NULL, NULL, '聯絡人'),
(15, 'NEW115', '何文傑', '男', '何榮華', '謝玉蘭', NULL, NULL, '李美子', '何文欽', '何淑惠', '育有八子一女', '何大明', '何二男', '何三男', '何四男', '何五男', '何六男', '何七男', '何八男', NULL, '何女兒', NULL, NULL, NULL, NULL, NULL, NULL, NULL, NULL, '已聲明放棄'),
(16, 'NEW116', '謝佩芬', '女', '謝明輝', '吳麗華', NULL, NULL, '洪建忠', '謝世傑', '謝佩玲', '育有一女', NULL, NULL, NULL, NULL, NULL, NULL, NULL, NULL, NULL, '洪小芬', NULL, NULL, NULL, NULL, NULL, NULL, NULL, NULL, '無'),
(17, 'NEW117', '彭建智', '男', '彭阿民', '陳滿妹', NULL, NULL, '劉淑貞', '彭建強', NULL, '育有一子一女', '彭冠傑', NULL, NULL, NULL, NULL, NULL, NULL, NULL, NULL, '彭宇婷', NULL, NULL, NULL, NULL, NULL, NULL, NULL, NULL, '無'),
(18, 'NEW118', '呂淑惠', '女', '呂萬成', '張阿妹', NULL, NULL, '吳明達', '呂建忠', '呂淑玲', '家庭結構健全', '吳冠宇', NULL, NULL, NULL, NULL, NULL, NULL, NULL, NULL, '吳佩蓉', NULL, NULL, NULL, NULL, NULL, NULL, NULL, NULL, '無'),
(19, 'NEW119', '宋志遠', '男', '宋光明', '林玉春', NULL, NULL, '邱美慧', NULL, '宋志玲', '育有一女', NULL, NULL, NULL, NULL, NULL, NULL, NULL, NULL, NULL, '宋小美', NULL, NULL, NULL, NULL, NULL, NULL, NULL, NULL, '無'),
(20, 'NEW120', '張家銘', '男', '張文德', '劉美玲', NULL, NULL, NULL, '張家豪', '張家妤', '未婚與父母同住', NULL, NULL, NULL, NULL, NULL, NULL, NULL, NULL, NULL, NULL, NULL, NULL, NULL, NULL, NULL, NULL, NULL, NULL, '青年代表'),
(21, 'NEW121', '盧麗君', '女', '盧添丁', '黃秀珍', NULL, NULL, NULL, '盧建名', '盧麗華', '單親家庭', '陳大寶', NULL, NULL, NULL, NULL, NULL, NULL, NULL, NULL, NULL, NULL, NULL, NULL, NULL, NULL, NULL, NULL, NULL, '地址待確認'),
(22, 'NEW122', '戴志誠', '男', '戴榮貴', '何金英', NULL, NULL, '蕭淑美', '戴志強', '戴秀美', '育有一子一女', '戴冠宇', NULL, NULL, NULL, NULL, NULL, NULL, NULL, NULL, '戴雅如', NULL, NULL, NULL, NULL, NULL, NULL, NULL, NULL, '無'),
(23, 'NEW123', '汪秀蘭', '女', '汪水河', '林阿桃', NULL, NULL, '施明輝', NULL, '汪秀美', '子女皆已成年', '施家豪', NULL, NULL, NULL, NULL, NULL, NULL, NULL, NULL, '施佩君', NULL, NULL, NULL, NULL, NULL, NULL, NULL, NULL, '無'),
(24, 'NEW124', '江建勳', '男', '江滄海', '陳玉葉', NULL, NULL, '詹美珠', '江建德', '江麗君', '育有一子', '江小宇', NULL, NULL, NULL, NULL, NULL, NULL, NULL, NULL, NULL, NULL, NULL, NULL, NULL, NULL, NULL, NULL, NULL, '無'),
(25, 'NEW125', '薛美華', '女', '薛清風', '吳春花', NULL, NULL, NULL, NULL, '薛美玲', '未婚', NULL, NULL, NULL, NULL, NULL, NULL, NULL, NULL, NULL, NULL, NULL, NULL, NULL, NULL, NULL, NULL, NULL, NULL, '無'),
(26, 'NEW126', '余志明', '男', '余阿坤', '林秀鑾', NULL, NULL, '白麗雪', '余志強', '余志玲', '舉家外遷', '余大山', NULL, NULL, NULL, NULL, NULL, NULL, NULL, NULL, '余小莉', NULL, NULL, NULL, NULL, NULL, NULL, NULL, NULL, '無'),
(27, 'NEW127', '馬英傑', '男', '馬德明', '王麗華', NULL, NULL, '張美娟', '馬英才', NULL, '育有一女', NULL, NULL, NULL, NULL, NULL, NULL, NULL, NULL, NULL, '馬小婷', NULL, NULL, NULL, NULL, NULL, NULL, NULL, NULL, '無'),
(28, 'NEW128', '白淑芬', '女', '白進一', '許阿秀', NULL, NULL, '曾建華', '白志明', '白淑美', '小家庭結構', '曾宇軒', NULL, NULL, NULL, NULL, NULL, NULL, NULL, NULL, '曾宇婷', NULL, NULL, NULL, NULL, NULL, NULL, NULL, NULL, '無'),
(29, 'NEW129', '方大同', '男', '方有才', '林月里', NULL, NULL, '陳秀琴', '方大安', '方美玉', '三代同堂', '方冠中', NULL, NULL, NULL, NULL, NULL, NULL, NULL, NULL, '方信雅', NULL, NULL, NULL, NULL, NULL, NULL, NULL, NULL, '無'),
(30, 'NEW130', '鐘麗婷', '女', '鐘清吉', '郭美滿', '陳大山', '林阿蓮', NULL, '鐘志豪', '鐘麗娟', '養子女關係', NULL, NULL, NULL, NULL, NULL, NULL, NULL, NULL, NULL, NULL, NULL, NULL, NULL, NULL, NULL, NULL, NULL, NULL, '養子女繼承相關'),
(31, 'NEW131', '林志明', '男', '林有德', '陳淑娟', NULL, NULL, '林佳慧', '林志強', '林小妹', '育有三子一女', '林大維', '林二維', '林三維', NULL, NULL, NULL, NULL, NULL, NULL, '林淑婷', NULL, NULL, NULL, NULL, NULL, NULL, NULL, NULL, '近期更換手機號碼'),
(32, 'NEW132', '陳阿鑾', '女', '陳坤山', '陳林阿綢', NULL, NULL, NULL, NULL, '陳美秀', '派下權辦理中', NULL, NULL, NULL, NULL, NULL, NULL, NULL, NULL, NULL, NULL, NULL, NULL, NULL, NULL, NULL, NULL, NULL, NULL, '派下權由其次子辦理繼承中'),
(33, 'NEW133', '黃建宏', '男', '黃顯榮', '吳美珠', NULL, NULL, '黃麗秋', '黃建勳', '黃文娟', '大會重要幹部', '黃長男', '黃次男', NULL, NULL, NULL, NULL, NULL, NULL, NULL, NULL, NULL, NULL, NULL, NULL, NULL, NULL, NULL, NULL, '大會重要幹部'),
(34, 'NEW134', '吳美玲', '女', '吳世傑', '吳佩芬', NULL, NULL, NULL, NULL, '吳雅婷', '通知信件遭退', NULL, NULL, NULL, NULL, NULL, NULL, NULL, NULL, NULL, NULL, NULL, NULL, NULL, NULL, NULL, NULL, NULL, NULL, '通知信件查無此人'),
(35, 'NEW135', '曾國華', '男', '曾福氣', '洪阿嬌', NULL, NULL, '邱秀琴', '曾建良', '曾美惠', '典型家庭', '曾大宇', '曾二宇', NULL, NULL, NULL, NULL, NULL, NULL, NULL, NULL, NULL, NULL, NULL, NULL, NULL, NULL, NULL, NULL, '無'),
(36, 'NEW136', '朱金木', '男', '朱光明', '林玉春', NULL, NULL, NULL, NULL, '朱志玲', '無直系血親', NULL, NULL, NULL, NULL, NULL, NULL, NULL, NULL, NULL, NULL, NULL, NULL, NULL, NULL, NULL, NULL, NULL, NULL, '民國113年歿，無直系血親繼承'),
(37, 'NEW137', '劉淑芬', '女', '劉榮華', '謝玉蘭', NULL, NULL, NULL, NULL, '劉淑惠', '一般結構', NULL, NULL, NULL, NULL, NULL, NULL, NULL, NULL, NULL, NULL, NULL, NULL, NULL, NULL, NULL, NULL, NULL, NULL, '無'),
(38, 'NEW138', '鄭志豪', '男', '鄭朝貴', '林阿梅', NULL, NULL, '謝淑芬', '鄭志明', '鄭麗娟', '定期繳納會費', '鄭長男', '鄭次男', '鄭三男', NULL, NULL, NULL, NULL, NULL, NULL, NULL, NULL, NULL, NULL, NULL, NULL, NULL, NULL, NULL, '定期繳納宗親會費'),
(39, 'NEW139', '楊寶珠', '女', '楊進財', '林寶珠', NULL, NULL, NULL, NULL, '楊美蓮', '已除籍', NULL, NULL, NULL, NULL, NULL, NULL, NULL, NULL, NULL, NULL, NULL, NULL, NULL, NULL, NULL, NULL, NULL, NULL, '已除籍，證明文件備查'),
(40, 'NEW140', '謝水源', '男', '謝明輝', '吳麗華', NULL, NULL, NULL, '謝世傑', '謝佩玲', '無特殊備註', NULL, NULL, NULL, NULL, NULL, NULL, NULL, NULL, NULL, NULL, NULL, NULL, NULL, NULL, NULL, NULL, NULL, NULL, '無'),
(41, 'NEW141', '郭家豪', '男', '郭台生', '曾麗華', NULL, NULL, NULL, '郭建宏', '郭美玲', '出國工作', NULL, NULL, NULL, NULL, NULL, NULL, NULL, NULL, NULL, NULL, NULL, NULL, NULL, NULL, NULL, NULL, NULL, NULL, '出國工作，家屬代為聯絡'),
(42, 'NEW142', '徐佩君', '女', '徐水旺', '王滿', NULL, NULL, NULL, '徐建銘', '徐秀琴', '青年代表', NULL, NULL, NULL, NULL, NULL, NULL, NULL, NULL, NULL, '徐一女', '徐二女', NULL, NULL, NULL, NULL, NULL, NULL, NULL, '青年委員會代表'),
(43, 'NEW143', '周俊傑', '男', '周有才', '林月里', NULL, NULL, NULL, '周大安', '周美玉', '無', NULL, NULL, NULL, NULL, NULL, NULL, NULL, NULL, NULL, NULL, NULL, NULL, NULL, NULL, NULL, NULL, NULL, NULL, '無'),
(44, 'NEW144', '高火旺', '男', '高明遠', '林阿蓮', NULL, NULL, NULL, NULL, NULL, '壽終正寢', '高長男', '高次男', NULL, NULL, NULL, NULL, NULL, NULL, NULL, NULL, NULL, NULL, NULL, NULL, NULL, NULL, NULL, NULL, '民國111年壽終正寢'),
(45, 'NEW145', '蔡雅婷', '女', '蔡添財', '徐月娥', NULL, NULL, NULL, '蔡志清', '蔡佳玲', '地址變更', NULL, NULL, NULL, NULL, NULL, NULL, NULL, NULL, NULL, NULL, NULL, NULL, NULL, NULL, NULL, NULL, NULL, NULL, '通訊地址有變更'),
(46, 'NEW146', '梁文德', '男', '梁榮華', '謝玉蘭', NULL, NULL, NULL, '梁文欽', '梁淑惠', '無', NULL, NULL, NULL, NULL, NULL, NULL, NULL, NULL, NULL, NULL, NULL, NULL, NULL, NULL, NULL, NULL, NULL, NULL, '無'),
(47, 'NEW147', '蘇美華', '女', '蘇進財', '林寶珠', NULL, NULL, NULL, '蘇家慶', '蘇美蓮', '失聯會員', NULL, NULL, NULL, NULL, NULL, NULL, NULL, NULL, NULL, NULL, NULL, NULL, NULL, NULL, NULL, NULL, NULL, NULL, '失聯會員，正由鄰里長協助尋找'),
(48, 'NEW148', '丁志強', '男', '丁福氣', '洪阿嬌', NULL, NULL, NULL, '丁建良', '丁淑珍', '無', NULL, NULL, NULL, NULL, NULL, NULL, NULL, NULL, NULL, NULL, NULL, NULL, NULL, NULL, NULL, NULL, NULL, NULL, '無'),
(49, 'NEW149', '沈春枝', '女', '沈金生', '郭秀美', NULL, NULL, NULL, NULL, '沈美玲', '資深會員', NULL, NULL, NULL, NULL, NULL, NULL, NULL, NULL, NULL, NULL, NULL, NULL, NULL, NULL, NULL, NULL, NULL, NULL, '已故資深會員'),
(50, 'NEW150', '魏家明', '男', '魏水旺', '王滿', NULL, NULL, NULL, '魏建銘', '魏秀琴', '無', NULL, NULL, NULL, NULL, NULL, NULL, NULL, NULL, NULL, NULL, NULL, NULL, NULL, NULL, NULL, NULL, NULL, NULL, '無'),
(51, 'NEW151', '江雅如', '女', '江滄海', '陳玉葉', NULL, NULL, NULL, '江建德', '江麗君', '無', NULL, NULL, NULL, NULL, NULL, NULL, NULL, NULL, NULL, NULL, NULL, NULL, NULL, NULL, NULL, NULL, NULL, NULL, '無'),
(52, 'NEW152', '潘天送', '男', '潘阿民', '陳滿妹', NULL, NULL, NULL, '潘建強', NULL, '代書辦理中', NULL, NULL, NULL, NULL, NULL, NULL, NULL, NULL, NULL, NULL, NULL, NULL, NULL, NULL, NULL, NULL, NULL, NULL, '已由代書辦理繼承登錄'),
(53, 'NEW153', '蕭建宏', '男', '蕭福氣', '蕭洪阿嬌', NULL, NULL, NULL, '蕭建良', '蕭美惠', '查無此人', NULL, NULL, NULL, NULL, NULL, NULL, NULL, NULL, NULL, NULL, NULL, NULL, NULL, NULL, NULL, NULL, NULL, NULL, '戶籍地查無此人'),
(54, 'NEW154', '田秀英', '女', '田世勳', '田曾金蓮', NULL, NULL, NULL, NULL, '田麗華', '無', NULL, NULL, NULL, NULL, NULL, NULL, NULL, NULL, NULL, NULL, NULL, NULL, NULL, NULL, NULL, NULL, NULL, NULL, '無'),
(55, 'NEW155', '趙志遠', '男', '趙萬全', '趙郭阿妹', NULL, NULL, NULL, '趙志明', '趙淑玲', '無', NULL, NULL, NULL, NULL, NULL, NULL, NULL, NULL, NULL, NULL, NULL, NULL, NULL, NULL, NULL, NULL, NULL, NULL, '無'),
(56, 'NEW156', '金阿土', '男', '金阿坤', '金林秀鑾', NULL, NULL, NULL, '金志強', '金志玲', '已過世', NULL, NULL, NULL, NULL, NULL, NULL, NULL, NULL, NULL, NULL, NULL, NULL, NULL, NULL, NULL, NULL, NULL, NULL, '民國110年過世'),
(57, 'NEW157', '彭美玲', '女', '彭德明', '彭王麗華', NULL, NULL, NULL, '彭英才', NULL, '無', NULL, NULL, NULL, NULL, NULL, NULL, NULL, NULL, NULL, NULL, NULL, NULL, NULL, NULL, NULL, NULL, NULL, NULL, '無'),
(58, 'NEW158', '石冠宇', '男', '石家豪', '黃淑芬', NULL, NULL, NULL, '石志強', '石麗娟', '無', NULL, NULL, NULL, NULL, NULL, NULL, NULL, NULL, NULL, NULL, NULL, NULL, NULL, NULL, NULL, NULL, NULL, NULL, '無'),
(59, 'NEW159', '姚淑惠', '女', '姚阿坤', '林秀鑾', NULL, NULL, NULL, NULL, '姚志玲', '更動未報', NULL, NULL, NULL, NULL, NULL, NULL, NULL, NULL, NULL, NULL, NULL, NULL, NULL, NULL, NULL, NULL, NULL, NULL, '通訊處更動未申報'),
(60, 'NEW160', '連大同', '男', '連有才', '林月里', NULL, NULL, NULL, '連大安', '連美玉', '委託出席', NULL, NULL, NULL, NULL, NULL, NULL, NULL, NULL, NULL, NULL, NULL, NULL, NULL, NULL, NULL, NULL, NULL, NULL, '每年固定委託代表出席');

-- --------------------------------------------------------

--
-- 資料表結構 `members`
--

CREATE TABLE `members` (
  `id` int(11) NOT NULL COMMENT '流水號',
  `old_member` varchar(50) DEFAULT NULL COMMENT '前會員號',
  `new_member` varchar(50) DEFAULT NULL COMMENT '現在會員號',
  `name` varchar(50) NOT NULL COMMENT '姓名',
  `gender` varchar(10) DEFAULT NULL COMMENT '性別',
  `birthday` date DEFAULT NULL COMMENT '生日',
  `placeOfBirth` varchar(100) DEFAULT NULL COMMENT '出生地',
  `address` varchar(255) DEFAULT NULL COMMENT '地址',
  `SendSubordinates` text DEFAULT NULL COMMENT '派下員狀態說明',
  `living_status` enum('存','亡','未知') NOT NULL DEFAULT '未知' COMMENT '生存狀態(存/亡/未知)',
  `remarks` text DEFAULT NULL COMMENT '備註'
) ENGINE=InnoDB DEFAULT CHARSET=utf8mb4 COLLATE=utf8mb4_unicode_ci;

--
-- 傾印資料表的資料 `members`
--

INSERT INTO `members` (`id`, `old_member`, `new_member`, `name`, `gender`, `birthday`, `placeOfBirth`, `address`, `SendSubordinates`, `living_status`, `remarks`) VALUES
(1, 'OLD001', 'NEW101', '李明輝', '男', '1975-03-12', '台北市萬華區', '台北市中正區重慶南路一段10號', '正常派下員', '存', '常參與春季祭祖'),
(2, 'OLD002', 'NEW102', '張美麗', '女', '1932-08-25', '新北市', '新北市板橋區文化路二段50號', '權利停權中', '亡', '民國112年除籍，家屬已辦理過戶'),
(3, 'OLD003', 'NEW103', '王大山', '男', '1960-11-30', '台中市', '台中市西屯區台灣大道三段99號', '正常派下員', '未知', '目前失聯中，書面信件遭退件'),
(4, 'OLD004', 'NEW104', '陳志強', '男', '1968-05-14', '高雄市', '高雄市苓雅區四維三路2號', '正常派下員', '存', '現任地方宗親會理事'),
(5, 'OLD005', 'NEW105', '林秋香', '女', '1979-09-08', '台南市', '台南市安平區安平路100號', '正常派下員', '存', '聯絡電話有更新'),
(6, 'OLD006', 'NEW106', '黃文雄', '男', '1925-01-22', '桃園市', '桃園市桃園區中正路300號', '喪失權利', '亡', '派下權已由長子繼承'),
(7, 'OLD007', 'NEW107', '郭美玲', '女', '1983-04-17', '新竹市', '新竹市東區光復路二段101號', '正常派下員', '未知', '出境國外未歸，狀態待確認'),
(8, 'OLD008', 'NEW108', '曾建國', '男', '1972-12-05', '彰化縣', '彰化縣彰化市中山路二段500號', '正常派下員', '存', '每年固定出席大會'),
(9, 'OLD009', 'NEW109', '賴淑珍', '女', '1988-07-11', '屏東縣', '屏東縣屏東市自由路80號', '正常派下員', '存', '無'),
(10, 'OLD010', 'NEW110', '蔡志明', '男', '1935-10-02', '嘉義市', '嘉義市西區中山路200號', '正常派下員', '亡', '除籍資料已備查'),
(11, 'OLD011', 'NEW111', '葉秀英', '女', '1981-02-19', '基隆市', '基隆市仁愛區仁一路15號', '保留權利', '存', '需補件親屬關係證明'),
(12, 'OLD012', 'NEW112', '許建華', '男', '1978-06-26', '南投縣', '南投縣南投市中興路60號', '正常派下員', '存', '無'),
(13, 'OLD013', 'NEW113', '蘇家豪', '男', '1991-09-15', '雲林縣', '雲林縣斗六市大學路三段1號', '正常派下員', '未知', '戶籍有變動，尚在查證中'),
(14, 'OLD014', 'NEW114', '莊美麗', '女', '1984-11-04', '苗栗縣', '苗栗縣苗栗市府前路1號', '正常派下員', '存', '主要通訊聯絡人'),
(15, 'OLD015', 'NEW115', '何文傑', '男', '1943-08-18', '宜蘭縣', '宜蘭縣宜蘭市神農路一段1號', '喪失權利', '亡', '生前已聲明拋棄衍生權利'),
(16, 'OLD016', 'NEW116', '謝佩芬', '女', '1989-05-29', '花蓮縣', '花蓮縣花蓮市府前路10號', '正常派下員', '存', '無'),
(17, 'OLD017', 'NEW117', '彭建智', '男', '1980-04-13', '新竹縣', '新竹縣竹北市光明六路10號', '正常派下員', '存', '無'),
(18, 'OLD018', 'NEW118', '呂淑惠', '女', '1951-12-21', '桃園市', '桃園市中壢區延平路200號', '正常派下員', '亡', '民國114年歿'),
(19, 'OLD019', 'NEW119', '宋志遠', '男', '1987-02-07', '苗栗縣', '苗栗縣頭份市中央路50號', '正常派下員', '存', '無'),
(20, 'OLD020', 'NEW120', '張家銘', '男', '1995-10-24', '台北市', '台北市大安區信義路四段100號', '正常派下員', '存', '青年代表成員'),
(21, 'OLD021', 'NEW121', '盧麗君', '女', '1983-06-03', '新北市', '新北市三重區重新路三段1號', '保留權利', '未知', '目前地址查無此人'),
(22, 'OLD022', 'NEW122', '戴志誠', '男', '1970-07-19', '台中市', '台中市豐原區中正路100號', '正常派下員', '存', '無'),
(23, 'OLD023', 'NEW123', '汪秀蘭', '女', '1927-01-15', '南投縣', '南投縣草屯鎮中正路500號', '正常派下員', '亡', '已故資深會員'),
(24, 'OLD024', 'NEW124', '江建勳', '男', '1986-09-02', '彰化縣', '彰化縣鹿港鎮中山路150號', '正常派下員', '存', '無'),
(25, 'OLD025', 'NEW125', '薛美華', '女', '1992-03-14', '雲林縣', '雲林縣北港鎮中山路80號', '正常派下員', '存', '無'),
(26, 'OLD026', 'NEW126', '余志明', '男', '1944-11-08', '嘉義縣', '嘉義縣太保市太保一路1號', '喪失權利', '亡', '後代已移居海外未辦繼承'),
(27, 'OLD027', 'NEW127', '馬英傑', '男', '1988-04-23', '高雄市', '高雄市鳳山區光遠路50號', '正常派下員', '存', '無'),
(28, 'OLD028', 'NEW128', '白淑芬', '女', '1981-08-31', '屏東縣', '屏東縣潮州鎮延平路10號', '正常派下員', '存', '無'),
(29, 'OLD029', 'NEW129', '方大同', '男', '1963-05-12', '台東縣', '台東縣台東市中山路100號', '正常派下員', '未知', '失蹤多年，待法院宣告'),
(30, 'OLD030', 'NEW130', '鐘麗婷', '女', '1994-12-01', '澎湖縣', '澎湖縣馬公市中正路20號', '正常派下員', '存', '青年代表成員'),
(31, 'OLD031', 'NEW131', '林志明', '男', '1982-10-14', '台中市', '台中市北區進化北路200號', '正常派下員', '存', '近期更換手機號碼'),
(32, 'OLD032', 'NEW132', '陳阿鑾', '女', '1929-04-05', '彰化縣', '彰化縣鹿港鎮成功路35號', '正常派下員', '亡', '派下權由其次子辦理繼承中'),
(33, 'OLD033', 'NEW133', '黃建宏', '男', '1977-12-25', '台北市', '台北市信義區松仁路88號', '正常派下員', '存', '大會重要幹部'),
(34, 'OLD034', 'NEW134', '吳美玲', '女', '1965-07-19', '新北市', '新北市淡水區中正路12-1號', '保留權利', '未知', '通知信件查無此人'),
(35, 'OLD035', 'NEW135', '曾國華', '男', '1985-02-02', '高雄市', '高雄市三民區九如一路50號', '正常派下員', '存', '無'),
(36, 'OLD036', 'NEW136', '朱金木', '男', '1938-09-11', '桃園市', '桃園市八德區介壽路二段120號', '喪失權利', '亡', '民國113年歿，無直系血親繼承'),
(37, 'OLD037', 'NEW137', '劉淑芬', '女', '1990-06-30', '新竹縣', '新竹縣竹東鎮長春路三段90號', '正常派下員', '存', '無'),
(38, 'OLD038', 'NEW138', '鄭志豪', '男', '1973-11-08', '台南市', '台南市中西區府前路二段300號', '正常派下員', '存', '定期繳納宗親會費'),
(39, 'OLD039', 'NEW139', '楊寶珠', '女', '1941-03-22', '基隆市', '基隆市中正區正濱路45號', '正常派下員', '亡', '已除籍，證明文件備查'),
(40, 'OLD040', 'NEW140', '謝水源', '男', '1969-05-17', '南投縣', '南投縣埔里鎮中山路二段100號', '正常派下員', '存', '無'),
(41, 'OLD041', 'NEW141', '郭家豪', '男', '1988-08-08', '宜蘭縣', '宜蘭縣羅東鎮純精路一段50號', '保留權利', '未知', '出國工作，家屬代為聯絡'),
(42, 'OLD042', 'NEW142', '徐佩君', '女', '1983-01-12', '苗栗縣', '苗栗縣竹南鎮博愛街15號', '正常派下員', '存', '青年委員會代表'),
(43, 'OLD043', 'NEW143', '周俊傑', '男', '1976-04-26', '雲林縣', '雲林縣西螺鎮延平路60號', '正常派下員', '存', '無'),
(44, 'OLD044', 'NEW144', '高火旺', '男', '1931-12-03', '嘉義縣', '嘉義縣民雄鄉建國路二段10號', '正常派下員', '亡', '民國111年壽終正寢'),
(45, 'OLD045', 'NEW145', '蔡雅婷', '女', '1992-09-14', '屏東縣', '屏東縣恆春鎮中山路200號', '正常派下員', '存', '通訊地址有變更'),
(46, 'OLD046', 'NEW146', '梁文德', '男', '1962-02-28', '花蓮縣', '花蓮縣吉安鄉中央路三段50號', '正常派下員', '存', '無'),
(47, 'OLD047', 'NEW147', '蘇美華', '女', '1971-10-05', '台東縣', '台東縣卑南鄉更生北路80號', '正常派下員', '未知', '失聯會員，正由鄰里長協助尋找'),
(48, 'OLD048', 'NEW148', '丁志強', '男', '1980-07-22', '彰化縣', '彰化縣員林市大同路二段150號', '正常派下員', '存', '無'),
(49, 'OLD049', 'NEW149', '沈春枝', '女', '1936-05-30', '南投縣', '南投縣竹山鎮大明路50號', '正常派下員', '亡', '已故資深會員'),
(50, 'OLD050', 'NEW150', '魏家明', '男', '1987-11-11', '新竹市', '新竹市北區東大路二段300號', '正常派下員', '存', '無'),
(51, 'OLD051', 'NEW151', '江雅如', '女', '1995-03-03', '台北市', '台北市松山區民生東路五段10號', '正常派下員', '存', '無'),
(52, 'OLD052', 'NEW152', '潘天送', '男', '1928-08-18', '高雄市', '高雄市鳳山區五甲二路100號', '喪失權利', '亡', '已由代書辦理繼承登錄'),
(53, 'OLD053', 'NEW153', '蕭建宏', '男', '1979-06-14', '桃園市', '桃園市平鎮區延平路二段40號', '保留權利', '未知', '戶籍地查無此人'),
(54, 'OLD054', 'NEW154', '田秀英', '女', '1966-12-21', '苗栗縣', '苗栗縣後龍鎮成功路88號', '正常派下員', '存', '無'),
(55, 'OLD055', 'NEW155', '趙志遠', '男', '1984-01-29', '新北市', '新北市板橋區文化路一段200號', '正常派下員', '存', '無'),
(56, 'OLD056', 'NEW156', '金阿土', '男', '1933-10-02', '嘉義市', '嘉義市東區垂楊路50號', '正常派下員', '亡', '民國110年過世'),
(57, 'OLD057', 'NEW157', '彭美玲', '女', '1991-05-12', '新竹縣', '新竹縣竹北市縣政九路10號', '正常派下員', '存', '無'),
(58, 'OLD058', 'NEW158', '石冠宇', '男', '1978-04-03', '雲林縣', '雲林縣虎尾鎮林森路二段15號', '正常派下員', '存', '無'),
(59, 'OLD059', 'NEW159', '姚淑惠', '女', '1982-09-24', '基隆市', '基隆市信義區信一路120號', '正常派下員', '未知', '通訊處更動未申報'),
(60, 'OLD060', 'NEW160', '連大同', '男', '1960-03-31', '澎湖縣', '澎湖縣馬公市新生路80號', '正常派下員', '存', '每年固定委託代表出席');

-- --------------------------------------------------------

--
-- 替換檢視表以便查看 `member_family_view`
-- (請參考以下實際畫面)
--
CREATE TABLE `member_family_view` (
`member_id` int(11)
,`new_member` varchar(50)
,`name` varchar(50)
,`gender` varchar(10)
,`birthday` date
,`placeOfBirth` varchar(100)
,`address` varchar(255)
,`living_status` enum('存','亡','未知')
,`father` varchar(50)
,`mother` varchar(50)
,`adoptiveFather` varchar(50)
,`fosterMother` varchar(50)
,`spouse` varchar(50)
,`brothers` text
,`sisters` text
,`FamilySituation` text
,`son1` text
,`son2` text
,`son3` text
,`son4` text
,`son5` text
,`son6` text
,`son7` text
,`son8` text
,`son9` text
,`daughter1` text
,`daughter2` text
,`daughter3` text
,`daughter4` text
,`daughter5` text
,`daughter6` text
,`daughter7` text
,`daughter8` text
,`daughter9` text
,`member_remarks` text
,`family_remarks` text
);

-- --------------------------------------------------------

--
-- 資料表結構 `village-chief`
--

CREATE TABLE `village-chief` (
  `id` int(11) NOT NULL COMMENT '編號',
  `city` varchar(50) NOT NULL COMMENT '縣市',
  `district` varchar(50) NOT NULL COMMENT '區別',
  `village` varchar(50) NOT NULL COMMENT '里別',
  `chief_name` varchar(50) NOT NULL COMMENT '里長姓名',
  `office_address` varchar(255) NOT NULL COMMENT '里辦公處地址',
  `office_phone` varchar(20) DEFAULT NULL COMMENT '里辦公室電話',
  `chief_mobile` varchar(20) DEFAULT NULL COMMENT '里長手機'
) ENGINE=InnoDB DEFAULT CHARSET=utf8mb4 COLLATE=utf8mb4_unicode_ci;

--
-- 傾印資料表的資料 `village-chief`
--

INSERT INTO `village-chief` (`id`, `city`, `district`, `village`, `chief_name`, `office_address`, `office_phone`, `chief_mobile`) VALUES
(1, '台中市', '大甲區', '朝陽里', '林立偉', '臺中市大甲區朝陽里１３鄰新政路２之８號', '04-26860369', NULL),
(2, '台中市', '大甲區', '大甲里', '黃勝裕', '臺中市大甲區大甲里１５鄰順天路１３２號', '04-26881034', NULL),
(3, '台中市', '大甲區', '順天里', '陳威宇', '臺中市大甲區順天里１８鄰光明路２０４號', '04-26872881', NULL),
(4, '台中市', '大甲區', '孔門里', '吳柏坤', '臺中市大甲區孔門里６鄰文武路１５２號', '04-26879410', NULL),
(5, '台中市', '大甲區', '平安里', '周寶惜', '臺中市大甲區平安里８鄰三民路１４５號', '04-26870470', NULL),
(6, '台中市', '大甲區', '庄美里', '魏李嫌', '臺中市大甲區庄美里９鄰經國路３７５巷36號', '04-26881882', NULL),
(7, '台中市', '大甲區', '新美里', '王生源', '臺中市大甲區新美里１４鄰光明路２８１巷２６號', '04-26882758', NULL),
(8, '台中市', '大甲區', '岷山里', '林清良', '臺中市大甲區岷山里１１鄰中山路一段９０８巷１０之６１號', '04-26882243', NULL),
(9, '台中市', '大甲區', '中山里', '廖嘉佐', '臺中市大甲區中山里４鄰甲后路5段391號', '04-26765578', NULL),
(10, '台中市', '大甲區', '南陽里', '黃火塗', '臺中市大甲區南陽里９鄰水源路２５號', '04-26870303', NULL),
(11, '台中市', '大甲區', '薰風里', '王秋芬', '臺中市大甲區薰風里９鄰中山路一段８２３巷２３號', '04-26870316', NULL),
(12, '台中市', '大甲區', '義和里', '洪黃素貞', '臺中市大甲區義和里１５鄰重義三路１３巷５６號', '04-26881088', NULL),
(13, '台中市', '大甲區', '武陵里', '方如玉', '臺中市大甲區武陵里９鄰文曲路１１０巷５號', '04-26715088', NULL),
(14, '台中市', '大甲區', '文曲里', '林寶彩', '臺中市大甲區文曲里２鄰東安路５０１巷１４號', '04-26711375', NULL),
(15, '台中市', '大甲區', '武曲里', '蘇月鳳', '臺中市大甲區武曲里１０鄰大安港路１８８號', '04-26875071', NULL),
(16, '台中市', '大甲區', '文武里', '葉淑惠', '臺中市大甲區文武里１４鄰德興路５２號', '04-26873110', NULL),
(17, '台中市', '大甲區', '奉化里', '白見發', '臺中市大甲區奉化里５鄰賢仁路５９號', '04-26879599', NULL),
(18, '台中市', '大甲區', '德化里', '李柄杉', '臺中市大甲區德化里８鄰南北四路１８０巷１５號', '04-26805820', NULL),
(19, '台中市', '大甲區', '江南里', '李文登', '臺中市大甲區江南里７鄰東西五路一段2號', '04-26868037', NULL),
(20, '台中市', '大甲區', '頂店里', '黃安鎮', '臺中市大甲區頂店里２１鄰雁門路３３0號', '04-26875918', NULL),
(21, '台中市', '大甲區', '太白里', '游招滿', '臺中市大甲區太白里５鄰通天路７１號之２', '04-26820229', NULL),
(22, '台中市', '大甲區', '孟春里', '黃湘榕', '臺中市大甲區孟春里１鄰中山路２段５６號', '04-26816090', NULL),
(23, '台中市', '大甲區', '幸福里', '林晨彬', '臺中市大甲區幸福里４鄰長安路３７號', '04-26812673', NULL),
(24, '台中市', '大甲區', '日南里', '邱大豪', '臺中市大甲區日南里１５鄰中山路二段９４０之１６號', '04-26816286', NULL),
(25, '台中市', '大甲區', '龍泉里', '陳廷旺', '臺中市大甲區龍泉里６鄰順帆一街１８５號', '04-26813675', NULL),
(26, '台中市', '大甲區', '西岐里', '羅永宗', '臺中市大甲區西岐里７鄰順帆路110號', '04-26818147', NULL),
(27, '台中市', '大甲區', '銅安里', '林玉生', '臺中市大甲區銅安里７鄰長壽路56-6號', '04-26811478', NULL),
(28, '台中市', '大甲區', '福德里', '莊金波', '臺中市大甲區福德里５鄰順帆路２０６號', '04-26815842', NULL),
(29, '台中市', '大甲區', '建興里', '蔡明河', '臺中市大甲區建興里３鄰臨江路９１巷１２號', '04-26811422', NULL),
(30, '台北市', '松山區', '莊敬里', '周政諭', '105075臺北市松山區撫遠街394-1號', '02-2760-6793', '0920309000'),
(31, '台北市', '松山區', '東榮里', '鄭玉梅', '105010臺北市松山區民生東路五段69巷3號', '02-2767-6931', '0933902948'),
(32, '台北市', '松山區', '三民里', '謝翠鈴', '105013臺北市松山區民生東路五段163-1號8樓', '02-2767-1370', '0910380103'),
(33, '台北市', '松山區', '新益里', '王敏茹', '105073臺北市松山區民權東路五段102號對面(新益臨時里民活動場所）', '02-87877641', '0928261503'),
(34, '台北市', '松山區', '富錦里', '李煥中', '105070臺北市松山區富錦街515號1樓', '02-2763-8234', '0912546233'),
(35, '台北市', '松山區', '新東里', '華國雄', '105067臺北市松山區延壽街3號1樓', '02-2766-4552', '0928881898'),
(36, '台北市', '松山區', '富泰里', '吳學毅', '105064臺北市松山區新東街1巷15號', '02-2748-0836', '0910270087'),
(37, '台北市', '松山區', '介壽里', '蔡錦文', '105015臺北市松山區介壽里民生東路五段36巷4弄6號1樓', '02-2760-8616', '0921120401'),
(38, '台北市', '松山區', '精忠里', '賴美旭', '105412臺北市松山區民生東路四段133號', '02-2712-6798', '0935934403'),
(39, '台北市', '松山區', '東光里', '許秀雲', '105032臺北市松山區南京東路五段123巷41號', '02-2762-5716', '0933727761'),
(40, '台北市', '松山區', '龍田里', '黃淑芬', '105026臺北市松山區光復北路230巷21號地下一層', '02-2547-4135', '0933764244'),
(41, '台北市', '松山區', '東昌里', '陳志明', '105016臺北市松山區民生東路四段112巷7弄24號', '02-27154357', '0932321795'),
(42, '台北市', '松山區', '東勢里', '王叔珍', '臺北市松山區南京東路四段133巷8弄4號', '02-27170369', '0937545333'),
(43, '台北市', '松山區', '中華里', '游吉興', '臺北市松山區敦化北路145巷23弄1號', '27195969', '0910837937'),
(44, '台北市', '松山區', '民有里', '林國瑞', '105004臺北市松山區民權東路三段140巷15號4樓', '27128037', '0931380505'),
(45, '台北市', '松山區', '民福里', '李麗容', '臺北市松山區民權東路三段103巷5弄5號', '02-27160109', '0936-344488'),
(46, '台北市', '松山區', '松基里', '黃建賓', '105021臺北市松山區長春路339巷2號', '02-2716-0515', '0968393627'),
(47, '台北市', '松山區', '慈祐里', '李祖民', '105057臺北市松山區市民大道六段9號', '02-27657700', '0937838889'),
(48, '台北市', '松山區', '安平里', '洪温滿', '臺北市松山區南京東路5段291巷44弄23-1號5樓', '02-2766-0988', '0910236723'),
(49, '台北市', '松山區', '鵬程里', '許顏建', '105068臺北市松山區健康路401號', '27562668', '0933918609'),
(50, '台北市', '松山區', '自強里', '李台華', '105028臺北市松山區延壽街330巷17弄2號1樓', '02-2528-3924', '0910282299'),
(51, '台北市', '松山區', '吉祥里', '陳永昌', '105052臺北市松山區八德路4段245巷52弄5號', '02-2762-7830', '0933727821'),
(52, '台北市', '松山區', '新聚里', '郭秀鳳', '105055臺北市松山區南京東路五段250巷9之7號', '27685997', '0972212997'),
(53, '台北市', '松山區', '復盛里', '張晉維', '105051臺北市松山區市民大道五段99之3號', '02-2528-6727', '0919322079'),
(54, '台北市', '松山區', '中正里', '洪樸陽', '105040臺北市松山區長安東路二段229號12樓', '02-27717533', '0937031518'),
(55, '台北市', '松山區', '中崙里', '張陳碧雲', '臺北市松山區八德路二段410巷16弄6號', '02-27518291', '0933727832'),
(56, '台北市', '松山區', '美仁里', '林志創', '105037臺北市松山區八德路三段99巷10號1樓', '02-2577-9609', '0933925258'),
(57, '台北市', '松山區', '吉仁里', '李全長', '105046臺北市松山區八德路三段76號3樓之3', '02-2578-3233', '0977252805'),
(58, '台北市', '松山區', '敦化里', '蘇榮文', '105044臺北市松山區八德路三段12巷51弄30號1樓', '02-25798196', '0930793998'),
(59, '台北市', '松山區', '復源里', '温福義', '臺北市松山區八德路3段158巷12號', '02-25787766', '0932158311'),
(60, '台北市', '松山區', '復建里', '林坤信', '105048臺北市松山區光復南路66巷34號', '02-2577-3067', '0916527940'),
(61, '台北市', '松山區', '復勢里', '徐麗雲', '105035臺北市松山區光復北路120巷16號', '02-2578-5507', '0910183724'),
(62, '台北市', '松山區', '福成里', '葉佐良', '臺北市松山區敦化南路1段100巷5弄4號', '02-27312851', '0958788130'),
(63, '台北市', '信義區', '西村里', '鄭伊恬(代理)', '110052臺北市信義區區基隆路1段364巷22號', '02-2758-6396', '0975-171-571'),
(64, '台北市', '信義區', '正和里', '董玲娥', '110051臺北市信義區區仁愛路4段452巷3號', '2758-2836', '0939-415-358'),
(65, '台北市', '信義區', '興隆里', '吉娃斯‧吉果', '110052臺北市信義區區基隆路1段350之11號', '02-27583255', '0910364392'),
(66, '台北市', '信義區', '中興里', '趙惠美', '110007臺北市信義區區嘉興街58號', '02-2758-6300', '0936-055-159'),
(67, '台北市', '信義區', '新仁里', '吳建德', '110055臺北市信義區區忠孝東路4段553巷22弄21號', '02-2764-8030', '0987-296-720'),
(68, '台北市', '信義區', '興雅里', '林素琴', '110058臺北市信義區區松隆路26號', '02-2768-8328', '0910-168-085'),
(69, '台北市', '信義區', '敦厚里', '方聰杰', '110067臺北市信義區區永吉路30巷102弄14號', '02-2761-3983', '0910-002-203'),
(70, '台北市', '信義區', '廣居里', '楊玉堂', '110061臺北市信義區區忠孝東路5段372巷27弄75之1號', '02-2345-2011', '0933-705-902'),
(71, '台北市', '信義區', '安康里', '萬宇恆', '110032臺北市信義區區虎林街232巷55號1樓', '02-2727-3989', '0937-853-597'),
(72, '台北市', '信義區', '六藝里', '丁禾溱', '110臺北市信義區區永吉路120巷43弄3號', '02-2767-6839', '0913-817-158'),
(73, '台北市', '信義區', '雅祥里', '宋美玲', '110臺北市信義區區基隆路1段35巷7弄35號', '02-8787-1665', '0933-162-191'),
(74, '台北市', '信義區', '五常里', '游育靖', '110臺北市信義區區松信路58號', '02-2756-5848', '0925-198-033'),
(75, '台北市', '信義區', '五全里', '吳秀好', '110臺北市信義區區永吉路278巷1弄13號', '02-2762-0007', '0921-126-652'),
(76, '台北市', '信義區', '永吉里', '陳永昌', '臺北市信義區區永吉路517巷1弄10號', '02-2764-1381', '0933-205-922'),
(77, '台北市', '信義區', '長春里', '許錦忠', '110臺北市信義區區忠孝東路5段423巷47號', '02-2762-4699', '0937-042-279'),
(78, '台北市', '信義區', '四育里', '連圀堂', '110臺北市信義區區松山路180號', '02-2768-2426', '0937-080-019'),
(79, '台北市', '信義區', '四維里', '劉耀平', '110臺北市信義區區虎林街70巷1號', '02-2769-2390', '0915-252-215'),
(80, '台北市', '信義區', '永春里', '許蕙蘭', '松山路287巷3弄21號', '02-2765-0054', '0910-150-308'),
(81, '台北市', '信義區', '富台里', '羅至佑', '臺北市忠孝東路5段423巷4弄22號', '無', '0901156880'),
(82, '台北市', '信義區', '國業里', '林銘賢', '臺北市信義區區虎林街222巷15號', '02-2726-2518', '0932-237-293'),
(83, '台北市', '信義區', '松隆里', '黃俊龍', '臺北市信義區區松山路650巷15弄臨18之6號', '0933-892-098', '0933-892-098'),
(84, '台北市', '信義區', '松友里', '張海秋', '臺北市信義區路六段76巷2弄22號', '02-2759-1599', '0952-688-388'),
(85, '台北市', '信義區', '松光里', '蔡福來', '臺北市忠孝東路5段492巷32號', '02-2727-8925', '0925-129-159'),
(86, '台北市', '信義區', '中坡里', '曾傳達', '臺北市信義區區福德街125號', '02-2726-9963', '0922-314-835'),
(87, '台北市', '信義區', '中行里', '林美君', '110041臺北市信義區區福德街268巷32號1樓', '02-2727-4777', '0987-445-009'),
(88, '台北市', '信義區', '大道里', '毛水月', '信義區區忠孝東路5段790巷62弄4號', '02-2726-7933', '0933-720-485'),
(89, '台北市', '信義區', '大仁里', '蔡桂清', '臺北市信義區區福德街86號3樓', '02-8726-1376', '0919-220-939'),
(90, '台北市', '信義區', '景新里', '孫積德', '臺北市信義區區莊敬路178巷20號3樓', '02-2758-0905', '0963-139-975'),
(91, '台北市', '信義區', '惠安里', '周葉長', '110020臺北市信義區區吳興街506巷21號', '02-2758-8650', '0921-126-430'),
(92, '台北市', '信義區', '三張里', '李伯壽', '臺北市莊敬路423巷6弄1號', '02-2722-2828', '0933-889-579'),
(93, '台北市', '信義區', '三犁里', '翁信利', '信義區路5段150巷14弄6號1樓', '02-8789-0990', '0911-822-428'),
(94, '台北市', '信義區', '六合里', '陳盈如', '臺北市松仁路240巷19號3樓', '02-2758-4465', '0975-778-025'),
(95, '台北市', '信義區', '泰和里', '林正義', '臺北市信義區區松仁路308巷63號', '02-8786-2076', '0952-332-886'),
(96, '台北市', '信義區', '景聯里', '洪福周', '臺北市吳興街106巷9號', '02-2737-0088', '0933-721-676'),
(97, '台北市', '信義區', '景勤里', '王雷凱', '臺北市信義區區信安街15巷46弄6號', '02-2732-1533', '0961-567-893'),
(98, '台北市', '信義區', '雙和里', '宋祥輝', '吳興街284巷24弄16號', '02-2737-0683', '0919-951-082'),
(99, '台北市', '信義區', '嘉興里', '鄭智耀', '嘉興街175巷6號', '02-2732-4052', '0933-267-062'),
(100, '台北市', '信義區', '黎順里', '卓秀娟', '崇德街15號', '02-2377-0037', NULL),
(101, '台北市', '信義區', '黎平里', '楊介舟', '富陽街55巷9號', '02-2732-9518', '0936-112-627'),
(102, '台北市', '信義區', '黎忠里', '黃建智', '臺北市信義區區和平東路三段391巷16號2樓', '無', '0938-196-598'),
(103, '台北市', '信義區', '黎安里', '劉梅菊', '110001臺北市和平東路3段627巷41弄8之1號', '02-2377-1017', '0928-290-062'),
(104, '台北市', '大安區', '德安里', '蔡銘宗', '10691臺北市大安區四維路78號6樓', '02-2704-9366', '0918-499-478'),
(105, '台北市', '大安區', '仁慈里', '陳麒中', '10650臺北市大安區復興南路1段295巷18號', '02-2706-1268', '0988-136600'),
(106, '台北市', '大安區', '和安里', '翁德東', '10658臺北市大安區信義區路三段109之6號', '02-2704-0069', '0933-849729'),
(107, '台北市', '大安區', '民炤里', '周暉泰', '10650臺北市大安區信義區路3段31巷5號', '02-2700-8406', '0981-950606'),
(108, '台北市', '大安區', '仁愛里', '林宜蓁', '10688臺北市大安區復興南路一段191-1號', '無', '0920728688'),
(109, '台北市', '大安區', '義村里', '潘明勳', '10654臺北市大安區忠孝東路3段248巷7弄4號', '02-2711-9084', '0910380479'),
(110, '台北市', '大安區', '民輝里', '陳威禎', '10651臺北市大安區濟南路3段9號3樓', '02-2711-3757', '0937921537'),
(111, '台北市', '大安區', '昌隆里', '王志剛', '10653臺北市大安區市民大道三段206號4樓之1', '02-2751-2118', '0953663565'),
(112, '台北市', '大安區', '誠安里', '李有福', '10666臺北市大安區安東街28號', '02-2771-5532', '0932154320'),
(113, '台北市', '大安區', '光武里', '韓修和', '10691臺北市敦化南路1段160巷20號', '02-8771-6300', '0933200966'),
(114, '台北市', '大安區', '龍坡里', '黃世詮', '10648臺北市大安區泰順街13之1號', '02-2362-3674', '0933155369'),
(115, '台北市', '大安區', '龍泉里', '龎維良', '10645臺北市大安區雲和街49號', '02-2366-1135', '0939529273'),
(116, '台北市', '大安區', '古風里', '孔憲娟', '10645臺北市大安區師大路135巷1號', '02-3365-1622', '0912599858'),
(117, '台北市', '大安區', '古莊里', '吳宗雄', '10646臺北市大安區浦城街16巷2號', '02-2369-6193', '0937834863'),
(118, '台北市', '大安區', '龍安里', '洪秋甲', '10644臺北市大安區和平東路一段199巷4-9號', '02-2351-0479', '0933122328'),
(119, '台北市', '大安區', '錦安里', '龔志慧', '10642臺北市大安區潮州街130巷3號', '02-2351-5967', '0928494909'),
(120, '台北市', '大安區', '福住里', '李欣芠', '10650臺北市大安區永康街47巷10之1號', '02-2322-2581', '0936173519'),
(121, '台北市', '大安區', '永康里', '李明螢', '10650臺北市大安區金華街199巷3弄6號', '02-2321-9653', '0910-213772'),
(122, '台北市', '大安區', '光明里', '張惠銓', '10641臺北市大安區信義區路2段86巷26號', '02-2341-3350', '0919933237'),
(123, '台北市', '大安區', '錦泰里', '范燕淇', '10641臺北市大安區杭州南路二段65巷10號', '02-2391-8123', '0963098579'),
(124, '台北市', '大安區', '錦華里', '溫美珠', '10643台北市大安區杭州南路二段93巷1-1號', '02-2392-3999', '0937066733'),
(125, '台北市', '大安區', '龍圖里', '陳煒光(代理)', '106029臺北市大安區瑞安街176號', '02-27085234', '0901349057'),
(126, '台北市', '大安區', '新龍里', '李淑梅', '10659臺北市大安區新龍里信義區路3段134巷82號 2樓', '02-2706-7771', '0920588374'),
(127, '台北市', '大安區', '龍陣里', '游菊英', '10661臺北市大安區瑞安街75號3樓', '02-2706-0389', '0958918669'),
(128, '台北市', '大安區', '龍雲里', '黃廣明', '10665臺北市大安區復興南路二段151巷43號', '02-2754-7302', '0978381953'),
(129, '台北市', '大安區', '龍生里', '沈鳳雲', '10664臺北市大安區和平東路二段141號', '02-2706-4529', '0910246384'),
(130, '台北市', '大安區', '住安里', '歐秀珠', '10683臺北市大安區信義區路4段30巷27弄23號', '02-2755-0387', '0920649877'),
(131, '台北市', '大安區', '義安里', '劉威志', '10681臺北市大安區敦化南路二段11巷25-1號', '02-2700-5611', '0933922981'),
(132, '台北市', '大安區', '通化里', '周進財', '10679臺北市大安區通化街19巷19號', '02-2701-9336', '0932210203'),
(133, '台北市', '大安區', '通安里', '鄭水波', '106053臺北市大安區通安街98號', '02-27325548', '0920652487'),
(134, '台北市', '大安區', '臨江里', '劉勇雄', '10677臺北市大安區通化街143巷33號', '02-2738-8269', '0932-029070'),
(135, '台北市', '大安區', '法治里', '林佩燕', '10677臺北市大安區通化街201號', '02-2738-6436', '0980-403536'),
(136, '台北市', '大安區', '全安里', '連馬世驍', '10675臺北市大安區和平東路三段119巷25號', '02-2732-1102', '0921-126-993'),
(137, '台北市', '大安區', '群賢里', '翁鴻源', '10670臺北市大安區和平東路二段311巷43弄36號', '02-2700-3623', '0930069850'),
(138, '台北市', '大安區', '群英里', '石忠勝', '10670臺北市大安區四維路198巷30弄9號', '02-2754-7207', '0933894266'),
(139, '台北市', '大安區', '虎嘯里', '詹仲琪', '10669臺北市大安區和平東路三段46之5號', '02-2737-3718', '0912263574'),
(140, '台北市', '大安區', '臥龍里', '邱奕承', '10667臺北市大安區復興南路二段355號', '02-2736-7001', '0908-415053'),
(141, '台北市', '大安區', '龍淵里', '汪吉秋', '10663臺北市大安區和平東路2段118巷2弄6號', '02-2377-3535', '0932031417'),
(142, '台北市', '大安區', '龍門里', '黃絹家', '10662臺北市大安區和平東路2段54號2樓(里民活動場所：和平東路2段18巷3弄4號)', '02-2363-5638', '0920-439-233'),
(143, '台北市', '大安區', '大學里', '吳沛璇', '10660臺北市大安區溫州街74巷2弄4號', '02-2362-2674', '0910110400'),
(144, '台北市', '大安區', '芳和里', '黃正浪', '10675臺北市大安區樂業街99號B1', '02-8732-1187', '0985698758'),
(145, '台北市', '大安區', '黎元里', '蘇偉彬', '106040臺北市臥龍街187號', '02-8732-0168', '0939728869'),
(146, '台北市', '大安區', '黎孝里', '方丁輝', '10676臺北市大安區臥龍街267之10號', '02-2377-2022', '0919323201'),
(147, '台北市', '大安區', '黎和里', '李啟宏', '10676臺北市大安區富陽街111號', '02-23779090', '0931297990'),
(148, '台北市', '大安區', '建安里', '溫志維', '10690臺北市大安區敦化南路一段161巷69弄4號2樓', '02-2771-6279', '0982543811'),
(149, '台北市', '大安區', '建倫里', '林正達', '10688臺北市大安區安和路1段21巷24號6樓', '02-2711-8085', '0988058967'),
(150, '台北市', '大安區', '敦安里', '王 復', '10689臺北市大安區仁愛路4段122巷44-1號', '02-2784-9293', '0910088886'),
(151, '台北市', '大安區', '正聲里', '陳秀蘭', '10694臺北市大安區正聲里光復南路260巷41-5號(6樓)', '02-2711-3890', '0937985839'),
(152, '台北市', '大安區', '敦煌里', '傅吉田', '10689臺北市大安區安和路一段135巷8號', '02-2704-3110', '0932396218'),
(153, '台北市', '大安區', '華聲里', '陳金花', '10694臺北市大安區市民大道四段248號B1', '02-27715309', '0933-720223'),
(154, '台北市', '大安區', '車層里', '李易儒', '10692臺北市大安區仁愛路4段345巷5弄15號1樓', NULL, '0906238287'),
(155, '台北市', '大安區', '光信里', '楊珮菱', '10696臺北市大安區延吉街236巷17號2樓', '02-2703-2357', '0916-563248'),
(156, '台北市', '大安區', '學府里', '李淳琳', '10673臺北市大安區羅斯福路四段119巷66弄8號', '02-8732-1732', '0922989922'),
(157, '台北市', '中山區', '正守里', '陳育群', '臺北市中山區林森北路67巷7號2樓', '02-2562-2169', '0975875967'),
(158, '台北市', '中山區', '正義里', '李志勇', '臺北市中山區林森北路133巷78號', '02-2531-8228', '0988723237'),
(159, '台北市', '中山區', '正得里', '吳美瑩', '臺北市中山區林森北路100號8樓', '02-2551-8951', '0982111389'),
(160, '台北市', '中山區', '民安里', '王俊堯', '臺北市中山區中山北路一段112巷5-2號', '02-2581-7770', '0983672893'),
(161, '台北市', '中山區', '康樂里', '王金富', '臺北市中山區南京東路一段35號1樓', '02-2562-9158', '0932001952'),
(162, '台北市', '中山區', '中山里', '曾瓊梅', '臺北市中山區長春路37號1樓', '02-2581-1236', '0932940210'),
(163, '台北市', '中山區', '聚盛里', '舒贑臺', '臺北市中山區錦州街50號1樓', '02-2541-1398', '0970058151'),
(164, '台北市', '中山區', '集英里', '賴政庸', '臺北市中山區天祥路9號', '02-2536-4260', '0933124851'),
(165, '台北市', '中山區', '聚葉里', '游啟業', '臺北市中山區中山北路二段137巷35號1樓', '02-2581-2320', '0952080608'),
(166, '台北市', '中山區', '恆安里', '黃志昌', '臺北市中山區中山北路二段183巷9號', '02-2585-3352', '0918000050'),
(167, '台北市', '中山區', '晴光里', '林姿吟', '臺北市中山區雙城街18巷20號1樓', '02-2596-6342', '0981201026'),
(168, '台北市', '中山區', '圓山里', '葉建輝', '臺北市中山區新生北路三段82巷32號1樓', '02-2593-0718', '0953211827'),
(169, '台北市', '中山區', '劍潭里', '黃開芳', '臺北市中山區通北街143號', '02-2533-5530', '0952630327'),
(170, '台北市', '中山區', '大直里', '曹邦全', '臺北市中山區北安路573巷6號1樓', '02-2533-3676', '0918050253'),
(171, '台北市', '中山區', '成功里', '李清水', '臺北市中山區北安路676號1樓（大直計程車休息站內）', '02-2532-2340', '0933908508'),
(172, '台北市', '中山區', '永安里', '唐楷瀚', '臺北市中山區明水路389號', NULL, '0910857885'),
(173, '台北市', '中山區', '大佳里', '莊欽億', '臺北市中山區松江路581巷53號1樓、民族東路85至89號1樓', '02-2501-9605', '0989168356'),
(174, '台北市', '中山區', '新喜里', '吳昇陽', '臺北市中山區德惠街170巷19號1樓', '02-2592-8750', '0921139977'),
(175, '台北市', '中山區', '新庄里', '鄧麗珠', '臺北市中山區農安街125巷43號1樓', '02-2593-5220', '0933166086'),
(176, '台北市', '中山區', '新福里', '童勝輝', '臺北市中山區中原街142號2樓之1', '02-2586-4846', '0910195039'),
(177, '台北市', '中山區', '松江里', '蔣築諠', '臺北市中山區松江路297巷9號1樓', '02-2517-0155', '0935226835'),
(178, '台北市', '中山區', '新生里', '曾國益', '臺北市中山區新生北路二段137巷41號', '02-2564-2183', '0932187925'),
(179, '台北市', '中山區', '中庄里', '陳建中', '臺北市中山區吉林路199巷29號', '02-2581-7916', '0926379768'),
(180, '台北市', '中山區', '行政里', '羅仲瑜(代理)', '臺北市中山區松江路367號5樓', '25031369#516', '0972295624'),
(181, '台北市', '中山區', '行仁里', '陳德賢', '臺北市中山區龍江路356巷45號1樓', '02-2517-0557', '0928216147'),
(182, '台北市', '中山區', '行孝里', '呂勗淇', '臺北市中山區民族東路282號5樓', '02-2517-2230', '0952094088'),
(183, '台北市', '中山區', '下埤里', '施士凱', '臺北市中山區龍江路429巷10號2樓', '02-2508-4192', '0908112320'),
(184, '台北市', '中山區', '江寧里', '徐信洲', '臺北市中山區合江街137號4樓', '02-2509-7688', '0933091409'),
(185, '台北市', '中山區', '江山里', '劉陽劍', '臺北市中山區建國北路二段129號2樓', '02-2506-1832', '0933892067'),
(186, '台北市', '中山區', '中吉里', '林德勝', '臺北市中山區松江路204巷65號1樓', '02-2560-1553', '0932157126'),
(187, '台北市', '中山區', '中原里', '羅崇華', '臺北市中山區新生北路二段53號2樓', '02-2531-5557', '0972245777'),
(188, '台北市', '中山區', '興亞里', '林芳薇', '臺北市中山區吉林路26巷5號2樓', '02-2551-7846', '0935735035'),
(189, '台北市', '中山區', '中央里', '李陳金綉', '臺北市中山區伊通街125巷11之1號1樓', '02-2504-1483', '0925421115'),
(190, '台北市', '中山區', '朱馥里', '卓志勇', '臺北市中山區龍江路168號地下1樓', '02-2503-3200', '0982032207'),
(191, '台北市', '中山區', '龍洲里', '陳世明', '臺北市中山區興安街83號', '02-2517-9995', '0932201912'),
(192, '台北市', '中山區', '朱園里', '李林耀', '臺北市中山區渭水路50號4樓', '02-2751-6216', '0922161726'),
(193, '台北市', '中山區', '埤頭里', '黃基淋', '臺北市中山區安東街5-2號', '02-2752-1080', '0913011212'),
(194, '台北市', '中山區', '朱崙里', '高銘鴻', '臺北市中山區龍江路21巷2號', '02-2781-5504', '0936096604'),
(195, '台北市', '中山區', '力行里', '沈銀德', '臺北市中山區龍江路37巷19號', '02-2721-7218', '0939269398'),
(196, '台北市', '中山區', '復華里', '黃展輝', '臺北市中山區遼寧街108巷14號', '02-2712-5934', '0933908512'),
(197, '台北市', '中山區', '金泰里', '游進義', '臺北市中山區敬業三路160號2樓', '02-8509-8472', '0932357865'),
(198, '台北市', '中山區', '北安里', '陳小康', '臺北市中山區北安路759巷6號1樓', '02-2533-7936', '0932054131'),
(199, '台北市', '中正區', '水源里', '林全義', '10090臺北市中正區水源里羅斯福路4段52巷16弄7號', '02-2369-0339', '0935381941'),
(200, '台北市', '中正區', '富水里', '陳麗真', '10087臺北市中正區富水里永春街185-3號', '02-2365-6541', '0933958335'),
(201, '台北市', '中正區', '文盛里', '温紹宏', '10045臺北市中正區羅斯福路3段286巷4弄4號1樓', '02-2367-7325', '0919246218'),
(202, '台北市', '中正區', '林興里', '吳寶燕', '10086臺北市中正區林興里水源路21號', '02-2368-6919', '0933213180'),
(203, '台北市', '中正區', '河堤里', '鄒士根', '10088臺北市中正區河堤里金門街11-1號', '02-2364-1783', '0932386041'),
(204, '台北市', '中正區', '頂東里', '王曜樹', '100033臺北市中正區頂東里金門街9之1號', '02-2364-8892', '0937042108'),
(205, '台北市', '中正區', '網溪里', '夏萬浪', '10082臺北市中正區網溪里牯嶺街165號', '02-3365-1928', '0919940027'),
(206, '台北市', '中正區', '板溪里', '黃國輝', '10085 臺北市中正區板溪里汀州路2段151號1樓', '02-2367-6960', '0928840912'),
(207, '台北市', '中正區', '螢圃里', '陳木松', '10083臺北市中正區螢圃里重慶南路三段83巷3號', '02-2365-7968', '0939133669'),
(208, '台北市', '中正區', '螢雪里', '陳文質', '10077臺北市中正區螢雪里福州街59號', '02-2305-2201', '0933826949'),
(209, '台北市', '中正區', '永功里', '陳宏明', '10071臺北市中正區永功里汀州路一段324號', '02-2337-9808', '0933016366'),
(210, '台北市', '中正區', '永昌里', '陳玟如', '臺北市中正區汀州路一段242巷5號', '2307-3916', '0958971396'),
(211, '台北市', '中正區', '龍興里', '陳月容', '10079臺北市中正區三元街131號4樓', '02-23032845', '0917522883'),
(212, '台北市', '中正區', '忠勤里', '方荷生', '100062臺北市中正區忠勤里中華路2段303巷14號', '02-2305-6741', '0935920329'),
(213, '台北市', '中正區', '廈安里', '涂光宇', '10062臺北市中正區廈安里中華路二段175巷24號', '02-2302-7494', '0932028027'),
(214, '台北市', '中正區', '愛國里', '周德潤', '10066臺北市中正區愛國里延平南路192巷6號', '02-2388-1662', '0933028353'),
(215, '台北市', '中正區', '南門里', '郭有賢', '100057臺北市中正區南門里博愛路163號', '02-2381-8302', '0928490157'),
(216, '台北市', '中正區', '龍光里', '陳萬龍', '10002臺北市中正區和平西路二段45號', '02-2303-3498', '0937888899'),
(217, '台北市', '中正區', '南福里', '許益明', '10078臺北市中正區南福里和平西路1段55巷6號', '2392-8982', '0937855870'),
(218, '台北市', '中正區', '龍福里', '鄭珍珍', '10066臺北市中正區龍福里牯嶺街35號', '02-2391-2025', '0933763131'),
(219, '台北市', '中正區', '新營里', '莊柏辰', '10092臺北市中正區金華街20號1樓', '02-3393-7573', '0966415705'),
(220, '台北市', '中正區', '建國里', '許瀞尹', '10050臺北市中正區衡陽路78號', '02-2314-1308', '0930886725'),
(221, '台北市', '中正區', '光復里', '王麗美', '10042臺北市中正區光復里開封街一段105-2號1樓', '02-2361-3966', '0955526140'),
(222, '台北市', '中正區', '黎明里', '鄭燕宗', '10041臺北市中正區黎明里忠孝西路一段29巷2號1、2樓', '02-2382-0387', '0988333679'),
(223, '台北市', '中正區', '梅花里', '吳崑山', '100013臺北市中正區紹興北街23號1樓', '02-2393-3800', '0921100970'),
(224, '台北市', '中正區', '幸福里', '蘇宏仁', '10049臺北市中正區幸福里北平東路24號', '02-2341-1328', '0919588497'),
(225, '台北市', '中正區', '幸市里', '林禎吉', '100臺北市中正區新生南路一段54巷18-3號', '02-2351-5824', '0933016568'),
(226, '台北市', '中正區', '東門里', '牟桂富', '臺北市中正區東門里仁愛路一段53號', '(02)2321-5659', '0932-388608'),
(227, '台北市', '中正區', '文北里', '陳余秀卿', '10055臺北市中正區杭州南路一段77巷3號', '02-2321-8919', '0939561355'),
(228, '台北市', '中正區', '文祥里', '李淑珍', '10020臺北市中正區金山南路一段100號', '02-23944599', '0919319818'),
(229, '台北市', '中正區', '三愛里', '陳仁志', '10064臺北市中正區臨沂街75巷19號', '02-2391-2222', '0938205215'),
(230, '台北市', '大同區', '大有里', '許美智', '103006臺北市大同區民樂街115號', '02-2557-7229', '0931903250'),
(231, '台北市', '大同區', '光能里', '陳靜筠', '103018臺北市大同區承德路二段33號1樓', '02-2559-8984', '0933714724'),
(232, '台北市', '大同區', '老師里', '許宮銘', '103036臺北市大同區哈密街158號', '02-2592-5168', '0936222200'),
(233, '台北市', '大同區', '國慶里', '高大陸', '103023臺北市大同區民族西路260號1樓', '02-25954836', '0930-858876'),
(234, '台北市', '大同區', '鄰江里', '陳豊祥', '103043臺北市大同區酒泉街158號', '02-2591-0903', '0920496193'),
(235, '台北市', '大同區', '景星里', '吳若屏', '103027臺北市大同區伊寧街75巷4號', NULL, '0981962269'),
(236, '台北市', '大同區', '建明里', '王振宇', '103013臺北市大同區華陰街99號', NULL, '0965121696'),
(237, '台北市', '大同區', '建泰里', '陳鵬程', '103014臺北市大同區承德路一段101號', '02-2558-3377', '0925583377'),
(238, '台北市', '大同區', '至聖里', '楊秀龍', '103033臺北市大同區民族西路169巷38號1樓', '02-2597-2808', '0923655787'),
(239, '台北市', '大同區', '雙連里', '洪振恒', '103023臺北市大同區歸綏街126號', '02-2552-8098', '0910222552'),
(240, '台北市', '大同區', '民權里', '陳玉女', '103024臺北市大同區寧夏路131號', '02-2550-1178', '0912284889'),
(241, '台北市', '大同區', '永樂里', '林宗穎', '103002臺北市大同區南京西路239巷31號', '02-2555-4396', '0930087087'),
(242, '台北市', '大同區', '朝陽里', '呂国維', '103008臺北市大同區南京西路167巷3-5號', '02-25523101', '0936229268'),
(243, '台北市', '大同區', '南芳里', '賴徐玉枝', '103004臺北市大同區迪化街1段312巷7號', '02-2553-0668', '0939505458'),
(244, '台北市', '大同區', '揚雅里', '吳振明', '103026臺北市大同區重慶北路三段113巷56號2樓之2', NULL, '0928271908'),
(245, '台北市', '大同區', '斯文里', '江雪卿', '103031臺北市大同區承德路3段129巷11號3樓', NULL, '0922526429'),
(246, '台北市', '大同區', '重慶里', '張艷鴻', '103030臺北市大同區重慶里重慶北路三段347號二樓之2', '02-2595-1038', '0911062198'),
(247, '台北市', '大同區', '保安里', '張賦脈', '103030臺北市大同區重慶北路3段295巷6號2樓', '02-2591-0582', '0930743156'),
(248, '台北市', '大同區', '玉泉里', '羅素真', '103001臺北市大同區西寧北路11號', NULL, '0979305833'),
(249, '台北市', '大同區', '蓬萊里', '何英輝', '10346臺北市大同區大龍街10號', '02-2593-6524', '0936229837'),
(250, '台北市', '大同區', '建功里', '周志賢', '103016臺北市大同區重慶北路1段83巷37號', '02-2556-4651', '0952167609'),
(251, '台北市', '大同區', '延平里', '郭逸斌', '103009臺北市大同區甘州街12號', '02-2552-8918', '0928823380'),
(252, '台北市', '大同區', '星明里', '劉福永', '103020臺北市大同區太原路161巷4號', '02-2556-2463', '0938631165'),
(253, '台北市', '大同區', '隆和里', '沈春華', '103041臺北市大同區景化街46號', NULL, '0922799261'),
(254, '台北市', '大同區', '國順里', '陳穎慧', '103028臺北市大同區迪化街二段163號', '02-2585-3129', '0952158077'),
(255, '台北市', '萬華區', '和德里', '洪天化', '108036臺北市萬華區區西園路2段372巷10號(和德里)', '02-23395285', '0937896753'),
(256, '台北市', '萬華區', '仁德里', '許淑惠', '108212臺北市萬華區區西寧南路192-2號1樓(仁德里)', '02-2331-6860', '0920408935'),
(257, '台北市', '萬華區', '福星里', '李黃玉根', '108001臺北市萬華區區西寧南路14之3號1樓', '02-2331-2566', '0910128896'),
(258, '台北市', '萬華區', '興德里', '吳政侑', '108056臺北市萬大路449巷28弄7號(興德里)', '02-2301-6199', '0912834555'),
(259, '台北市', '萬華區', '榮德里', '陳欣漢', '108047臺北市萬華區區武成街80巷61號(榮德里)', '02-2303-7876', '0928118833'),
(260, '台北市', '萬華區', '忠貞里', '林錫祺', '108053臺北市萬華區區萬大路277巷44弄1之3號(忠貞里)', '02-23093320', '0953190521'),
(261, '台北市', '萬華區', '全德里', '趙素美', '108033臺北市德昌街21號(全德里)', '02-2303-0059', '0910075948'),
(262, '台北市', '萬華區', '華中里', '黃世豪', '108046 臺北市萬華區區萬大路534巷42號(華中里)', '02-2337-6162', '0966530656'),
(263, '台北市', '萬華區', '日善里', '蕭進德', '108234臺北市東園街19號二樓(日善里)', '23324633', '0954075413'),
(264, '台北市', '萬華區', '錦德里', '張菀庭', '108038臺北市寶興街80巷18號(錦德里)', '23070898', '0982877775'),
(265, '台北市', '萬華區', '壽德里', '陳志雄', '108054臺北市萬華區區長泰街45號', '2332-8377', '0922-087-388'),
(266, '台北市', '萬華區', '日祥里', '張宏聖', '10882臺北市萬華區區青年路180號(日祥里)', '02-23090136', '0932007328'),
(267, '台北市', '萬華區', '華江里', '洪佳君', '10858長順區民活動中心(長順街臨127號)', '02-23022987', '0970-747-926'),
(268, '台北市', '萬華區', '新忠里', '邱文龍', '108048臺北市西藏路125巷7之2號(新忠里)', '23392806', '0953009862'),
(269, '台北市', '萬華區', '福音里', '蔡岳樺', '108012 臺北市萬華區區永福街77號(福音里)', '02-2311-3699', '0979608343'),
(270, '台北市', '萬華區', '和平里', '吳淑芬', '108021臺北市萬華區區艋舺大道362號(和平里)', '02-23361001', '0928552882'),
(271, '台北市', '萬華區', '銘德里', '吳啟源', '108042臺北市萬華區區長泰街219號1樓(銘德里)', '2305-2959', '0935935974'),
(272, '台北市', '萬華區', '頂碩里', '溫宗霖', '10860臺北市萬華區區興寧街2號3樓(頂碩里)', '02-2302-7320', '0963038625'),
(273, '台北市', '萬華區', '雙園里', '許惠城', '10860臺北市萬華區區萬大路96號(雙園里)', '23066865', '0955234834'),
(274, '台北市', '萬華區', '保德里', '楊美女', '108040臺北市萬華區區東園街154巷9弄2號(保德里)', '02-2307-4702', '0936048525'),
(275, '台北市', '萬華區', '新起里', '陳鴻祥', '108011臺北市萬華區區貴陽街二段87號(新起里)', '2388-9096', '0932187378'),
(276, '台北市', '萬華區', '柳鄉里', '蔡和益', '108018臺北市桂林路242巷42之1號(柳鄉里)', '02-23089196', '0938079989'),
(277, '台北市', '萬華區', '萬壽里', '吳美玟', '臺北市峨眉街137號2樓(萬壽里)', '2381-7481', '0970778508'),
(278, '台北市', '萬華區', '西門里', '葉敏惠', '108006臺北市萬華區區西寧南路90巷15號(西門里)', '2331-8031', '0963720679'),
(279, '台北市', '萬華區', '菜園里', '蔡蕙而', '108010臺北市萬華區區內江街150號(菜園里)', '02-2388-8990', '0925000932'),
(280, '台北市', '萬華區', '青山里', '李昭成', '臺北市萬華區區108014華西街21巷9號(青山里)', '02-2331-9570', '0933121742'),
(281, '台北市', '萬華區', '富民里', '范添成', '108010臺北市萬華區區康定路160號1樓', '02-2361-1726', '0910038567'),
(282, '台北市', '萬華區', '富福里', '許文輝', '108020臺北市和平西路3段30巷臨5-1號(富福里)', '2302-6455', '0935198759'),
(283, '台北市', '萬華區', '糖廍里', '葉玲瑜', '10856臺北市大理街106號1樓(糖廍里)', '02-2302-0211', '0937925081'),
(284, '台北市', '萬華區', '綠堤里', '邱郁惠', '臺北市雙園街122巷14號(綠堤里)', '02-2302-3658', '0955195123'),
(285, '台北市', '萬華區', '忠德里', '施育婷', '108040臺北市東園街66巷24弄8號(忠德里)', '02-2305-0886', '0913303616'),
(286, '台北市', '萬華區', '孝德里', '李明芬', '108043臺北市萬華區區德昌街261巷16號(孝德里)', '02-23321818', '0932-015015'),
(287, '台北市', '萬華區', '新和里', '邱惠雯', '108052臺北市萬華區區中華路二段416巷13之1號(新和里)', '02-23390506', '0966766777'),
(288, '台北市', '萬華區', '新安里', '郭正中', '108037臺北市萬華區區萬大路187巷1弄9號(新安里)', '02-23049324', '0936077184'),
(289, '台北市', '萬華區', '凌霄里', '游秋蓮', '108050臺北市中華路2段504巷20號(凌霄里)', '02-2337-6040', '0916129935'),
(290, '台北市', '萬華區', '騰雲里', '李重華', '108051臺北市萬華區區中華路二段596巷1號(騰雲里)', '23096837', '0928628781'),
(291, '台北市', '文山區', '景行里', '陳千惠', '116052臺北市文山區羅斯福路六段393號7樓', '02-8663-6123', '0983569319'),
(292, '台北市', '文山區', '景東里', '高鳳謙', '116067臺北市文山區景興路153巷1號', '02-8663-8808', '0912950669'),
(293, '台北市', '文山區', '景美里', '林賢錡', '116053臺北市文山區景美里育英街57巷13號1樓', '02-2934-2273', '0932119689'),
(294, '台北市', '文山區', '景慶里', '蔡岳澄', '116055臺北市文山區景福街281號', '02-2933-5558', '0937075741'),
(295, '台北市', '文山區', '景仁里', '何進輝', '116056臺北市文山區景福街21巷3弄11號', '02-2930-6175', '0966570861'),
(296, '台北市', '文山區', '景華里', '黃培堯', '116052 臺北市文山區羅斯福路六段315號', '02-2934-9967', '0937819808'),
(297, '台北市', '文山區', '萬有里', '黃麗霓', '116052臺北市文山區興隆路一段238之1號', '02-2933-6757', '0988869926'),
(298, '台北市', '文山區', '萬祥里', '張紅木', '116063臺北市文山區羅斯福路五段255號1樓', '02-2933-0009', '0910130087'),
(299, '台北市', '文山區', '萬隆里', '林宗弘', '116057臺北市文山區萬隆街25號1樓', '02-2934-5047', '0921383216'),
(300, '台北市', '文山區', '萬年里', '邱秋芳', '116059臺北市文山區羅斯福路五段150巷35號1樓', '02-8663-7176', '0921923357'),
(301, '台北市', '文山區', '萬和里', '吳祚榮', '116058臺北市文山區汀州路4段251號、文山區溪洲街12號5樓之10', '02-8931-0117', '0932915189'),
(302, '台北市', '文山區', '萬盛里', '徐福進', '116063臺北市文山區羅斯福路五段127號7樓', '02-2934-3389', '0932061855'),
(303, '台北市', '文山區', '興豐里', '余鴻儒', '116062臺北市文山區興隆路一段229巷2號2樓、興隆路二段95巷8號8樓', '02-2932-4127', '0928807121'),
(304, '台北市', '文山區', '興光里', '洪正平', '116075臺北市文山區辛亥路四段209巷6、8號2樓', '02-2933-0357', '0926273695'),
(305, '台北市', '文山區', '興家里', '劉宗勳', '116080臺北市文山區興隆路三段223-2號1樓', '02-2230-4327', '0910121013'),
(306, '台北市', '文山區', '興得里', '曾瑞城', '116078臺北市文山區興隆路三段112巷2弄8號B1', '02-8931-2525', '0920664489'),
(307, '台北市', '文山區', '興業里', '凌錦成', '116072臺北市文山區興隆路二段160號10樓', '02-8663-5005', '0938307588'),
(308, '台北市', '文山區', '興安里', '林文權', '116070臺北市文山區興隆路二段88之2號1樓', '02-2933-0156', '0935035522'),
(309, '台北市', '文山區', '興福里', '呂晴芸', '116069臺北市文山區景華街121巷7弄1號', '02-2932-3399', '0937967679'),
(310, '台北市', '文山區', '興旺里', '蘇瓏議', '116074 臺北市文山區福興路27號', '02-2933-6691', '0922548930'),
(311, '台北市', '文山區', '興泰里', '施志聰', '116081 臺北市文山區辛亥路四段252巷5號1樓', '02-2932-7577', '0911509888'),
(312, '台北市', '文山區', '興昌里', '吳融昊', '116075臺北市文山區辛亥路四段199號', '02-2931-1528', '0960604305'),
(313, '台北市', '文山區', '試院里', '廖欽銅', '116001臺北市文山區和興路88號2樓', '02-2236-5228', '0920075552'),
(314, '台北市', '文山區', '華興里', '陳峙穎', '116005臺北市文山區木柵路一段264號', '02-2936-1780', '0905991580'),
(315, '台北市', '文山區', '明義里', '仇世屏', '116006臺北市文山區興隆路四段42巷1號', '02-2938-5198', '0932111117'),
(316, '台北市', '文山區', '明興里', '鄢健民', '116007臺北市文山區木柵路二段109巷25弄6號', '02-2234-0391', '0917556568'),
(317, '台北市', '文山區', '木柵里', '林志勤', '臺北市文山區久康街24巷42號', '02-2939-2969', '0928504139'),
(318, '台北市', '文山區', '木新里', '鄭明通', '116024臺北市文山區木新路二段50號', '02-2939-7162', '0916334606'),
(319, '台北市', '文山區', '順興里', '楊培釧', '116010臺北市文山區保儀路138巷28號2樓(暫定)', '02-2937-5586', '0934143675'),
(320, '台北市', '文山區', '樟林里', '陳文乾', '116023臺北市文山區興隆路四段66巷32號1樓', '02-2937-8896', '0910068718'),
(321, '台北市', '文山區', '樟新里', '歐陽禾英', '116789臺北市文山區一壽街22號9樓', '02-2937-6288', '0988050107'),
(322, '台北市', '文山區', '樟腳里', '高林玉嬌', '116018臺北市文山區恆光街45號7樓', '02-8661-5958', '0937017516'),
(323, '台北市', '文山區', '萬芳里', '陳姿秀', '116025臺北市文山區萬美街一段51號3樓', '02-2239-3399', '0938112938'),
(324, '台北市', '文山區', '博嘉里', '吳坤輝', '116027臺北市文山區木柵路四段157-1號1樓', '02-2239-3029', '0910097128'),
(325, '台北市', '文山區', '萬興里', '林志冠', '116012臺北市文山區秀明路二段112巷14號', '02-2939-2996', '0906926657'),
(326, '台北市', '文山區', '指南里', '張佳南', '116026臺北市文山區指南路3段33巷34號', '02-2234-2099', '0911841871'),
(327, '台北市', '文山區', '老泉里', '周良富', '116026臺北市文山區老泉里老泉街15號', '02-2936-8966', '0955500528'),
(328, '台北市', '文山區', '忠順里', '曾寧旖', '116021 臺北市文山區興隆路四段145巷30號1樓', '02-2939-9569', '0932152115'),
(329, '台北市', '文山區', '萬美里', '鄧瑞興', '116014臺北市文山區萬美街二段2巷6號', '02-2239-8880', '0939139033'),
(330, '台北市', '文山區', '政大里', '鄭文綺', '116026臺北市文山區萬壽路63-2號1樓', '02-2939-2799', '0958557370'),
(331, '台北市', '文山區', '樟文里', '林淑珠', '116022臺北市文山區木新路三段278巷7弄6號1樓', '02-2234-6605', '0952663096'),
(332, '台北市', '文山區', '興邦里', '張朝雄', '116071臺北市文山區興隆路二段203巷2弄10號', '02-8663-3016', '0919323040'),
(333, '台北市', '文山區', '樟樹里', '陳再炯', '116023臺北市文山區興隆路四段74巷22號1樓', '02-2937-6856', '0922686598'),
(334, '台北市', '南港區', '中南里', '謝沁荷', '115011臺北市南港區中南街123巷3號', '2788-3350', '0932140430'),
(335, '台北市', '南港區', '南港里', '李志錦', '115018臺北市南港區南港路1段227號', '02-2782-3009', '0920791666'),
(336, '台北市', '南港區', '新富里', '許睦燦', '115021臺北市南港區富康街59號', '02-2782-8495', '0952167703'),
(337, '台北市', '南港區', '三重里', '江輝吉', '115023臺北市南港區重陽路504巷1弄9號', '02-2783-4039', '0933032079'),
(338, '台北市', '南港區', '東新里', '蘇俊強課長', '115001臺北市南港區興南街43號', '02-2789-2969', '0972087657'),
(339, '台北市', '南港區', '新光里', '龔睿堉', '115020臺北市南港區昆陽街140巷42弄4號', '02-2788-6626', '0931399999'),
(340, '台北市', '南港區', '東明里', '曾漢祺', '115029臺北市南港區南港路2段128號1樓', '02-2783-2539', '0935979955'),
(341, '台北市', '南港區', '西新里', '胡家瑒', '115020臺北市南港區成功路1段99號', '02-2651-8665', '0908809805'),
(342, '台北市', '南港區', '玉成里', '黃聰智', '115027臺北市南港區南港路3段314巷5號', '02-2782-6939', '0932322435'),
(343, '台北市', '南港區', '合成里', '巫永仁', '115025臺北市南港區忠孝東路6段225巷1弄3號', '02-2785-2187', '0952861379'),
(344, '台北市', '南港區', '成福里', '王秋娥', '115019臺北市南港區東新街80巷9弄11號', '02-2655-9155', '0935602255'),
(345, '台北市', '南港區', '萬福里', '林建華', '115025臺北市南港區忠孝東路6段70巷21弄8號', '02-2785-5945', '0933035700'),
(346, '台北市', '南港區', '鴻福里', '劉明康', '115009臺北市南港區成福路84號', '02-2786-3893', '0970384868'),
(347, '台北市', '南港區', '百福里', '李雯馨', '115009臺北市南港區成福路170號3樓之5', '02-2783-8377', '0932281165'),
(348, '台北市', '南港區', '聯成里', '李品君', '115006臺北市南港區東新街77巷25號1樓', '02-2785-2963', '0909918013'),
(349, '台北市', '南港區', '舊莊里', '張瑞芳', '115022臺北市南港區舊莊街1段91巷11號', '02-2788-4906', '0922133922'),
(350, '台北市', '南港區', '中研里', '謝志勇', '115014臺北市南港區研究院路2段2巷2號', '02-2651-7179', '0910139682'),
(351, '台北市', '南港區', '九如里', '蘇國賢', '115031臺北市南港區研究院路3段157之1號', '02-2788-3329', '0932217257'),
(352, '台北市', '南港區', '仁福里', '吳肇輝', '115019臺北市南港區福德街443號1樓', '02-2654-2254', '0919619949'),
(353, '台北市', '南港區', '重陽里', '馬敬忠', '115023臺北市南港區重陽路199巷24之2號', '02-2782-6500', '0928643083'),
(354, '台北市', '內湖區', '西湖里', '黃俊隆', '11445臺北市內湖路一段285號7樓', '02-8797-6191', '0955408398'),
(355, '台北市', '內湖區', '西康里', '王興國', '11446臺北市內湖區內湖路一段61巷2號', '02-2797-5996', '0935025117'),
(356, '台北市', '內湖區', '西安里', '李國榮', '11442臺北市內湖區內湖路一段91巷110號', '02-2799-3070', '0928612351'),
(357, '台北市', '內湖區', '港墘里', '魏景城', '11446臺北市內湖區內湖路一段552號', '02-2799-1168', '0935281458'),
(358, '台北市', '內湖區', '港都里', '江水龍', '11448臺北市內湖區內湖路一段629巷39號', '02-2799-5389', '0910128329'),
(359, '台北市', '內湖區', '港富里', '李安邦', '11449臺北市內湖區麗山街47號', NULL, '0932018939'),
(360, '台北市', '內湖區', '港華里', '劉達逢', '11449臺北市內湖區環山路二段68巷14號1樓', '02-2657-2255', '0936887878'),
(361, '台北市', '內湖區', '內湖里', '許昌華', '11464臺北市內湖區內湖路二段355巷21號2樓', '02-2792-8228', '0917828272'),
(362, '台北市', '內湖區', '湖濱里', '陳尤雪', '11449臺北市內湖區內湖路二段346號', '02-2790-6289', '0938082264'),
(363, '台北市', '內湖區', '紫星里', '謝佳惠', '11460臺北市內湖區成功路三段187巷3弄4號', '02-8791-1313', '0955187847'),
(364, '台北市', '內湖區', '大湖里', '郭坤祥', '11456臺北市內湖區大湖山莊街117號3樓', '02-2790-6599', '0939-020275'),
(365, '台北市', '內湖區', '金龍里', '吳欣芸', '11489臺北市內湖區內湖路3段75號', '02-87925455', '0912341689'),
(366, '台北市', '內湖區', '金瑞里', '羅世甫', '11455臺北市內湖區金龍路218號1樓', '02-8792-6024', '0936286399'),
(367, '台北市', '內湖區', '碧山里', '曹連燊', '11453臺北市內湖區內湖路三段60巷6號B1', '02-2791-0355', '0937087608'),
(368, '台北市', '內湖區', '紫雲里', '夏亦芳', '11461臺北市內湖區康寧路一段228號', '02-2791-3337', '0933405308'),
(369, '台北市', '內湖區', '清白里', '陳東源', '11462臺北市內湖區星雲街208號', '02-2791-9637', '0935028280'),
(370, '台北市', '內湖區', '葫洲里', '曾宏昌', '11483臺北市內湖區民權東路六段280巷60號', '02-2630-5172', '0932030046'),
(371, '台北市', '內湖區', '紫陽里', '謝源德', '114035臺北市內湖區文德路210巷30弄27號', '02-2798-6724', '0939149180'),
(372, '台北市', '內湖區', '瑞陽里', '江光輝', '11476臺北市內湖區文德路66巷69弄9號1樓', '02-2799-1392', '0932392312'),
(373, '台北市', '內湖區', '瑞光里', '黃崇賢', '11468臺北市內湖區陽光街291號', '02-2659-6457', '0926969880'),
(374, '台北市', '內湖區', '五分里', '王海枝', '11484臺北市內湖區安康路388號', '02-2634-1171', '0920704780'),
(375, '台北市', '內湖區', '東湖里', '邱朝祿', '11480臺北市內湖區康樂街72巷17弄63號1樓', '02-2633-0218', '0918031567'),
(376, '台北市', '內湖區', '樂康里', '張碧玉', '11479臺北市內湖區康樂街150號6樓之1', '02-2630-7502', '0952653505'),
(377, '台北市', '內湖區', '內溝里', '王曉芳', '11480臺北市內湖區康樂街201巷8號', '02-2631-3178', '0963092126'),
(378, '台北市', '內湖區', '週美里', '丘麗玲', '11471臺北市內湖區南京東路六段330巷18弄12號1樓', '02-2793-8003', '0921140488'),
(379, '台北市', '內湖區', '行善里', '沈茂松', '11466臺北市內湖區新明路520號', '02-2796-0038', '0933925700'),
(380, '台北市', '內湖區', '石潭里', '廖煒國', '11471臺北市內湖區成功路二段1號', '02-2793-7177', '0962013662'),
(381, '台北市', '內湖區', '湖興里', '蔡穎峰', '114臺北市內湖區成功路二段320巷25號', '02-2791-4586', '0933206109'),
(382, '台北市', '內湖區', '湖元里', '林明源', '11465臺北市內湖區民權東路六段136巷48號', '02-8792-7677', '0958180106'),
(383, '台北市', '內湖區', '安湖里', '尤樹旺', '11488臺北市內湖區東湖路1號9樓', '02-26306552', '0936450530'),
(384, '台北市', '內湖區', '秀湖里', '謝明毅', '11457臺北市內湖區成功路四段323巷16號', '02-2794-0052', '0936797875'),
(385, '台北市', '內湖區', '安泰里', '何素蓮', '11477臺北市內湖區安泰街49巷1號1樓', '02-2631-2428', '0955427405'),
(386, '台北市', '內湖區', '金湖里', '邱金波', '11477臺北市內湖區成功路五段71號1樓', '02-2632-4329', '0926306286'),
(387, '台北市', '內湖區', '康寧里', '鄭秀鳳', '11485臺北市內湖區康寧路三段99巷39弄70號', '02-2633-2488', '0939887465'),
(388, '台北市', '內湖區', '明湖里', '謝明均', '11485臺北市內湖區康寧路三段99巷25號', '02-2632-5326', '0905067041'),
(389, '台北市', '內湖區', '蘆洲里', '陳明霖', '11484臺北市內湖區安康路95號', '02-2792-5574', '0928856630'),
(390, '台北市', '內湖區', '麗山里', '林國榮', '11442臺北市內湖區內湖路一段411巷78號', '02-2627-4625', '0965030560'),
(391, '台北市', '內湖區', '寶湖里', '邱顯松', '11490臺北市內湖區民權東路六段208號', '02-2795-1117', '0955680322'),
(392, '台北市', '內湖區', '南湖里', '洪宜河', '11486臺北市內湖區康寧路三段56巷130號', '02-2632-0538', '0955900998'),
(393, '台北市', '士林區', '仁勇里', '洪銘鎮', '大東路63號2樓', '02-28812220', '0926055186'),
(394, '台北市', '士林區', '義信里', '許立丕', '基河路132號地下1樓', '02-88611910', '0922850657'),
(395, '台北市', '士林區', '福林里', '江美珠', '中正路187巷26號', '02-28821136', '0936606115'),
(396, '台北市', '士林區', '福德里', '盛琳惠', '福德路81巷14號', '02-28839758', '0987357879'),
(397, '台北市', '士林區', '福志里', '邱邱田', '中正路104巷2號', '02-28349568', '0972168118'),
(398, '台北市', '士林區', '舊佳里', '陳明松', '中山北路5段773之2號', '02-28321958', '0937903104'),
(399, '台北市', '士林區', '福佳里', '許木春', '美崙街190號', NULL, '0983049957'),
(400, '台北市', '士林區', '後港里', '紀建漢', '大南路423號', '02-28807588', '0955886356'),
(401, '台北市', '士林區', '福中里', '王德利', '福港街151號9樓', '02-28838207', '0932305183'),
(402, '台北市', '士林區', '前港里', '陳瑞華', '大南路251巷18號1樓', '02-28829686', '0916058978'),
(403, '台北市', '士林區', '百齡里', '翁淑穎', '福港街259巷13弄10號1樓', '02-28802985', '0935966272'),
(404, '台北市', '士林區', '承德里', '陳洲平', '劍潭路80號', '02-28859257', '0928225383'),
(405, '台北市', '士林區', '福華里', '楊小莉', '和豐街36號1樓', '02-28838325', '0936986345'),
(406, '台北市', '士林區', '明勝里', '張永棟', '承德路4段5之1號', '02-28855911', '0933920380'),
(407, '台北市', '士林區', '福順里', '林家卉', '延平北路5段136巷24號', '02-28160989', '0958830605'),
(408, '台北市', '士林區', '富光里', '高毓紋', '葫蘆街62號1樓', '02-28160879', '0909092282'),
(409, '台北市', '士林區', '葫蘆里', '許振禮', '葫蘆街137號1樓', '02-28102336', '0958972685'),
(410, '台北市', '士林區', '葫東里', '郭淑玲', '重慶北路4段215號', '02-88113989', '0933716265'),
(411, '台北市', '士林區', '社子里', '陳明雄', '社正路11號2樓', '02-28111133', '0963226526'),
(412, '台北市', '士林區', '社新里', '陳淑玲', '社子街78號', '02-28114458', '0927272285'),
(413, '台北市', '士林區', '社園里', '陳飛熊', '社中街279號', '02-28163389', '0928233559'),
(414, '台北市', '士林區', '永倫里', '石林麗惠', '永平街1號1樓', '02-28128208', '0982752527'),
(415, '台北市', '士林區', '福安里', '謝文加', '延平北路7段107巷10號', '02-28110838', '0932353134'),
(416, '台北市', '士林區', '富洲里', '陳惠民', '延平北路8段109號', '02-28161629', '0988538777'),
(417, '台北市', '士林區', '岩山里', '林美雯', '芝玉路1段197巷1號', '02-28317790', '0935807277'),
(418, '台北市', '士林區', '名山里', '薛群秀', '雨聲街68號', '02-28366501', '0936466316'),
(419, '台北市', '士林區', '聖山里', '吳三勇', '德行東路190巷6弄2號1樓', '02-28323118', '0937809009'),
(420, '台北市', '士林區', '芝山里', '魏雅郁', '德行東路308號', '02-28366179', '0939074659'),
(421, '台北市', '士林區', '東山里', '陳文賢', '士東路320巷2號', '02-28312348', '0986666969'),
(422, '台北市', '士林區', '忠誠里', '曾坤來', '德行東路74巷15弄1號1樓', '02-28310943', '0988269345'),
(423, '台北市', '士林區', '德行里', '張僡美', '德行西路30號', '02-88662865', '0939931903'),
(424, '台北市', '士林區', '德華里', '林明儀(代)', '中正路439號9樓', '02-28826200', '0972295827'),
(425, '台北市', '士林區', '蘭雅里', '萬天榮', '中山北路6段290巷7弄25號1樓', '02-28322021', '0939710597'),
(426, '台北市', '士林區', '蘭興里', '林文龍', '福華路180號2樓', '02-88664298', '0935389389'),
(427, '台北市', '士林區', '三玉里', '羅志傑', '士東路200巷62號', '02-28315689', '0937022969'),
(428, '台北市', '士林區', '天福里', '江啓南', '天母東路8巷31弄6號1樓', '02-28725515', '0928118653'),
(429, '台北市', '士林區', '天祿里', '李錦琿', '中山北路6段728巷8號1樓', '02-28718465', '0911729171'),
(430, '台北市', '士林區', '天壽里', '陳伯同', '中山北路6段405巷50號2樓', '02-28716832', '0955088580'),
(431, '台北市', '士林區', '天和里', '蔡明松', '中山北路7段154巷6號4樓', '02-28754030', '0937022800'),
(432, '台北市', '士林區', '天山里', '陳永鴻', '中山北路7段154巷6號4樓', '02-28723220', '0919318119'),
(433, '台北市', '士林區', '天玉里', '張心怡(代理)', '中正路439號9樓', '02-28826200', '0972295840'),
(434, '台北市', '士林區', '天母里', '李陳菜蓮', '中山北路7段191巷23號', '02-28715077', '0922805985'),
(435, '台北市', '士林區', '永福里', '林國柱', '莊頂路113號隔壁', '02-28611288', '0958596558'),
(436, '台北市', '士林區', '公館里', '葉進財', '永公路412號之1', '02-28618987', '0976955282'),
(437, '台北市', '士林區', '新安里', '陳韋甫', '仰德大道3段106巷21號', '02-28610562', '0958275999'),
(438, '台北市', '士林區', '陽明里', '黃裕倉', '菁山路34巷1號', '02-28618717', '0920756571'),
(439, '台北市', '士林區', '菁山里', '何德寬', '菁山路101巷34號', '02-28611717', '0937851848'),
(440, '台北市', '士林區', '平等里', '徐明忠', '平菁街106巷18號', '02-28616899', '0919312369'),
(441, '台北市', '士林區', '溪山里', '黃慧芬', '至善路3段258號旁', '02-28413687', '0933898089'),
(442, '台北市', '士林區', '翠山里', '陳之貴', '中社路1段36巷2之1號', '02-28412197', '0922626557'),
(443, '台北市', '士林區', '臨溪里', '郭肇富', '至善路2段149號', '02-28819429', '0932240702'),
(444, '台北市', '北投區', '建民里', '簡妤年', '112023臺北市北投區文林北路36號', '02-2828-2580', '0906-905-025'),
(445, '台北市', '北投區', '文林里', '李珮緁', '112051臺北市北投區致遠一路1段9號1樓', '02-2823-1156', '0905-717-866'),
(446, '台北市', '北投區', '石牌里', '洪美惠', '112048臺北市北投區建民路116巷13號1樓', '02-2820-1369', '0921-895-893'),
(447, '台北市', '北投區', '福興里', '蔡柳池', '112050臺北市北投區自強街21號1樓', '02-2823-9721', '0932-201-491'),
(448, '台北市', '北投區', '榮光里', '蘇寶鈴', '112052臺北市北投區石牌路一段166巷43弄15號', '02-2823-1593', '0910-911-378'),
(449, '台北市', '北投區', '榮華里', '何漢清', '112038臺北市北投區明德路136巷16號1樓', '02-2821-6350', '0932-251-780'),
(450, '台北市', '北投區', '裕民里', '莊振寧', '112041臺北市北投區懷德街14巷17號一樓', '02-2826-1139', '0932-252-523'),
(451, '台北市', '北投區', '振華里', '郭崇儀', '112042臺北市北投區振華街15號1樓', '02-2823-6110', '0922-843-121'),
(452, '台北市', '北投區', '永和里', '曾富榆', '112043臺北市北投區行義路63號', '02-2875-3298', '0928-868-298'),
(453, '台北市', '北投區', '永欣里', '潘萬生', '112043臺北市北投區石牌路二段334-1號1樓', '02-2874-5213', '0932-257-559'),
(454, '台北市', '北投區', '永明里', '何麗玲', '112026臺北市北投區義理街65號', '02-2821-3214', '0920-646-338'),
(455, '台北市', '北投區', '東華里', '袁大祥', '112025臺北市北投區致遠三路158號2樓', '02-2822-6937', '0955-825-788'),
(456, '台北市', '北投區', '吉利里', '劉序剛', '112031臺北市北投區石牌路一段39巷120弄7號', '02-2828-1088', '0933-881-532'),
(457, '台北市', '北投區', '吉慶里', '黃勝宗', '112034臺北市北投區致遠二路61巷2-2號', '02-2827-5233', '0936-222-517'),
(458, '台北市', '北投區', '尊賢里', '張勻通', '112023臺北市北投區尊賢街302巷19號', '02-2827-0945', '0927-955-059'),
(459, '台北市', '北投區', '立賢里', '邱福銀', '112036臺北市北投區尊賢街249巷23號', '02-2828-2688', '0932-079-096'),
(460, '台北市', '北投區', '立農里', '潘建榮', '112032臺北市北投區立農街一段319號', '02-2826-2408', '0923-103-747'),
(461, '台北市', '北投區', '八仙里', '黃永清', '112030臺北市北投區北投路一段臨20號', '02-2898-5252', '0920-228-823'),
(462, '台北市', '北投區', '洲美里', '陳照梅', '112037臺北市北投區福美路203號', '02-2828-9798', '0933-765-939'),
(463, '台北市', '北投區', '奇岩里', '賴進利', '112005臺北市北投區公舘路249之1號', '02-2896-2888', '0937-023-674'),
(464, '台北市', '北投區', '清江里', '李炳亷', '112024臺北市北投區清江路201號', '02-2892-2543', '0939-847-928'),
(465, '台北市', '北投區', '中央里', '陳國樑', '112030臺北市北投區北投路一段93巷3號', '02-2892-4106', '0937-023-654'),
(466, '台北市', '北投區', '長安里', '陳章生', '112009臺北市北投區育仁路111巷9號', '02-2893-3157', '0939-611-019'),
(467, '台北市', '北投區', '大同里', '陳文鈴', '112009臺北市北投區大同街133號', '02-2894-0356', '0932-355-806'),
(468, '台北市', '北投區', '溫泉里', '許智全', '112023臺北市北投區溫泉路68巷6弄15之2號', '02-2897-3645', '0928-770-878'),
(469, '台北市', '北投區', '林泉里', '陳惠華', '112003臺北市北投區中心街24號', '02-2897-8157', '0958-904-106'),
(470, '台北市', '北投區', '中心里', '陳力彰', '112028臺北市北投區珠海路15號', '02-2896-0063', '0927-764-370'),
(471, '台北市', '北投區', '中庸里', '藍靜莉', '112013臺北市北投區永興路1段12號', '02-2897-5299', '0926-060-018'),
(472, '台北市', '北投區', '開明里', '左麗芳', '112011臺北市北投區永興路二段8號', '02-2893-2400', '0912-818-252'),
(473, '台北市', '北投區', '中和里', '黃景煌', '112011臺北市北投區中和街365號', '02-2894-2200', '0919-210-306'),
(474, '台北市', '北投區', '智仁里', '許世傳', '112010臺北市北投區杏林二路74巷3號', '02-2895-9722', '0932-141-019'),
(475, '台北市', '北投區', '秀山里', '陳壽彭', '112023臺北市北投區中和街502巷15號', '02-2894-1666', '0937-022-555'),
(476, '台北市', '北投區', '文化里', '周世英', '112053臺北市北投區文化三路55號1樓', '02-2891-7488', '0952-914-338'),
(477, '台北市', '北投區', '豐年里', '周江雪珠', '112061臺北市北投區中央北路二段95巷1弄1號', '02-2891-7441', '0928-030-047'),
(478, '台北市', '北投區', '稻香里', '黃永瀚(代理)', '112016臺北市北投區稻香路81號6樓之2', '02-2894-1818', '0909-804-597'),
(479, '台北市', '北投區', '桃源里', '陳仲宏', '112023臺北市北投區新興路158巷17號', '02-2893-3131', '0939-669-313'),
(480, '台北市', '北投區', '一德里', '黃玉樹', '112055臺北市北投區中央北路四段538號2樓', '02-2897-2600', '0973-717-772'),
(481, '台北市', '北投區', '關渡里', '張淑綢', '112055臺北市北投區知行路316巷20弄15號', '02-2858-1878', '0989-006-537'),
(482, '台北市', '北投區', '泉源里', '陳志成', '112007臺北市北投區泉源路242號', '02-2891-9539', '0920-883-960'),
(483, '台北市', '北投區', '湖山里', '李秋霞', '112091臺北市北投區湖山路一段48之2號', '02-2862-0288', '0932-923-070'),
(484, '台北市', '北投區', '大屯里', '張天恩', '112008臺北市北投區復興三路521巷18號', '02-2891-1750', '0985-325-333'),
(485, '台北市', '北投區', '湖田里', '曹昌正', '112092臺北市北投區竹子湖路35之1號', '02-2862-8787', '0932-137-123');

-- --------------------------------------------------------

--
-- 檢視表結構 `member_family_view`
--
DROP TABLE IF EXISTS `member_family_view`;

CREATE ALGORITHM=UNDEFINED DEFINER=`root`@`localhost` SQL SECURITY DEFINER VIEW `member_family_view`  AS SELECT `m`.`id` AS `member_id`, `m`.`new_member` AS `new_member`, `m`.`name` AS `name`, `m`.`gender` AS `gender`, `m`.`birthday` AS `birthday`, `m`.`placeOfBirth` AS `placeOfBirth`, `m`.`address` AS `address`, `m`.`living_status` AS `living_status`, `f`.`father` AS `father`, `f`.`mother` AS `mother`, `f`.`adoptiveFather` AS `adoptiveFather`, `f`.`fosterMother` AS `fosterMother`, `f`.`spouse` AS `spouse`, `f`.`brothers` AS `brothers`, `f`.`sisters` AS `sisters`, `f`.`FamilySituation` AS `FamilySituation`, `f`.`son1` AS `son1`, `f`.`son2` AS `son2`, `f`.`son3` AS `son3`, `f`.`son4` AS `son4`, `f`.`son5` AS `son5`, `f`.`son6` AS `son6`, `f`.`son7` AS `son7`, `f`.`son8` AS `son8`, `f`.`son9` AS `son9`, `f`.`daughter1` AS `daughter1`, `f`.`daughter2` AS `daughter2`, `f`.`daughter3` AS `daughter3`, `f`.`daughter4` AS `daughter4`, `f`.`daughter5` AS `daughter5`, `f`.`daughter6` AS `daughter6`, `f`.`daughter7` AS `daughter7`, `f`.`daughter8` AS `daughter8`, `f`.`daughter9` AS `daughter9`, `m`.`remarks` AS `member_remarks`, `f`.`remarks` AS `family_remarks` FROM (`members` `m` join `family` `f` on(`m`.`new_member` = `f`.`new_member` and `m`.`name` = `f`.`name`)) ;

--
-- 已傾印資料表的索引
--

--
-- 資料表索引 `family`
--
ALTER TABLE `family`
  ADD PRIMARY KEY (`id`);

--
-- 資料表索引 `members`
--
ALTER TABLE `members`
  ADD PRIMARY KEY (`id`);

--
-- 資料表索引 `village-chief`
--
ALTER TABLE `village-chief`
  ADD PRIMARY KEY (`id`);

--
-- 在傾印的資料表使用自動遞增(AUTO_INCREMENT)
--

--
-- 使用資料表自動遞增(AUTO_INCREMENT) `family`
--
ALTER TABLE `family`
  MODIFY `id` int(11) NOT NULL AUTO_INCREMENT COMMENT '流水號', AUTO_INCREMENT=61;

--
-- 使用資料表自動遞增(AUTO_INCREMENT) `members`
--
ALTER TABLE `members`
  MODIFY `id` int(11) NOT NULL AUTO_INCREMENT COMMENT '流水號', AUTO_INCREMENT=61;
--
-- 資料庫： `lee_clan_demo`
--
CREATE DATABASE IF NOT EXISTS `lee_clan_demo` DEFAULT CHARACTER SET utf8mb4 COLLATE utf8mb4_unicode_ci;
USE `lee_clan_demo`;

-- --------------------------------------------------------

--
-- 資料表結構 `lee_assets`
--

CREATE TABLE `lee_assets` (
  `asset_id` int(11) NOT NULL,
  `asset_name` varchar(120) NOT NULL,
  `asset_type` enum('image','video','pdf','link','location') NOT NULL,
  `location` varchar(180) NOT NULL,
  `asset_value` varchar(500) NOT NULL,
  `updated_at` datetime NOT NULL
) ENGINE=InnoDB DEFAULT CHARSET=utf8mb4 COLLATE=utf8mb4_unicode_ci;

--
-- 傾印資料表的資料 `lee_assets`
--

INSERT INTO `lee_assets` (`asset_id`, `asset_name`, `asset_type`, `location`, `asset_value`, `updated_at`) VALUES
(1, '首頁輪播一', 'image', 'home', 'https://images.unsplash.com/photo-1499696010180-025ef6e1a8f9', '2026-01-01 10:00:00'),
(2, '首頁輪播二', 'image', 'home', 'https://images.unsplash.com/photo-1510798831971-661eb04b3739', '2026-01-01 10:00:00'),
(3, '祭祀公業李武略', 'location', 'ancestral', '臺中市；統一編號76645678', '2026-01-01 10:00:00'),
(4, '田寮李姓族譜', 'pdf', 'manuals', 'uploads/tianliao-lee-demo.pdf', '2026-01-01 10:00:00'),
(5, '宗祠活動影片', 'video', 'events', 'https://example.org/video', '2026-01-01 10:00:00');

-- --------------------------------------------------------

--
-- 資料表結構 `lee_contacts`
--

CREATE TABLE `lee_contacts` (
  `contact_id` int(11) NOT NULL,
  `name` varchar(80) NOT NULL,
  `email` varchar(160) NOT NULL,
  `message` text NOT NULL,
  `submitted_at` datetime NOT NULL,
  `is_read` tinyint(1) NOT NULL DEFAULT 0
) ENGINE=InnoDB DEFAULT CHARSET=utf8mb4 COLLATE=utf8mb4_unicode_ci;

--
-- 傾印資料表的資料 `lee_contacts`
--

INSERT INTO `lee_contacts` (`contact_id`, `name`, `email`, `message`, `submitted_at`, `is_read`) VALUES
(1, '李氏訪客一', 'guest01@example.org', '想了解李武略派下入會方式。', '2026-02-01 12:00:00', 0),
(2, '李氏訪客二', 'guest02@example.org', '請協助更新族譜資料。', '2026-02-02 12:00:00', 1);

-- --------------------------------------------------------

--
-- 資料表結構 `lee_culture`
--

CREATE TABLE `lee_culture` (
  `culture_id` int(11) NOT NULL,
  `title` varchar(160) NOT NULL,
  `story` text NOT NULL,
  `category` varchar(80) NOT NULL,
  `created_at` datetime NOT NULL
) ENGINE=InnoDB DEFAULT CHARSET=utf8mb4 COLLATE=utf8mb4_unicode_ci;

--
-- 傾印資料表的資料 `lee_culture`
--

INSERT INTO `lee_culture` (`culture_id`, `title`, `story`, `category`, `created_at`) VALUES
(1, '李武略號殖春公資料', '李武略（號殖春，本名李良經）派下資料整理。', '祖源', '2026-01-01 08:00:00'),
(2, '福建來臺線索', '保留福建、朴子、大糠榔、大甲外水尾等遷徙脈絡。', '遷徙', '2026-01-02 08:00:00'),
(3, '宗祠大埕記憶', '宗祠大埕、祭祖與派下相聚的文化記錄。', '活動', '2026-01-03 08:00:00'),
(4, '隴西堂記憶', '堂號文化作為待查資料欄位。', '堂號', '2026-01-04 08:00:00'),
(5, '高雄田寮五房', '田寮開基祖清李武略，下有五子分五房，作為族譜查詢與派下分類欄位。', '族譜', '2026-01-05 08:00:00');

-- --------------------------------------------------------

--
-- 資料表結構 `lee_events`
--

CREATE TABLE `lee_events` (
  `event_id` int(11) NOT NULL,
  `member_id` int(11) DEFAULT NULL,
  `title` varchar(160) NOT NULL,
  `description` text NOT NULL,
  `photo_url` varchar(500) DEFAULT NULL,
  `video_url` varchar(500) DEFAULT NULL,
  `event_date` date NOT NULL
) ENGINE=InnoDB DEFAULT CHARSET=utf8mb4 COLLATE=utf8mb4_unicode_ci;

--
-- 傾印資料表的資料 `lee_events`
--

INSERT INTO `lee_events` (`event_id`, `member_id`, `title`, `description`, `photo_url`, `video_url`, `event_date`) VALUES
(1, 1, '宗祠大埕', '李武略派下宗祠大埕活動紀錄。', 'https://images.unsplash.com/photo-1511795409834-ef04bbd61622', NULL, '2026-03-15'),
(2, 2, '祭祖活動', '李武略號殖春公祭祀流程示範。', 'https://images.unsplash.com/photo-1529156069898-49953e39b3ac', NULL, '2026-04-20'),
(3, 3, '族譜整理會', '派下資料校對與族譜查詢。', NULL, NULL, '2026-05-01'),
(4, 4, '外水尾聯誼', '外水尾資料節點與宗親聯繫。', NULL, NULL, '2026-05-22'),
(5, 5, '文獻典藏工作坊', '古文書與來源資料整理。', NULL, NULL, '2026-06-08'),
(6, 6, '公業管理會議', '祭祀公業與祖產資料維護。', NULL, NULL, '2026-07-10'),
(7, 7, '年度宗親日', '年度活動與會員交流。', NULL, NULL, '2026-08-18');

-- --------------------------------------------------------

--
-- 資料表結構 `lee_genealogy`
--

CREATE TABLE `lee_genealogy` (
  `ancestor_id` int(11) NOT NULL,
  `parent_id` int(11) DEFAULT NULL,
  `ancestor_name` varchar(80) NOT NULL,
  `generation` int(11) NOT NULL,
  `branch_name` varchar(80) NOT NULL,
  `biography` text NOT NULL
) ENGINE=InnoDB DEFAULT CHARSET=utf8mb4 COLLATE=utf8mb4_unicode_ci;

--
-- 傾印資料表的資料 `lee_genealogy`
--

INSERT INTO `lee_genealogy` (`ancestor_id`, `parent_id`, `ancestor_name`, `generation`, `branch_name`, `biography`) VALUES
(1, NULL, '李靜', 1, '祖源線索', '嘉慶十二年契約摘要提到李靜之孫李武略，作為待查文獻線索。'),
(2, 1, '李武略', 2, '號殖春', '本名李良經，李武略號殖春公派下祖先資料。'),
(3, 2, '李武略派下長房', 3, '長房', '派下支派示範資料。'),
(4, 2, '李武略派下二房', 3, '二房', '派下支派示範資料。'),
(5, 2, '李武略派下三房', 3, '三房', '派下支派示範資料。'),
(6, 3, '臺中大甲支派', 4, '臺中大甲', '散居地與地區資料示範。'),
(7, 4, '嘉義朴子支派', 4, '嘉義朴子', '散居地與地區資料示範。'),
(8, 5, '外水尾支派', 4, '外水尾', '大甲外水尾資料節點示範。');

-- --------------------------------------------------------

--
-- 資料表結構 `lee_logs`
--

CREATE TABLE `lee_logs` (
  `log_id` int(11) NOT NULL,
  `member_id` int(11) DEFAULT NULL,
  `action` varchar(180) NOT NULL,
  `logged_at` datetime NOT NULL
) ENGINE=InnoDB DEFAULT CHARSET=utf8mb4 COLLATE=utf8mb4_unicode_ci;

--
-- 傾印資料表的資料 `lee_logs`
--

INSERT INTO `lee_logs` (`log_id`, `member_id`, `action`, `logged_at`) VALUES
(1, 1, 'created lee wulue demo data', '2026-01-01 10:30:00'),
(2, 2, 'updated genealogy source notes', '2026-01-02 10:30:00'),
(3, 1, 'admin login', '2026-05-28 13:16:22'),
(4, 1, 'admin login', '2026-05-28 13:24:02'),
(5, 1, 'admin login', '2026-05-28 13:26:37'),
(6, 1, 'admin login', '2026-05-28 13:31:22'),
(7, 11, 'admin login', '2026-05-28 13:31:41'),
(8, 1, 'admin login', '2026-05-29 02:50:38');

-- --------------------------------------------------------

--
-- 資料表結構 `lee_manuals`
--

CREATE TABLE `lee_manuals` (
  `manual_id` int(11) NOT NULL,
  `member_id` int(11) DEFAULT NULL,
  `manual_year` year(4) NOT NULL,
  `title` varchar(160) NOT NULL,
  `file_url` varchar(500) NOT NULL,
  `upload_date` date NOT NULL
) ENGINE=InnoDB DEFAULT CHARSET=utf8mb4 COLLATE=utf8mb4_unicode_ci;

--
-- 傾印資料表的資料 `lee_manuals`
--

INSERT INTO `lee_manuals` (`manual_id`, `member_id`, `manual_year`, `title`, `file_url`, `upload_date`) VALUES
(1, 1, '2022', '李武略派下111年手冊', 'uploads/manual-2022.pdf', '2022-12-01'),
(2, 1, '2023', '李武略派下112年手冊', 'uploads/manual-2023.pdf', '2023-12-01'),
(3, 2, '2024', '李武略派下113年手冊', 'uploads/manual-2024.pdf', '2024-12-01'),
(4, 2, '2025', '李武略派下114年手冊', 'uploads/manual-2025.pdf', '2025-12-01'),
(5, 1, '2026', '李武略派下115年手冊', 'uploads/manual-2026.pdf', '2026-12-01');

-- --------------------------------------------------------

--
-- 資料表結構 `lee_members`
--

CREATE TABLE `lee_members` (
  `member_id` int(11) NOT NULL,
  `name` varchar(80) NOT NULL,
  `email` varchar(160) NOT NULL,
  `password_hash` varchar(255) NOT NULL,
  `role` enum('admin','editor','member') NOT NULL DEFAULT 'member',
  `area` varchar(80) NOT NULL,
  `join_date` date NOT NULL,
  `created_at` timestamp NOT NULL DEFAULT current_timestamp()
) ENGINE=InnoDB DEFAULT CHARSET=utf8mb4 COLLATE=utf8mb4_unicode_ci;

--
-- 傾印資料表的資料 `lee_members`
--

INSERT INTO `lee_members` (`member_id`, `name`, `email`, `password_hash`, `role`, `area`, `join_date`, `created_at`) VALUES
(1, '李氏管理員', 'admin@example.org', '$2y$10$demo', 'admin', '臺中大甲', '2024-01-10', '2026-05-27 07:54:48'),
(2, '李氏編輯', 'editor@example.org', '$2y$10$demo', 'editor', '外水尾', '2024-02-12', '2026-05-27 07:54:48'),
(3, '李氏會員一', 'member01@example.org', '$2y$10$demo', 'member', '大糠榔', '2024-03-01', '2026-05-27 07:54:48'),
(4, '李氏會員二', 'member02@example.org', '$2y$10$demo', 'member', '嘉義朴子', '2024-03-05', '2026-05-27 07:54:48'),
(5, '李氏會員三', 'member03@example.org', '$2y$10$demo', 'member', '北部聯絡', '2024-04-11', '2026-05-27 07:54:48'),
(6, '李氏會員四', 'member04@example.org', '$2y$10$demo', 'member', '桃竹苗', '2024-04-18', '2026-05-27 07:54:48'),
(7, '李氏會員五', 'member05@example.org', '$2y$10$demo', 'member', '彰化雲嘉', '2024-05-20', '2026-05-27 07:54:48'),
(8, '李苡柔', 'member06@example.org', '$2y$10$demo', 'admin', '海外', '2024-06-22', '2026-05-27 07:54:48'),
(9, '李梅蘭', 'mis@aibooksbank.com', '1234', 'member', '台北市', '2026-05-28', '2026-05-28 05:17:10'),
(10, '李六', '902201768@webmail.nou.edu.tw', '123456', 'editor', '大甲區', '2026-05-25', '2026-05-28 05:17:49'),
(11, 'may', 's6351301@gmail.com', '1234', 'admin', '台北市', '2026-05-28', '2026-05-28 05:24:30');

-- --------------------------------------------------------

--
-- 資料表結構 `lee_news`
--

CREATE TABLE `lee_news` (
  `news_id` int(11) NOT NULL,
  `member_id` int(11) DEFAULT NULL,
  `title` varchar(160) NOT NULL,
  `summary` varchar(255) NOT NULL,
  `content` text NOT NULL,
  `status` enum('draft','published') NOT NULL DEFAULT 'draft',
  `created_at` datetime NOT NULL,
  `updated_at` datetime DEFAULT NULL
) ENGINE=InnoDB DEFAULT CHARSET=utf8mb4 COLLATE=utf8mb4_unicode_ci;

--
-- 傾印資料表的資料 `lee_news`
--

INSERT INTO `lee_news` (`news_id`, `member_id`, `title`, `summary`, `content`, `status`, `created_at`, `updated_at`) VALUES
(1, 1, '李武略資料來源整理', '新增族譜與祭祀公業資料來源。', '整理李武略號殖春公派下相關網路來源。', 'published', '2026-01-10 09:00:00', '2026-01-10 09:00:00'),
(2, 2, '李良經資料欄位建立', '本名欄位已加入人物資料卡。', '本名李良經、號殖春、祖先李武略。', 'published', '2026-01-20 09:00:00', '2026-01-20 09:00:00'),
(3, 1, '族譜紀錄頁更新', '加入李武略號殖春公派下系統。', '族譜頁保留世系與來源欄位。', 'published', '2026-02-03 09:00:00', '2026-02-03 09:00:00'),
(4, 2, '祭祀公業資料更新', '加入統一編號 76645678。', '祭祀公業頁可管理公業與宗祠資料。', 'published', '2026-02-18 09:00:00', '2026-02-18 09:00:00'),
(5, 1, '宗祠大埕活動紀錄', '活動花絮頁加入宗祠活動。', '活動照片與影片未來由後台上傳。', 'draft', '2026-03-02 09:00:00', NULL),
(6, 2, '外水尾資料節點', '地區區塊加入外水尾。', '保留地區與資料節點欄位。', 'published', '2026-03-12 09:00:00', '2026-03-12 09:00:00'),
(7, 1, '古文書線索新增', '加入嘉慶十二年契約摘要。', '古文書需保留來源與查證日期。', 'published', '2026-04-01 09:00:00', '2026-04-01 09:00:00'),
(8, 2, '後台模組規劃完成', 'controller placeholder 已建立。', '後續可接 PHP CRUD。', 'draft', '2026-04-15 09:00:00', NULL);

--
-- 已傾印資料表的索引
--

--
-- 資料表索引 `lee_assets`
--
ALTER TABLE `lee_assets`
  ADD PRIMARY KEY (`asset_id`);

--
-- 資料表索引 `lee_contacts`
--
ALTER TABLE `lee_contacts`
  ADD PRIMARY KEY (`contact_id`);

--
-- 資料表索引 `lee_culture`
--
ALTER TABLE `lee_culture`
  ADD PRIMARY KEY (`culture_id`);

--
-- 資料表索引 `lee_events`
--
ALTER TABLE `lee_events`
  ADD PRIMARY KEY (`event_id`),
  ADD KEY `fk_events_member` (`member_id`);

--
-- 資料表索引 `lee_genealogy`
--
ALTER TABLE `lee_genealogy`
  ADD PRIMARY KEY (`ancestor_id`),
  ADD KEY `fk_genealogy_parent` (`parent_id`);

--
-- 資料表索引 `lee_logs`
--
ALTER TABLE `lee_logs`
  ADD PRIMARY KEY (`log_id`),
  ADD KEY `fk_logs_member` (`member_id`);

--
-- 資料表索引 `lee_manuals`
--
ALTER TABLE `lee_manuals`
  ADD PRIMARY KEY (`manual_id`),
  ADD KEY `fk_manuals_member` (`member_id`);

--
-- 資料表索引 `lee_members`
--
ALTER TABLE `lee_members`
  ADD PRIMARY KEY (`member_id`),
  ADD UNIQUE KEY `email` (`email`);

--
-- 資料表索引 `lee_news`
--
ALTER TABLE `lee_news`
  ADD PRIMARY KEY (`news_id`),
  ADD KEY `fk_news_member` (`member_id`);

--
-- 在傾印的資料表使用自動遞增(AUTO_INCREMENT)
--

--
-- 使用資料表自動遞增(AUTO_INCREMENT) `lee_assets`
--
ALTER TABLE `lee_assets`
  MODIFY `asset_id` int(11) NOT NULL AUTO_INCREMENT, AUTO_INCREMENT=6;

--
-- 使用資料表自動遞增(AUTO_INCREMENT) `lee_contacts`
--
ALTER TABLE `lee_contacts`
  MODIFY `contact_id` int(11) NOT NULL AUTO_INCREMENT, AUTO_INCREMENT=3;

--
-- 使用資料表自動遞增(AUTO_INCREMENT) `lee_culture`
--
ALTER TABLE `lee_culture`
  MODIFY `culture_id` int(11) NOT NULL AUTO_INCREMENT, AUTO_INCREMENT=6;

--
-- 使用資料表自動遞增(AUTO_INCREMENT) `lee_events`
--
ALTER TABLE `lee_events`
  MODIFY `event_id` int(11) NOT NULL AUTO_INCREMENT, AUTO_INCREMENT=8;

--
-- 使用資料表自動遞增(AUTO_INCREMENT) `lee_genealogy`
--
ALTER TABLE `lee_genealogy`
  MODIFY `ancestor_id` int(11) NOT NULL AUTO_INCREMENT, AUTO_INCREMENT=9;

--
-- 使用資料表自動遞增(AUTO_INCREMENT) `lee_logs`
--
ALTER TABLE `lee_logs`
  MODIFY `log_id` int(11) NOT NULL AUTO_INCREMENT, AUTO_INCREMENT=9;

--
-- 使用資料表自動遞增(AUTO_INCREMENT) `lee_manuals`
--
ALTER TABLE `lee_manuals`
  MODIFY `manual_id` int(11) NOT NULL AUTO_INCREMENT, AUTO_INCREMENT=6;

--
-- 使用資料表自動遞增(AUTO_INCREMENT) `lee_members`
--
ALTER TABLE `lee_members`
  MODIFY `member_id` int(11) NOT NULL AUTO_INCREMENT, AUTO_INCREMENT=13;

--
-- 使用資料表自動遞增(AUTO_INCREMENT) `lee_news`
--
ALTER TABLE `lee_news`
  MODIFY `news_id` int(11) NOT NULL AUTO_INCREMENT, AUTO_INCREMENT=9;

--
-- 已傾印資料表的限制式
--

--
-- 資料表的限制式 `lee_events`
--
ALTER TABLE `lee_events`
  ADD CONSTRAINT `fk_events_member` FOREIGN KEY (`member_id`) REFERENCES `lee_members` (`member_id`) ON DELETE SET NULL;

--
-- 資料表的限制式 `lee_genealogy`
--
ALTER TABLE `lee_genealogy`
  ADD CONSTRAINT `fk_genealogy_parent` FOREIGN KEY (`parent_id`) REFERENCES `lee_genealogy` (`ancestor_id`) ON DELETE SET NULL;

--
-- 資料表的限制式 `lee_logs`
--
ALTER TABLE `lee_logs`
  ADD CONSTRAINT `fk_logs_member` FOREIGN KEY (`member_id`) REFERENCES `lee_members` (`member_id`) ON DELETE SET NULL;

--
-- 資料表的限制式 `lee_manuals`
--
ALTER TABLE `lee_manuals`
  ADD CONSTRAINT `fk_manuals_member` FOREIGN KEY (`member_id`) REFERENCES `lee_members` (`member_id`) ON DELETE SET NULL;

--
-- 資料表的限制式 `lee_news`
--
ALTER TABLE `lee_news`
  ADD CONSTRAINT `fk_news_member` FOREIGN KEY (`member_id`) REFERENCES `lee_members` (`member_id`) ON DELETE SET NULL;
--
-- 資料庫： `members`
--
CREATE DATABASE IF NOT EXISTS `members` DEFAULT CHARACTER SET utf8mb4 COLLATE utf8mb4_unicode_ci;
USE `members`;

-- --------------------------------------------------------

--
-- 資料表結構 `members`
--

CREATE TABLE `members` (
  `id` int(11) NOT NULL,
  `acc` varchar(20) NOT NULL,
  `pw` varchar(20) NOT NULL,
  `name` varchar(20) DEFAULT NULL
) ENGINE=InnoDB DEFAULT CHARSET=utf8mb4 COLLATE=utf8mb4_unicode_ci;

--
-- 傾印資料表的資料 `members`
--

INSERT INTO `members` (`id`, `acc`, `pw`, `name`) VALUES
(1, '[may]', '[1234]', '[1234]'),
(2, '[lee]', '[1234]', '[1234]');

--
-- 已傾印資料表的索引
--

--
-- 資料表索引 `members`
--
ALTER TABLE `members`
  ADD PRIMARY KEY (`id`);

--
-- 在傾印的資料表使用自動遞增(AUTO_INCREMENT)
--

--
-- 使用資料表自動遞增(AUTO_INCREMENT) `members`
--
ALTER TABLE `members`
  MODIFY `id` int(11) NOT NULL AUTO_INCREMENT, AUTO_INCREMENT=3;
--
-- 資料庫： `phpmyadmin`
--
CREATE DATABASE IF NOT EXISTS `phpmyadmin` DEFAULT CHARACTER SET utf8 COLLATE utf8_bin;
USE `phpmyadmin`;

-- --------------------------------------------------------

--
-- 資料表結構 `pma__bookmark`
--

CREATE TABLE `pma__bookmark` (
  `id` int(10) UNSIGNED NOT NULL,
  `dbase` varchar(255) NOT NULL DEFAULT '',
  `user` varchar(255) NOT NULL DEFAULT '',
  `label` varchar(255) CHARACTER SET utf8 COLLATE utf8_general_ci NOT NULL DEFAULT '',
  `query` text NOT NULL
) ENGINE=InnoDB DEFAULT CHARSET=utf8 COLLATE=utf8_bin COMMENT='Bookmarks';

-- --------------------------------------------------------

--
-- 資料表結構 `pma__central_columns`
--

CREATE TABLE `pma__central_columns` (
  `db_name` varchar(64) NOT NULL,
  `col_name` varchar(64) NOT NULL,
  `col_type` varchar(64) NOT NULL,
  `col_length` text DEFAULT NULL,
  `col_collation` varchar(64) NOT NULL,
  `col_isNull` tinyint(1) NOT NULL,
  `col_extra` varchar(255) DEFAULT '',
  `col_default` text DEFAULT NULL
) ENGINE=InnoDB DEFAULT CHARSET=utf8 COLLATE=utf8_bin COMMENT='Central list of columns';

-- --------------------------------------------------------

--
-- 資料表結構 `pma__column_info`
--

CREATE TABLE `pma__column_info` (
  `id` int(5) UNSIGNED NOT NULL,
  `db_name` varchar(64) NOT NULL DEFAULT '',
  `table_name` varchar(64) NOT NULL DEFAULT '',
  `column_name` varchar(64) NOT NULL DEFAULT '',
  `comment` varchar(255) CHARACTER SET utf8 COLLATE utf8_general_ci NOT NULL DEFAULT '',
  `mimetype` varchar(255) CHARACTER SET utf8 COLLATE utf8_general_ci NOT NULL DEFAULT '',
  `transformation` varchar(255) NOT NULL DEFAULT '',
  `transformation_options` varchar(255) NOT NULL DEFAULT '',
  `input_transformation` varchar(255) NOT NULL DEFAULT '',
  `input_transformation_options` varchar(255) NOT NULL DEFAULT ''
) ENGINE=InnoDB DEFAULT CHARSET=utf8 COLLATE=utf8_bin COMMENT='Column information for phpMyAdmin';

-- --------------------------------------------------------

--
-- 資料表結構 `pma__designer_settings`
--

CREATE TABLE `pma__designer_settings` (
  `username` varchar(64) NOT NULL,
  `settings_data` text NOT NULL
) ENGINE=InnoDB DEFAULT CHARSET=utf8 COLLATE=utf8_bin COMMENT='Settings related to Designer';

-- --------------------------------------------------------

--
-- 資料表結構 `pma__export_templates`
--

CREATE TABLE `pma__export_templates` (
  `id` int(5) UNSIGNED NOT NULL,
  `username` varchar(64) NOT NULL,
  `export_type` varchar(10) NOT NULL,
  `template_name` varchar(64) NOT NULL,
  `template_data` text NOT NULL
) ENGINE=InnoDB DEFAULT CHARSET=utf8 COLLATE=utf8_bin COMMENT='Saved export templates';

-- --------------------------------------------------------

--
-- 資料表結構 `pma__favorite`
--

CREATE TABLE `pma__favorite` (
  `username` varchar(64) NOT NULL,
  `tables` text NOT NULL
) ENGINE=InnoDB DEFAULT CHARSET=utf8 COLLATE=utf8_bin COMMENT='Favorite tables';

-- --------------------------------------------------------

--
-- 資料表結構 `pma__history`
--

CREATE TABLE `pma__history` (
  `id` bigint(20) UNSIGNED NOT NULL,
  `username` varchar(64) NOT NULL DEFAULT '',
  `db` varchar(64) NOT NULL DEFAULT '',
  `table` varchar(64) NOT NULL DEFAULT '',
  `timevalue` timestamp NOT NULL DEFAULT current_timestamp(),
  `sqlquery` text NOT NULL
) ENGINE=InnoDB DEFAULT CHARSET=utf8 COLLATE=utf8_bin COMMENT='SQL history for phpMyAdmin';

-- --------------------------------------------------------

--
-- 資料表結構 `pma__navigationhiding`
--

CREATE TABLE `pma__navigationhiding` (
  `username` varchar(64) NOT NULL,
  `item_name` varchar(64) NOT NULL,
  `item_type` varchar(64) NOT NULL,
  `db_name` varchar(64) NOT NULL,
  `table_name` varchar(64) NOT NULL
) ENGINE=InnoDB DEFAULT CHARSET=utf8 COLLATE=utf8_bin COMMENT='Hidden items of navigation tree';

-- --------------------------------------------------------

--
-- 資料表結構 `pma__pdf_pages`
--

CREATE TABLE `pma__pdf_pages` (
  `db_name` varchar(64) NOT NULL DEFAULT '',
  `page_nr` int(10) UNSIGNED NOT NULL,
  `page_descr` varchar(50) CHARACTER SET utf8 COLLATE utf8_general_ci NOT NULL DEFAULT ''
) ENGINE=InnoDB DEFAULT CHARSET=utf8 COLLATE=utf8_bin COMMENT='PDF relation pages for phpMyAdmin';

-- --------------------------------------------------------

--
-- 資料表結構 `pma__recent`
--

CREATE TABLE `pma__recent` (
  `username` varchar(64) NOT NULL,
  `tables` text NOT NULL
) ENGINE=InnoDB DEFAULT CHARSET=utf8 COLLATE=utf8_bin COMMENT='Recently accessed tables';

--
-- 傾印資料表的資料 `pma__recent`
--

INSERT INTO `pma__recent` (`username`, `tables`) VALUES
('root', '[{\"db\":\"db12\",\"table\":\"member\"},{\"db\":\"db12\",\"table\":\"total\"},{\"db\":\"phpmyadmin\",\"table\":\"pma__designer_settings\"},{\"db\":\"mysql\",\"table\":\"columns_priv\"}]');

-- --------------------------------------------------------

--
-- 資料表結構 `pma__relation`
--

CREATE TABLE `pma__relation` (
  `master_db` varchar(64) NOT NULL DEFAULT '',
  `master_table` varchar(64) NOT NULL DEFAULT '',
  `master_field` varchar(64) NOT NULL DEFAULT '',
  `foreign_db` varchar(64) NOT NULL DEFAULT '',
  `foreign_table` varchar(64) NOT NULL DEFAULT '',
  `foreign_field` varchar(64) NOT NULL DEFAULT ''
) ENGINE=InnoDB DEFAULT CHARSET=utf8 COLLATE=utf8_bin COMMENT='Relation table';

-- --------------------------------------------------------

--
-- 資料表結構 `pma__savedsearches`
--

CREATE TABLE `pma__savedsearches` (
  `id` int(5) UNSIGNED NOT NULL,
  `username` varchar(64) NOT NULL DEFAULT '',
  `db_name` varchar(64) NOT NULL DEFAULT '',
  `search_name` varchar(64) NOT NULL DEFAULT '',
  `search_data` text NOT NULL
) ENGINE=InnoDB DEFAULT CHARSET=utf8 COLLATE=utf8_bin COMMENT='Saved searches';

-- --------------------------------------------------------

--
-- 資料表結構 `pma__table_coords`
--

CREATE TABLE `pma__table_coords` (
  `db_name` varchar(64) NOT NULL DEFAULT '',
  `table_name` varchar(64) NOT NULL DEFAULT '',
  `pdf_page_number` int(11) NOT NULL DEFAULT 0,
  `x` float UNSIGNED NOT NULL DEFAULT 0,
  `y` float UNSIGNED NOT NULL DEFAULT 0
) ENGINE=InnoDB DEFAULT CHARSET=utf8 COLLATE=utf8_bin COMMENT='Table coordinates for phpMyAdmin PDF output';

-- --------------------------------------------------------

--
-- 資料表結構 `pma__table_info`
--

CREATE TABLE `pma__table_info` (
  `db_name` varchar(64) NOT NULL DEFAULT '',
  `table_name` varchar(64) NOT NULL DEFAULT '',
  `display_field` varchar(64) NOT NULL DEFAULT ''
) ENGINE=InnoDB DEFAULT CHARSET=utf8 COLLATE=utf8_bin COMMENT='Table information for phpMyAdmin';

-- --------------------------------------------------------

--
-- 資料表結構 `pma__table_uiprefs`
--

CREATE TABLE `pma__table_uiprefs` (
  `username` varchar(64) NOT NULL,
  `db_name` varchar(64) NOT NULL,
  `table_name` varchar(64) NOT NULL,
  `prefs` text NOT NULL,
  `last_update` timestamp NOT NULL DEFAULT current_timestamp() ON UPDATE current_timestamp()
) ENGINE=InnoDB DEFAULT CHARSET=utf8 COLLATE=utf8_bin COMMENT='Tables'' UI preferences';

-- --------------------------------------------------------

--
-- 資料表結構 `pma__tracking`
--

CREATE TABLE `pma__tracking` (
  `db_name` varchar(64) NOT NULL,
  `table_name` varchar(64) NOT NULL,
  `version` int(10) UNSIGNED NOT NULL,
  `date_created` datetime NOT NULL,
  `date_updated` datetime NOT NULL,
  `schema_snapshot` text NOT NULL,
  `schema_sql` text DEFAULT NULL,
  `data_sql` longtext DEFAULT NULL,
  `tracking` set('UPDATE','REPLACE','INSERT','DELETE','TRUNCATE','CREATE DATABASE','ALTER DATABASE','DROP DATABASE','CREATE TABLE','ALTER TABLE','RENAME TABLE','DROP TABLE','CREATE INDEX','DROP INDEX','CREATE VIEW','ALTER VIEW','DROP VIEW') DEFAULT NULL,
  `tracking_active` int(1) UNSIGNED NOT NULL DEFAULT 1
) ENGINE=InnoDB DEFAULT CHARSET=utf8 COLLATE=utf8_bin COMMENT='Database changes tracking for phpMyAdmin';

-- --------------------------------------------------------

--
-- 資料表結構 `pma__userconfig`
--

CREATE TABLE `pma__userconfig` (
  `username` varchar(64) NOT NULL,
  `timevalue` timestamp NOT NULL DEFAULT current_timestamp() ON UPDATE current_timestamp(),
  `config_data` text NOT NULL
) ENGINE=InnoDB DEFAULT CHARSET=utf8 COLLATE=utf8_bin COMMENT='User preferences storage for phpMyAdmin';

--
-- 傾印資料表的資料 `pma__userconfig`
--

INSERT INTO `pma__userconfig` (`username`, `timevalue`, `config_data`) VALUES
('root', '2026-05-15 22:11:37', '{\"Console\\/Mode\":\"collapse\",\"lang\":\"zh_TW\"}');

-- --------------------------------------------------------

--
-- 資料表結構 `pma__usergroups`
--

CREATE TABLE `pma__usergroups` (
  `usergroup` varchar(64) NOT NULL,
  `tab` varchar(64) NOT NULL,
  `allowed` enum('Y','N') NOT NULL DEFAULT 'N'
) ENGINE=InnoDB DEFAULT CHARSET=utf8 COLLATE=utf8_bin COMMENT='User groups with configured menu items';

-- --------------------------------------------------------

--
-- 資料表結構 `pma__users`
--

CREATE TABLE `pma__users` (
  `username` varchar(64) NOT NULL,
  `usergroup` varchar(64) NOT NULL
) ENGINE=InnoDB DEFAULT CHARSET=utf8 COLLATE=utf8_bin COMMENT='Users and their assignments to user groups';

--
-- 已傾印資料表的索引
--

--
-- 資料表索引 `pma__bookmark`
--
ALTER TABLE `pma__bookmark`
  ADD PRIMARY KEY (`id`);

--
-- 資料表索引 `pma__central_columns`
--
ALTER TABLE `pma__central_columns`
  ADD PRIMARY KEY (`db_name`,`col_name`);

--
-- 資料表索引 `pma__column_info`
--
ALTER TABLE `pma__column_info`
  ADD PRIMARY KEY (`id`),
  ADD UNIQUE KEY `db_name` (`db_name`,`table_name`,`column_name`);

--
-- 資料表索引 `pma__designer_settings`
--
ALTER TABLE `pma__designer_settings`
  ADD PRIMARY KEY (`username`);

--
-- 資料表索引 `pma__export_templates`
--
ALTER TABLE `pma__export_templates`
  ADD PRIMARY KEY (`id`),
  ADD UNIQUE KEY `u_user_type_template` (`username`,`export_type`,`template_name`);

--
-- 資料表索引 `pma__favorite`
--
ALTER TABLE `pma__favorite`
  ADD PRIMARY KEY (`username`);

--
-- 資料表索引 `pma__history`
--
ALTER TABLE `pma__history`
  ADD PRIMARY KEY (`id`),
  ADD KEY `username` (`username`,`db`,`table`,`timevalue`);

--
-- 資料表索引 `pma__navigationhiding`
--
ALTER TABLE `pma__navigationhiding`
  ADD PRIMARY KEY (`username`,`item_name`,`item_type`,`db_name`,`table_name`);

--
-- 資料表索引 `pma__pdf_pages`
--
ALTER TABLE `pma__pdf_pages`
  ADD PRIMARY KEY (`page_nr`),
  ADD KEY `db_name` (`db_name`);

--
-- 資料表索引 `pma__recent`
--
ALTER TABLE `pma__recent`
  ADD PRIMARY KEY (`username`);

--
-- 資料表索引 `pma__relation`
--
ALTER TABLE `pma__relation`
  ADD PRIMARY KEY (`master_db`,`master_table`,`master_field`),
  ADD KEY `foreign_field` (`foreign_db`,`foreign_table`);

--
-- 資料表索引 `pma__savedsearches`
--
ALTER TABLE `pma__savedsearches`
  ADD PRIMARY KEY (`id`),
  ADD UNIQUE KEY `u_savedsearches_username_dbname` (`username`,`db_name`,`search_name`);

--
-- 資料表索引 `pma__table_coords`
--
ALTER TABLE `pma__table_coords`
  ADD PRIMARY KEY (`db_name`,`table_name`,`pdf_page_number`);

--
-- 資料表索引 `pma__table_info`
--
ALTER TABLE `pma__table_info`
  ADD PRIMARY KEY (`db_name`,`table_name`);

--
-- 資料表索引 `pma__table_uiprefs`
--
ALTER TABLE `pma__table_uiprefs`
  ADD PRIMARY KEY (`username`,`db_name`,`table_name`);

--
-- 資料表索引 `pma__tracking`
--
ALTER TABLE `pma__tracking`
  ADD PRIMARY KEY (`db_name`,`table_name`,`version`);

--
-- 資料表索引 `pma__userconfig`
--
ALTER TABLE `pma__userconfig`
  ADD PRIMARY KEY (`username`);

--
-- 資料表索引 `pma__usergroups`
--
ALTER TABLE `pma__usergroups`
  ADD PRIMARY KEY (`usergroup`,`tab`,`allowed`);

--
-- 資料表索引 `pma__users`
--
ALTER TABLE `pma__users`
  ADD PRIMARY KEY (`username`,`usergroup`);

--
-- 在傾印的資料表使用自動遞增(AUTO_INCREMENT)
--

--
-- 使用資料表自動遞增(AUTO_INCREMENT) `pma__bookmark`
--
ALTER TABLE `pma__bookmark`
  MODIFY `id` int(10) UNSIGNED NOT NULL AUTO_INCREMENT;

--
-- 使用資料表自動遞增(AUTO_INCREMENT) `pma__column_info`
--
ALTER TABLE `pma__column_info`
  MODIFY `id` int(5) UNSIGNED NOT NULL AUTO_INCREMENT;

--
-- 使用資料表自動遞增(AUTO_INCREMENT) `pma__export_templates`
--
ALTER TABLE `pma__export_templates`
  MODIFY `id` int(5) UNSIGNED NOT NULL AUTO_INCREMENT;

--
-- 使用資料表自動遞增(AUTO_INCREMENT) `pma__history`
--
ALTER TABLE `pma__history`
  MODIFY `id` bigint(20) UNSIGNED NOT NULL AUTO_INCREMENT;

--
-- 使用資料表自動遞增(AUTO_INCREMENT) `pma__pdf_pages`
--
ALTER TABLE `pma__pdf_pages`
  MODIFY `page_nr` int(10) UNSIGNED NOT NULL AUTO_INCREMENT;

--
-- 使用資料表自動遞增(AUTO_INCREMENT) `pma__savedsearches`
--
ALTER TABLE `pma__savedsearches`
  MODIFY `id` int(5) UNSIGNED NOT NULL AUTO_INCREMENT;
--
-- 資料庫： `school`
--
CREATE DATABASE IF NOT EXISTS `school` DEFAULT CHARACTER SET utf8mb4 COLLATE utf8mb4_general_ci;
USE `school`;

-- --------------------------------------------------------

--
-- 資料表結構 `classes`
--

CREATE TABLE `classes` (
  `id` int(10) UNSIGNED NOT NULL,
  `code` varchar(3) NOT NULL,
  `name` varchar(12) NOT NULL,
  `tutor` varchar(8) NOT NULL
) ENGINE=InnoDB DEFAULT CHARSET=utf8mb4 COLLATE=utf8mb4_unicode_ci;

--
-- 傾印資料表的資料 `classes`
--

INSERT INTO `classes` (`id`, `code`, `name`, `tutor`) VALUES
(1, '101', '一年一班', '孫承翰'),
(2, '102', '一年二班', '王詠晴'),
(3, '103', '一年三班', '賴冠延'),
(4, '104', '一年四班', '郭欣妤'),
(5, '105', '一年五班', '謝家豪'),
(6, '106', '一年六班', '黃雅婷'),
(7, '107', '一年七班', '林志偉'),
(8, '108', '一年八班', '趙宜蓁'),
(9, '109', '一年九班', '張建宏'),
(10, '110', '一年十班', '許麗華');

-- --------------------------------------------------------

--
-- 資料表結構 `class_student`
--

CREATE TABLE `class_student` (
  `id` int(10) UNSIGNED NOT NULL,
  `school_num` varchar(6) NOT NULL,
  `class_code` varchar(3) NOT NULL,
  `seat_num` tinyint(2) NOT NULL,
  `year` year(4) NOT NULL
) ENGINE=InnoDB DEFAULT CHARSET=utf8mb4 COLLATE=utf8mb4_unicode_ci;

--
-- 傾印資料表的資料 `class_student`
--

INSERT INTO `class_student` (`id`, `school_num`, `class_code`, `seat_num`, `year`) VALUES
(1, '911001', '101', 1, '2000'),
(2, '911002', '101', 2, '2000'),
(3, '911003', '101', 3, '2000'),
(4, '911004', '101', 4, '2000'),
(5, '911005', '101', 5, '2000'),
(6, '911006', '101', 6, '2000'),
(7, '911007', '101', 7, '2000'),
(8, '911008', '101', 8, '2000'),
(9, '911009', '101', 9, '2000'),
(10, '911010', '101', 10, '2000'),
(11, '911011', '101', 11, '2000'),
(12, '911012', '101', 12, '2000'),
(13, '911013', '101', 13, '2000'),
(14, '911014', '101', 14, '2000'),
(15, '911015', '101', 15, '2000'),
(16, '911016', '101', 16, '2000'),
(17, '911017', '101', 17, '2000'),
(18, '911018', '101', 18, '2000'),
(19, '911019', '101', 19, '2000'),
(20, '911020', '101', 20, '2000'),
(21, '911021', '101', 21, '2000'),
(22, '911022', '101', 22, '2000'),
(23, '911023', '101', 23, '2000'),
(24, '911024', '101', 24, '2000'),
(25, '911025', '101', 25, '2000'),
(26, '911026', '101', 26, '2000'),
(27, '911027', '101', 27, '2000'),
(28, '911028', '101', 28, '2000'),
(29, '911029', '101', 29, '2000'),
(30, '911030', '101', 30, '2000'),
(31, '911031', '101', 31, '2000'),
(32, '911032', '101', 32, '2000'),
(33, '911033', '101', 33, '2000'),
(34, '911034', '101', 34, '2000'),
(35, '911035', '101', 35, '2000'),
(36, '911036', '101', 36, '2000'),
(37, '911037', '101', 37, '2000'),
(38, '911038', '101', 38, '2000'),
(39, '911039', '101', 39, '2000'),
(40, '911040', '101', 40, '2000'),
(41, '911041', '101', 41, '2000'),
(42, '911042', '101', 42, '2000'),
(43, '911043', '101', 43, '2000'),
(44, '911044', '101', 44, '2000'),
(45, '911045', '101', 45, '2000'),
(46, '911046', '101', 46, '2000'),
(47, '911047', '101', 47, '2000'),
(48, '911048', '101', 48, '2000'),
(49, '911049', '101', 49, '2000'),
(50, '912001', '102', 1, '2000'),
(51, '912002', '102', 2, '2000'),
(52, '912003', '102', 3, '2000'),
(53, '912004', '102', 4, '2000'),
(54, '912005', '102', 5, '2000'),
(55, '912006', '102', 6, '2000'),
(56, '912007', '102', 7, '2000'),
(57, '912008', '102', 8, '2000'),
(58, '912009', '102', 9, '2000'),
(59, '912010', '102', 10, '2000'),
(60, '912011', '102', 11, '2000'),
(61, '912012', '102', 12, '2000'),
(62, '912013', '102', 13, '2000'),
(63, '912014', '102', 14, '2000'),
(64, '912015', '102', 15, '2000'),
(65, '912016', '102', 16, '2000'),
(66, '912017', '102', 17, '2000'),
(67, '912018', '102', 18, '2000'),
(68, '912019', '102', 19, '2000'),
(69, '912020', '102', 20, '2000'),
(70, '912021', '102', 21, '2000'),
(71, '912022', '102', 22, '2000'),
(72, '912023', '102', 23, '2000'),
(73, '912024', '102', 24, '2000'),
(74, '912025', '102', 25, '2000'),
(75, '912026', '102', 26, '2000'),
(76, '912027', '102', 27, '2000'),
(77, '912028', '102', 28, '2000'),
(78, '912029', '102', 29, '2000'),
(79, '912030', '102', 30, '2000'),
(80, '912031', '102', 31, '2000'),
(81, '912032', '102', 32, '2000'),
(82, '912033', '102', 33, '2000'),
(83, '912034', '102', 34, '2000'),
(84, '912035', '102', 35, '2000'),
(85, '912036', '102', 36, '2000'),
(86, '912037', '102', 37, '2000'),
(87, '912038', '102', 38, '2000'),
(88, '913001', '103', 1, '2000'),
(89, '913002', '103', 2, '2000'),
(90, '913003', '103', 3, '2000'),
(91, '913004', '103', 4, '2000'),
(92, '913005', '103', 5, '2000'),
(93, '913006', '103', 6, '2000'),
(94, '913007', '103', 7, '2000'),
(95, '913008', '103', 8, '2000'),
(96, '913009', '103', 9, '2000'),
(97, '913010', '103', 10, '2000'),
(98, '913011', '103', 11, '2000'),
(99, '913012', '103', 12, '2000'),
(100, '913013', '103', 13, '2000'),
(101, '913014', '103', 14, '2000'),
(102, '913015', '103', 15, '2000'),
(103, '913016', '103', 16, '2000'),
(104, '913017', '103', 17, '2000'),
(105, '913018', '103', 18, '2000'),
(106, '913019', '103', 19, '2000'),
(107, '913020', '103', 20, '2000'),
(108, '913021', '103', 21, '2000'),
(109, '913022', '103', 22, '2000'),
(110, '913023', '103', 23, '2000'),
(111, '913024', '103', 24, '2000'),
(112, '913025', '103', 25, '2000'),
(113, '913026', '103', 26, '2000'),
(114, '913027', '103', 27, '2000'),
(115, '913028', '103', 28, '2000'),
(116, '913029', '103', 29, '2000'),
(117, '913030', '103', 30, '2000'),
(118, '913031', '103', 31, '2000'),
(119, '913032', '103', 32, '2000'),
(120, '913033', '103', 33, '2000'),
(121, '913034', '103', 34, '2000'),
(122, '913035', '103', 35, '2000'),
(123, '913036', '103', 36, '2000'),
(124, '913037', '103', 37, '2000'),
(125, '913038', '103', 38, '2000'),
(126, '913039', '103', 39, '2000'),
(127, '913040', '103', 40, '2000'),
(128, '913041', '103', 41, '2000'),
(129, '913042', '103', 42, '2000'),
(130, '913043', '103', 43, '2000'),
(131, '913044', '103', 44, '2000'),
(132, '913045', '103', 45, '2000'),
(133, '913046', '103', 46, '2000'),
(134, '913047', '103', 47, '2000'),
(135, '913048', '103', 48, '2000'),
(136, '913049', '103', 49, '2000'),
(137, '913050', '103', 50, '2000'),
(138, '913051', '103', 51, '2000'),
(139, '913052', '103', 52, '2000'),
(140, '913053', '103', 53, '2000'),
(141, '913054', '103', 54, '2000'),
(142, '913055', '103', 55, '2000'),
(143, '913056', '103', 56, '2000'),
(144, '913057', '103', 57, '2000'),
(145, '913058', '104', 1, '2000'),
(146, '913059', '104', 2, '2000'),
(147, '913060', '104', 3, '2000'),
(148, '913061', '104', 4, '2000'),
(149, '913062', '104', 5, '2000'),
(150, '913063', '104', 6, '2000'),
(151, '913064', '104', 7, '2000'),
(152, '913065', '104', 8, '2000'),
(153, '913066', '104', 9, '2000'),
(154, '913067', '104', 10, '2000'),
(155, '913068', '104', 11, '2000'),
(156, '913069', '104', 12, '2000'),
(157, '913070', '104', 13, '2000'),
(158, '913071', '104', 14, '2000'),
(159, '913072', '104', 15, '2000'),
(160, '913073', '104', 16, '2000'),
(161, '913074', '104', 17, '2000'),
(162, '913075', '104', 18, '2000'),
(163, '913076', '104', 19, '2000'),
(164, '913077', '104', 20, '2000'),
(165, '913078', '104', 21, '2000'),
(166, '913079', '104', 22, '2000'),
(167, '913080', '104', 23, '2000'),
(168, '913081', '104', 24, '2000'),
(169, '913082', '104', 25, '2000'),
(170, '913083', '104', 26, '2000'),
(171, '913084', '104', 27, '2000'),
(172, '913085', '104', 28, '2000'),
(173, '913086', '104', 29, '2000'),
(174, '913087', '104', 30, '2000'),
(175, '913088', '104', 31, '2000'),
(176, '913089', '104', 32, '2000'),
(177, '913090', '104', 33, '2000'),
(178, '913091', '104', 34, '2000'),
(179, '913092', '104', 35, '2000'),
(180, '913093', '104', 36, '2000'),
(181, '913094', '104', 37, '2000'),
(182, '913095', '104', 38, '2000'),
(183, '913096', '104', 39, '2000'),
(184, '913097', '104', 40, '2000'),
(185, '913098', '104', 41, '2000'),
(186, '913099', '104', 42, '2000'),
(187, '913100', '104', 43, '2000'),
(188, '913101', '104', 44, '2000'),
(189, '913102', '104', 45, '2000'),
(190, '913103', '104', 46, '2000'),
(191, '913104', '104', 47, '2000'),
(192, '913105', '104', 48, '2000'),
(193, '913106', '104', 49, '2000'),
(194, '913107', '104', 50, '2000'),
(195, '913108', '104', 51, '2000'),
(196, '913109', '104', 52, '2000'),
(197, '913110', '104', 53, '2000'),
(198, '913111', '104', 54, '2000'),
(199, '913112', '104', 55, '2000'),
(200, '913113', '104', 56, '2000'),
(201, '913114', '104', 57, '2000'),
(202, '913115', '104', 58, '2000'),
(203, '913116', '104', 59, '2000'),
(204, '913117', '105', 1, '2000'),
(205, '913118', '105', 2, '2000'),
(206, '913119', '105', 3, '2000'),
(207, '913120', '105', 4, '2000'),
(208, '913121', '105', 5, '2000'),
(209, '913122', '105', 6, '2000'),
(210, '913123', '105', 7, '2000'),
(211, '913124', '105', 8, '2000'),
(212, '913125', '105', 9, '2000'),
(213, '913126', '105', 10, '2000'),
(214, '913127', '105', 11, '2000'),
(215, '913128', '105', 12, '2000'),
(216, '913129', '105', 13, '2000'),
(217, '913130', '105', 14, '2000'),
(218, '913131', '105', 15, '2000'),
(219, '913132', '105', 16, '2000'),
(220, '913133', '105', 17, '2000'),
(221, '913134', '105', 18, '2000'),
(222, '913135', '105', 19, '2000'),
(223, '913136', '105', 20, '2000'),
(224, '913137', '105', 21, '2000'),
(225, '913138', '105', 22, '2000'),
(226, '913139', '105', 23, '2000'),
(227, '913140', '105', 24, '2000'),
(228, '913141', '105', 25, '2000'),
(229, '913142', '105', 26, '2000'),
(230, '913143', '105', 27, '2000'),
(231, '913144', '105', 28, '2000'),
(232, '913145', '105', 29, '2000'),
(233, '913146', '105', 30, '2000'),
(234, '913147', '105', 31, '2000'),
(235, '913148', '105', 32, '2000'),
(236, '913149', '105', 33, '2000'),
(237, '913150', '105', 34, '2000'),
(238, '913151', '105', 35, '2000'),
(239, '913152', '105', 36, '2000'),
(240, '913153', '105', 37, '2000'),
(241, '913154', '105', 38, '2000'),
(242, '913155', '105', 39, '2000'),
(243, '913156', '105', 40, '2000'),
(244, '913157', '105', 41, '2000'),
(245, '913158', '105', 42, '2000'),
(246, '913159', '105', 43, '2000'),
(247, '913160', '105', 44, '2000'),
(248, '913161', '105', 45, '2000'),
(249, '913162', '105', 46, '2000'),
(250, '913163', '105', 47, '2000'),
(251, '913164', '105', 48, '2000'),
(252, '913165', '105', 49, '2000'),
(253, '913166', '105', 50, '2000'),
(254, '913167', '105', 51, '2000'),
(255, '913168', '105', 52, '2000'),
(256, '913169', '105', 53, '2000'),
(257, '913170', '105', 54, '2000'),
(258, '913171', '105', 55, '2000'),
(259, '914001', '106', 1, '2000'),
(260, '914002', '106', 2, '2000'),
(261, '914003', '106', 3, '2000'),
(262, '914004', '106', 4, '2000'),
(263, '914005', '106', 5, '2000'),
(264, '914006', '106', 6, '2000'),
(265, '914007', '106', 7, '2000'),
(266, '914008', '106', 8, '2000'),
(267, '914009', '106', 9, '2000'),
(268, '914010', '106', 10, '2000'),
(269, '914011', '106', 11, '2000'),
(270, '914012', '106', 12, '2000'),
(271, '914013', '106', 13, '2000'),
(272, '914014', '106', 14, '2000'),
(273, '914015', '106', 15, '2000'),
(274, '914016', '106', 16, '2000'),
(275, '914017', '106', 17, '2000'),
(276, '914018', '106', 18, '2000'),
(277, '914019', '106', 19, '2000'),
(278, '914020', '106', 20, '2000'),
(279, '914021', '106', 21, '2000'),
(280, '914022', '106', 22, '2000'),
(281, '914023', '106', 23, '2000'),
(282, '914024', '106', 24, '2000'),
(283, '914025', '106', 25, '2000'),
(284, '914026', '106', 26, '2000'),
(285, '914027', '106', 27, '2000'),
(286, '914028', '106', 28, '2000'),
(287, '914029', '106', 29, '2000'),
(288, '914030', '106', 30, '2000'),
(289, '914031', '106', 31, '2000'),
(290, '914032', '106', 32, '2000'),
(291, '914033', '106', 33, '2000'),
(292, '914034', '106', 34, '2000'),
(293, '914035', '106', 35, '2000'),
(294, '914036', '106', 36, '2000'),
(295, '914037', '106', 37, '2000'),
(296, '914038', '106', 38, '2000'),
(297, '914039', '106', 39, '2000'),
(298, '914040', '106', 40, '2000'),
(299, '914041', '106', 41, '2000'),
(300, '914042', '106', 42, '2000'),
(301, '914043', '106', 43, '2000'),
(302, '914044', '106', 44, '2000'),
(303, '914045', '106', 45, '2000'),
(304, '914046', '106', 46, '2000'),
(305, '914047', '106', 47, '2000'),
(306, '914048', '106', 48, '2000'),
(307, '914049', '107', 1, '2000'),
(308, '914050', '107', 2, '2000'),
(309, '914051', '107', 3, '2000'),
(310, '914052', '107', 4, '2000'),
(311, '914053', '107', 5, '2000'),
(312, '914054', '107', 6, '2000'),
(313, '914055', '107', 7, '2000'),
(314, '914056', '107', 8, '2000'),
(315, '914057', '107', 9, '2000'),
(316, '914058', '107', 10, '2000'),
(317, '914059', '107', 11, '2000'),
(318, '914060', '107', 12, '2000'),
(319, '914061', '107', 13, '2000'),
(320, '914062', '107', 14, '2000'),
(321, '914063', '107', 15, '2000'),
(322, '914064', '107', 16, '2000'),
(323, '914065', '107', 17, '2000'),
(324, '914066', '107', 18, '2000'),
(325, '914067', '107', 19, '2000'),
(326, '914068', '107', 20, '2000'),
(327, '914069', '107', 21, '2000'),
(328, '914070', '107', 22, '2000'),
(329, '914071', '107', 23, '2000'),
(330, '914072', '107', 24, '2000'),
(331, '914073', '107', 25, '2000'),
(332, '914074', '107', 26, '2000'),
(333, '914075', '107', 27, '2000'),
(334, '914076', '107', 28, '2000'),
(335, '914077', '107', 29, '2000'),
(336, '914078', '107', 30, '2000'),
(337, '914079', '107', 31, '2000'),
(338, '914080', '107', 32, '2000'),
(339, '914081', '107', 33, '2000'),
(340, '914082', '107', 34, '2000'),
(341, '914083', '107', 35, '2000'),
(342, '914084', '107', 36, '2000'),
(343, '914085', '107', 37, '2000'),
(344, '914086', '107', 38, '2000'),
(345, '914087', '107', 39, '2000'),
(346, '914088', '107', 40, '2000'),
(347, '914089', '107', 41, '2000'),
(348, '914090', '107', 42, '2000'),
(349, '914091', '107', 43, '2000'),
(350, '914092', '107', 44, '2000'),
(351, '914093', '107', 45, '2000'),
(352, '914094', '107', 46, '2000'),
(353, '914095', '107', 47, '2000'),
(354, '914096', '108', 1, '2000'),
(355, '914097', '108', 2, '2000'),
(356, '914098', '108', 3, '2000'),
(357, '914099', '108', 4, '2000'),
(358, '914100', '108', 5, '2000'),
(359, '914101', '108', 6, '2000'),
(360, '914102', '108', 7, '2000'),
(361, '914103', '108', 8, '2000'),
(362, '914104', '108', 9, '2000'),
(363, '914105', '108', 10, '2000'),
(364, '914106', '108', 11, '2000'),
(365, '914107', '108', 12, '2000'),
(366, '914108', '108', 13, '2000'),
(367, '914109', '108', 14, '2000'),
(368, '914110', '108', 15, '2000'),
(369, '914111', '108', 16, '2000'),
(370, '914112', '108', 17, '2000'),
(371, '914113', '108', 18, '2000'),
(372, '914114', '108', 19, '2000'),
(373, '914115', '108', 20, '2000'),
(374, '914116', '108', 21, '2000'),
(375, '914117', '108', 22, '2000'),
(376, '914118', '108', 23, '2000'),
(377, '914119', '108', 24, '2000'),
(378, '914120', '108', 25, '2000'),
(379, '914121', '108', 26, '2000'),
(380, '914122', '108', 27, '2000'),
(381, '914123', '108', 28, '2000'),
(382, '914124', '108', 29, '2000'),
(383, '914125', '108', 30, '2000'),
(384, '914126', '108', 31, '2000'),
(385, '914127', '108', 32, '2000'),
(386, '914128', '108', 33, '2000'),
(387, '914129', '108', 34, '2000'),
(388, '914130', '108', 35, '2000'),
(389, '914131', '108', 36, '2000'),
(390, '914132', '108', 37, '2000'),
(391, '914133', '108', 38, '2000'),
(392, '914134', '108', 39, '2000'),
(393, '914135', '108', 40, '2000'),
(394, '914136', '108', 41, '2000'),
(395, '914137', '108', 42, '2000'),
(396, '914138', '108', 43, '2000'),
(397, '915001', '109', 1, '2000'),
(398, '915002', '109', 2, '2000'),
(399, '915003', '109', 3, '2000'),
(400, '915004', '109', 4, '2000'),
(401, '915005', '109', 5, '2000'),
(402, '915006', '109', 6, '2000'),
(403, '915007', '109', 7, '2000'),
(404, '915008', '109', 8, '2000'),
(405, '915009', '109', 9, '2000'),
(406, '915010', '109', 10, '2000'),
(407, '915011', '109', 11, '2000'),
(408, '915012', '109', 12, '2000'),
(409, '915013', '109', 13, '2000'),
(410, '915014', '109', 14, '2000'),
(411, '915015', '109', 15, '2000'),
(412, '915016', '109', 16, '2000'),
(413, '915017', '109', 17, '2000'),
(414, '915018', '109', 18, '2000'),
(415, '915019', '109', 19, '2000'),
(416, '915020', '109', 20, '2000'),
(417, '915021', '109', 21, '2000'),
(418, '915022', '109', 22, '2000'),
(419, '915023', '109', 23, '2000'),
(420, '915024', '109', 24, '2000'),
(421, '915025', '109', 25, '2000'),
(422, '915026', '109', 26, '2000'),
(423, '915027', '109', 27, '2000'),
(424, '915028', '109', 28, '2000'),
(425, '915029', '109', 29, '2000'),
(426, '915030', '109', 30, '2000'),
(427, '915031', '109', 31, '2000'),
(428, '915032', '109', 32, '2000'),
(429, '915033', '109', 33, '2000'),
(430, '915034', '109', 34, '2000'),
(431, '915035', '109', 35, '2000'),
(432, '915036', '109', 36, '2000'),
(433, '915037', '109', 37, '2000'),
(434, '915038', '109', 38, '2000'),
(435, '915039', '109', 39, '2000'),
(436, '915040', '109', 40, '2000'),
(437, '915041', '109', 41, '2000'),
(438, '915042', '109', 42, '2000'),
(439, '915043', '110', 1, '2000'),
(440, '915044', '110', 2, '2000'),
(441, '915045', '110', 3, '2000'),
(442, '915046', '110', 4, '2000'),
(443, '915047', '110', 5, '2000'),
(444, '915048', '110', 6, '2000'),
(445, '915049', '110', 7, '2000'),
(446, '915050', '110', 8, '2000'),
(447, '915051', '110', 9, '2000'),
(448, '915052', '110', 10, '2000'),
(449, '915053', '110', 11, '2000'),
(450, '915054', '110', 12, '2000'),
(451, '915055', '110', 13, '2000'),
(452, '915056', '110', 14, '2000'),
(453, '915057', '110', 15, '2000'),
(454, '915058', '110', 16, '2000'),
(455, '915059', '110', 17, '2000'),
(456, '915060', '110', 18, '2000'),
(457, '915061', '110', 19, '2000'),
(458, '915062', '110', 20, '2000'),
(459, '915063', '110', 21, '2000'),
(460, '915064', '110', 22, '2000'),
(461, '915065', '110', 23, '2000'),
(462, '915066', '110', 24, '2000'),
(463, '915067', '110', 25, '2000'),
(464, '915068', '110', 26, '2000'),
(465, '915069', '110', 27, '2000'),
(466, '915070', '110', 28, '2000'),
(467, '915071', '110', 29, '2000'),
(468, '915072', '110', 30, '2000'),
(469, '915073', '110', 31, '2000'),
(470, '915074', '110', 32, '2000'),
(471, '915075', '110', 33, '2000'),
(472, '915076', '110', 34, '2000'),
(473, '915077', '110', 35, '2000'),
(474, '915078', '110', 36, '2000'),
(475, '915079', '110', 37, '2000'),
(476, '915080', '110', 38, '2000'),
(477, '915081', '110', 39, '2000'),
(478, '915082', '110', 40, '2000'),
(479, '915083', '110', 41, '2000');

-- --------------------------------------------------------

--
-- 資料表結構 `dept`
--

CREATE TABLE `dept` (
  `id` int(10) UNSIGNED NOT NULL,
  `code` varchar(3) NOT NULL,
  `name` varchar(32) NOT NULL
) ENGINE=InnoDB DEFAULT CHARSET=utf8mb4 COLLATE=utf8mb4_unicode_ci;

--
-- 傾印資料表的資料 `dept`
--

INSERT INTO `dept` (`id`, `code`, `name`) VALUES
(1, '401', '商業經營科'),
(2, '402', '國際貿易科'),
(3, '404', '資料處理科'),
(4, '503', '幼兒保育科'),
(5, '504', '美容科'),
(6, '506', '室內佈置科');

-- --------------------------------------------------------

--
-- 資料表結構 `graduate_school`
--

CREATE TABLE `graduate_school` (
  `id` int(10) UNSIGNED NOT NULL,
  `county` varchar(8) NOT NULL,
  `name` varchar(64) NOT NULL
) ENGINE=InnoDB DEFAULT CHARSET=utf8mb4 COLLATE=utf8mb4_unicode_ci;

--
-- 傾印資料表的資料 `graduate_school`
--

INSERT INTO `graduate_school` (`id`, `county`, `name`) VALUES
(1, '南投縣', '縣立仁愛國中'),
(2, '南投縣', '縣立和平國中'),
(3, '南投縣', '縣立土城國中'),
(4, '南投縣', '縣立平溪國中'),
(5, '南投縣', '縣立汐止國中'),
(6, '南投縣', '縣立淡水國中'),
(7, '南投縣', '縣立石門國中'),
(8, '南投縣', '縣立萬里國中'),
(9, '南投縣', '縣立金山國中'),
(10, '南投縣', '縣立雙溪國中'),
(11, '台中市', '市立中和國中'),
(12, '台中市', '市立中山國中'),
(13, '台中市', '市立中平國中'),
(14, '台中市', '市立中正國中'),
(15, '台中市', '市立中船國中'),
(16, '台中市', '市立仁愛國中'),
(17, '台中市', '市立信義國中'),
(18, '台中市', '市立八斗國中'),
(19, '台中市', '市立公園國中'),
(20, '台中市', '市立北寧國中'),
(21, '台中市', '市立南榮國中'),
(22, '台中市', '市立安一國中'),
(23, '台中市', '市立安樂國中'),
(24, '台中市', '市立建德國中'),
(25, '台中市', '市立忠孝國中'),
(26, '台中市', '市立月眉國中'),
(27, '台中市', '市立百福國中'),
(28, '宜蘭縣', '縣立頭城國中');

-- --------------------------------------------------------

--
-- 資料表結構 `members`
--

CREATE TABLE `members` (
  `id` int(10) UNSIGNED NOT NULL,
  `account` text NOT NULL,
  `password` text NOT NULL,
  `tel` text NOT NULL,
  `birthday` date NOT NULL,
  `email` text NOT NULL
) ENGINE=InnoDB DEFAULT CHARSET=utf8mb4 COLLATE=utf8mb4_unicode_ci;

--
-- 傾印資料表的資料 `members`
--

INSERT INTO `members` (`id`, `account`, `password`, `tel`, `birthday`, `email`) VALUES
(1, 'may', '1234', '0919033392', '2026-03-31', 'root@gmail.com'),
(2, 'lee', '1234', '09025451392', '2026-05-14', 'admin@gmai.com'),
(3, 'make', '1234', '0919033392', '2026-03-31', 'admin@gmai.com');

-- --------------------------------------------------------

--
-- 資料表結構 `news`
--

CREATE TABLE `news` (
  `id` int(10) UNSIGNED NOT NULL,
  `subject` text NOT NULL,
  `content` text NOT NULL,
  `author` text NOT NULL,
  `department` text NOT NULL COMMENT '發布單位',
  `created_at` timestamp NOT NULL DEFAULT current_timestamp()
) ENGINE=InnoDB DEFAULT CHARSET=utf8mb4 COLLATE=utf8mb4_unicode_ci;

--
-- 傾印資料表的資料 `news`
--

INSERT INTO `news` (`id`, `subject`, `content`, `author`, `department`, `created_at`) VALUES
(1, '123', '66666', '78', '910', '2026-05-25 07:19:29');

-- --------------------------------------------------------

--
-- 資料表結構 `status`
--

CREATE TABLE `status` (
  `id` int(10) UNSIGNED NOT NULL,
  `code` varchar(4) NOT NULL,
  `status` varchar(8) NOT NULL,
  `note` varchar(64) NOT NULL
) ENGINE=InnoDB DEFAULT CHARSET=utf8mb4 COLLATE=utf8mb4_unicode_ci;

--
-- 傾印資料表的資料 `status`
--

INSERT INTO `status` (`id`, `code`, `status`, `note`) VALUES
(1, '001', '畢業', '持國中畢業證書者'),
(2, '002', '補校', '持國中補校資格證明書者'),
(3, '003', '補結', '持國中補校結業證明書者'),
(4, '004', '結業', '持國中修(結)業證明書者(修畢三年)');

-- --------------------------------------------------------

--
-- 資料表結構 `students`
--

CREATE TABLE `students` (
  `id` int(10) UNSIGNED NOT NULL,
  `school_num` int(6) DEFAULT NULL COMMENT '學號',
  `name` varchar(8) DEFAULT NULL COMMENT '姓名',
  `birthday` date DEFAULT NULL COMMENT '出生年月日',
  `uni_id` varchar(10) DEFAULT NULL COMMENT '身分證號碼',
  `addr` varchar(32) DEFAULT NULL COMMENT '住址',
  `parents` varchar(8) DEFAULT NULL COMMENT '家長',
  `tel` varchar(16) DEFAULT NULL COMMENT '電話',
  `dept` varchar(8) DEFAULT NULL COMMENT '科別',
  `graduate_at` varchar(16) DEFAULT NULL COMMENT '畢業國中',
  `status_code` varchar(4) DEFAULT NULL
) ENGINE=InnoDB DEFAULT CHARSET=utf8 COLLATE=utf8_general_ci;

--
-- 傾印資料表的資料 `students`
--

INSERT INTO `students` (`id`, `school_num`, `name`, `birthday`, `uni_id`, `addr`, `parents`, `tel`, `dept`, `graduate_at`, `status_code`) VALUES
(1, 911001, '丁于穎', '1984-03-05', 'C100000012', '台中縣大甲鎮安和一街4巷4-3號4F', '丁世傑', '04-13310667', '1', '23', '001'),
(2, 911002, '尹彗如', '1980-09-08', 'F200000026', '南投縣南投市一坑路426號', '尹文淵', '04-13971835', '2', '2', '001'),
(3, 911003, '孔琇榆', '1984-08-28', 'F200000035', '台中縣大安鄉源遠路292巷1-5號1F', '孔進豐', '04-13570828', '3', '25', '001'),
(4, 911004, '文勝真', '1984-08-28', 'F100000042', '南投縣埔里鎮逢甲路337號', '文水順', '04-13970773', '4', '2', '004'),
(5, 911005, '方玉婷', '1983-12-10', 'C200000058', '台中縣大肚鄉安和一街6巷43之1號2F', '方明順', '04-13322272', '5', '23', '001'),
(6, 911006, '毛家男', '1983-12-16', 'C100000067', '台中縣大里市百六街53號3F', '毛長壽', '04-13518685', '6', '12', '001'),
(7, 911007, '王鳳如', '1984-01-06', 'F200000071', '南投縣草屯鎮三爪子坑路106 巷11號3', '王學義', '04-13974327', '1', '2', '001'),
(8, 911008, '史乾君', '1984-04-01', 'C100000085', '台中縣大雅鄉111巷39號2F', '史吳屘', '04-13318360', '2', '25', '004'),
(9, 911009, '田泓宜', '1984-07-09', 'F100000097', '台中縣太平市義六路36-34 號3F', '田慶鐘', '04-13275530', '3', '17', '001'),
(10, 911010, '白金圓', '1984-01-02', 'V200000109', '台中縣外埔鄉調和街80巷63號', '白鳳鳴', '04-13693021', '4', '16', '001'),
(11, 911011, '石政華', '1984-03-03', 'C100000110', '台中縣石岡鄉正義路74巷30弄40號', '石芳雄', '04-13287732', '5', '14', '001'),
(12, 911012, '任佩君', '1984-09-17', 'G200000123', '南投縣竹山鎮大寮路49巷1 號', '任旺樹', '04-13969168', '6', '2', '001'),
(13, 911013, '朱怡蓉', '1983-10-24', 'F200000131', '南投縣集集鎮東和路84號', '朱金池', '04-13977208', '1', '2', '001'),
(14, 911014, '江欣欽', '1983-12-11', 'C100000147', '台中縣后里鄉金山街74號', '江清祥', '04-13582284', '2', '24', '001'),
(15, 911015, '何秋桂', '1983-11-16', 'G200000150', '台中縣沙鹿鎮麥金路11巷40號', '何明東', '04-13327347', '3', '27', '001'),
(16, 911016, '余進財', '1984-02-26', 'F100000168', '南投縣名間鄉中山路246巷11號2F', '余文吉', '04-13974586', '4', '2', '001'),
(17, 911017, '吳菁菁', '1984-07-13', 'F200000177', '南投縣鹿谷鄉龍崗村泮宮路17號', '吳顯瑞', '04-13941334', '5', '1', '001'),
(18, 911018, '呂意倫', '1984-06-01', 'F100000186', '南投縣中寮鄉三爪子坑路民享新村11', '呂林飛', '04-13979021', '6', '2', '001'),
(19, 911019, '宋時雨', '1984-09-16', 'K100000199', '台中縣和平鄉中華路135-3 號4F', '宋德祥', '04-13230092', '1', '12', '001'),
(20, 911020, '李禬敏', '1984-05-03', 'C100000209', '台中縣東勢鎮泰安路91號', '李玉雲', '04-13514121', '2', '12', '001'),
(21, 911021, '杜晉華', '1984-02-24', 'C100000218', '台中縣烏日鄉東峰街11巷2 號', '杜秦英', '04-13654770', '3', '17', '001'),
(22, 911022, '沈慧如', '1984-03-11', 'F200000220', '南投縣魚池鄉大埔路48號3F', '沈朝雄', '04-13579700', '4', '2', '001'),
(23, 911023, '汪純芬', '1984-10-20', 'C200000236', '台中縣神岡鄉東新街4巷66 號', '汪瑞琴', '04-13564111', '5', '12', '001'),
(24, 911024, '周惠琴', '1983-06-06', 'C200000245', '台中縣梧棲鎮協和街192-1 號', '周水清', '04-13288344', '1', '14', '004'),
(25, 911025, '孟亞秦', '1984-04-03', 'F100000257', '南投縣國姓鄉員潭路6號', '孟正吉', '04-13983355', '2', '8', '001'),
(26, 911026, '於秀雅', '1984-06-24', 'F200000268', '台中縣清水鎮中正路182巷33-1號', '於景仁', '04-13286086', '3', '14', '001'),
(27, 911027, '易益偲', '1984-09-29', 'C100000272', '台中縣新社鄉深澳路226-1 號', '易文誠', '04-13651306', '4', '17', '001'),
(28, 911028, '林玟玲', '1983-09-19', 'C200000283', '台中縣潭子鄉武嶺街274之2號3F', '林國麟', '04-13331399', '5', '23', '001'),
(29, 911029, '武 嵋', '1984-02-18', 'C100000290', '台中縣龍井鄉通明街53巷7 號', '武季緞', '04-13231258', '6', '14', '001'),
(30, 911030, '邵金瑜', '1984-02-17', 'C200000309', '台中縣豐原市國安路30巷6 號1F', '邵德雄', '04-13573928', '1', '24', '001'),
(31, 911031, '邱惠朗', '1984-01-13', 'C100000316', '台中縣霧峰鄉深澳坑路13-1號', '邱翰霖', '04-13653844', '2', '17', '001'),
(32, 911032, '金惠甹', '1984-02-11', 'C100000325', '台中縣大甲鎮中華路69巷52號', '金明吉', '04-13281414', '3', '14', '001'),
(33, 911033, '侯保貴', '1985-02-09', 'F100000337', '南投縣水里鄉十三層路45號', '侯菊枝', '04-13932802', '4', '10', '001'),
(34, 911034, '姜陵贏', '1983-10-23', 'F100000346', '台中縣大安鄉259巷38號4F', '姜福鈞', '04-13366195', '5', '17', '001'),
(35, 911035, '姚樺軒', '1984-07-14', 'F100000355', '南投縣信義鄉水源路二段184巷7號', '姚金寶', '04-26415555', '1', '5', '001'),
(36, 911036, '段雅惠', '1983-11-14', 'C200000361', '台中縣大肚鄉明德2路1巷111號2F', '段兩傳', '04-13512268', '2', '12', '001'),
(37, 911037, '胡千慧', '1984-10-06', 'F200000375', '台中縣大里市過港路10巷251號', '胡修傳', '04-13570716', '3', '25', '001'),
(38, 911038, '范佳薇', '1984-06-22', 'C200000381', '台中縣大雅鄉明德3路93號', '范進財', '04-13511340', '4', '12', '001'),
(39, 911039, '唐珮菁', '1984-08-30', 'C200000390', '台中縣太平市義三路12巷37號', '唐基旺', '04-13293600', '5', '17', '001'),
(40, 911040, '夏欣怡', '1983-12-15', 'C100000405', '台中縣外埔鄉中平街51-13 號', '夏明輝', '04-13274041', '6', '12', '001'),
(41, 911041, '孫柔君', '1984-06-02', 'C200000416', '台中縣石岡鄉華興街51巷1-3號4F', '孫玉嬌', '04-13243092', '1', '14', '001'),
(42, 911042, '徐文芳', '1984-04-20', 'C200000425', '台中縣后里鄉132巷44號2F', '徐家銘', '04-13251568', '2', '27', '001'),
(43, 911043, '秦敏如', '1982-11-12', 'C200000434', '台中縣沙鹿鎮和二路16號', '秦天賜', '04-13620992', '3', '14', '001'),
(44, 911044, '袁翊文', '1982-11-03', 'G100000445', '台中縣和平鄉路310-1號', '袁龍水', '04-13662401', '4', '17', '001'),
(45, 911045, '郝郁儒', '1984-01-10', 'C100000450', '台中縣東勢鎮74巷103號', '郝錦銓', '04-13234410', '5', '27', '001'),
(46, 911046, '馬嘉禎', '1984-07-23', 'C100000469', '台中縣烏日鄉崇智街25號2F', '馬峻源', '04-13560330', '6', '12', '001'),
(47, 911047, '高惠榛', '1983-08-16', 'C100000478', '台中縣神岡鄉3巷6號', '高吉龍', '04-13251472', '1', '21', '001'),
(48, 911048, '崔台分', '1984-01-05', 'C100000487', '台中縣梧棲鎮180巷24號', '崔敦泰', '04-13661985', '2', '27', '001'),
(49, 911049, '常心怡', '1983-11-22', 'T200000492', '台中縣清水鎮港路10巷107號', '常錦康', '04-13579585', '3', '25', '001'),
(50, 912001, '康渴欣', '1983-09-20', 'C200000505', '南投縣仁愛鄉中央路48巷7號4F吉祥園', '康國全', '04-13582740', '4', '2', '001'),
(51, 912002, '張麗婷', '1984-03-04', 'H200000519', '台中縣新社鄉義七路26巷14號5F', '張慶源', '04-13281849', '5', '17', '001'),
(52, 912003, '曹淑淨', '1983-12-17', 'E200000525', '台中縣潭子鄉復興路212巷12弄23號', '曹春蓮', '04-13371131', '6', '14', '001'),
(53, 912004, '梁瑩鵑', '1984-02-18', 'F200000535', '台中縣龍井鄉愛七路16-甲 號', '梁英博', '04-13288880', '1', '23', '001'),
(54, 912005, '許心慈', '1984-08-13', 'A200000549', '台中縣豐原市安和一街4巷33-4號5F', '許長義', '04-13322951', '2', '23', '001'),
(55, 912006, '郭佩臨', '1984-10-27', 'C100000558', '台中縣霧峰鄉豐稔街54巷16-4號5F', '郭正順', '04-13622333', '3', '16', '001'),
(56, 912007, '陳辛夷', '1984-02-10', 'F100000560', '南投縣南投市仁愛路51號1F', '陳李雄', '04-13984686', '4', '9', '001'),
(57, 912008, '陸加零', '1983-12-05', 'G100000570', '台中縣大甲鎮明德二路13號3F', '陸春金', '039-360436', '5', '12', '001'),
(58, 912009, '章肅贏', '1984-07-19', 'F100000588', '南投縣埔里鎮明燈路二段54號1F', '章富田', '04-13968775', '1', '2', '001'),
(59, 912010, '傅淑真', '1984-04-03', 'F200000597', '南投縣草屯鎮三爪子坑民享新村37號1', '傅添進', '04-13976722', '2', '2', '001'),
(60, 912011, '喬菊方', '1983-11-05', 'G100000605', '台中縣大安鄉明德二路13號3F', '喬基吳', '04-13516556', '3', '12', '001'),
(61, 912012, '彭家慧', '1984-01-18', 'F100000613', '台中縣大肚鄉和平街5巷9號', '彭其祥', '04-13629527', '4', '14', '001'),
(62, 912013, '曾敬雯', '1983-10-23', 'C100000629', '台中縣大里市中山三路167 巷52號', '曾勝貴', '04-13265939', '5', '12', '001'),
(63, 912014, '湯意茹', '1984-03-06', 'F200000633', '南投縣竹山鎮大埔路慶安新村18號', '湯聰明', '04-13576882', '6', '2', '001'),
(64, 912015, '程斯梅', '1984-07-01', 'A200000647', '台中縣大雅鄉信二路174巷16號3F', '程韻蓉', '04-13295596', '1', '17', '001'),
(65, 912016, '賀晚零', '1984-09-03', 'C100000656', '台中縣太平市八斗街96巷27-1號', '賀姚榮', '04-13691897', '2', '14', '001'),
(66, 912017, '馮燋鈴', '1984-08-13', 'C200000667', '台中縣外埔鄉東信路236巷37-26號', '馮登松', '04-13657585', '3', '17', '001'),
(67, 912018, '黃雅軍', '1983-12-29', 'F200000679', '南投縣集集鎮中山路158巷10號1F', '黃榮春', '04-13971976', '4', '2', '001'),
(68, 912019, '楊晚滎', '1984-05-23', 'H100000688', '台中縣石岡鄉64巷17號4F', '楊志誠', '04-13658624', '5', '17', '001'),
(69, 912020, '萬宣芳', '1984-10-25', 'C200000694', '台中縣后里鄉北寧路252巷6弄25號', '萬錦花', '04-13692020', '1', '14', '001'),
(70, 912021, '葉紫確', '1984-02-19', 'F100000702', '南投縣名間鄉真理村延平街159號', '葉泰雄', '04-13901955', '2', '1', '001'),
(71, 912022, '董佳旗', '1983-12-12', 'C100000718', '台中縣沙鹿鎮中華路69巷60號', '董春來', '04-13278627', '3', '14', '001'),
(72, 912023, '賈加靈', '1983-11-21', 'F100000720', '南投縣鹿谷鄉水源路2段190號2F', '賈美雲', '04-26434627', '4', '5', '001'),
(73, 912024, '鄒品言', '1984-05-28', 'C100000736', '台中縣和平鄉52-2號', '鄒寬銘', '04-13278087', '5', '27', '001'),
(74, 912025, '廖品瀛', '1984-11-03', 'C100000745', '台中縣東勢鎮深澳坑166-7 號6F', '廖松風', '04-13663416', '6', '17', '001'),
(75, 912026, '熊秋勻', '1984-05-14', 'V100000750', '台中縣烏日鄉新豐街161巷12號', '熊德順', '04-13693828', '1', '16', '001'),
(76, 912027, '趙偉玲', '1984-02-02', 'C200000765', '台中縣神岡鄉仁一路163巷9號', '趙建誠', '04-13234904', '2', '16', '001'),
(77, 912028, '劉淑遺', '1983-11-23', 'C200000774', '台中縣梧棲鎮和一路103號2F', '劉美麗', '04-13626698', '3', '14', '001'),
(78, 912029, '潘寵亞', '1984-06-12', 'C200000783', '台中縣清水鎮北寧路333號', '潘金水', '04-13693795', '4', '14', '001'),
(79, 912030, '蔣怡方', '1984-06-24', 'C200000792', '台中縣新社鄉西定路132巷41號', '蔣景城', '04-13277495', '5', '14', '001'),
(80, 912031, '蔡井萱', '1984-01-29', 'C200000809', '台中縣潭子鄉樂利三街28巷8 號2F', '蔡秋明', '04-13312403', '6', '27', '001'),
(81, 912032, '鄭小瀅', '1983-10-06', 'H200000813', '台中縣龍井鄉路51巷60號', '鄭秀珍', '04-13286453', '1', '12', '001'),
(82, 912033, '鄧蘊潔', '1984-04-27', 'F200000820', '南投縣中寮鄉三爪子坑路29巷59號4F', '鄧文定', '04-13977716', '2', '2', '001'),
(83, 912034, '黎絮迎', '1984-08-23', 'C100000834', '台中縣豐原市中山一路4號', '黎玉琴', '04-13228529', '3', '12', '001'),
(84, 912035, '盧佩熅', '1984-02-18', 'C100000843', '南投縣魚池鄉中山路395號A區9F之六', '盧蓮和', '04-13985610', '4', '9', '001'),
(85, 912036, '蕭玉奉', '1984-07-12', 'C100000852', '台中縣霧峰鄉新豐街327巷51號', '蕭清波', '04-13693553', '5', '16', '001'),
(86, 912037, '賴閿文', '1984-06-18', 'C100000861', '台中縣大甲鎮290巷286號', '賴勳明', '04-13693308', '6', '25', '001'),
(87, 912038, '錢師亞', '1984-05-31', 'C100000870', '台中縣大安鄉東明路217號5樓', '錢幼玲', '04-13651950', '1', '17', '001'),
(88, 913001, '閻營君', '1984-07-18', 'C100000889', '台中縣大肚鄉570巷110-3號', '閻李發', '04-13582448', '2', '25', '001'),
(89, 913002, '龍會玢', '1984-03-15', 'F100000891', '南投縣國姓鄉野柳村港西路11-1號', '龍建松', '04-13923610', '3', '8', '001'),
(90, 913003, '戴明樺', '1983-11-23', 'F100000908', '南投縣水里鄉瑞濱里台電新村114號', '戴文盛', '04-13978362', '4', '2', '001'),
(91, 913004, '薛金陵', '1983-10-14', 'F100000917', '南投縣信義鄉民族六街5巷8號2F', '薛炳分', '04-26953914', '5', '5', '001'),
(92, 913005, '謝惠頻', '1984-07-03', 'U100000928', '台中縣大里市正榮街36-3號3F', '謝冬妹', '04-13625932', '1', '14', '001'),
(93, 913006, '鍾玉文', '1984-04-28', 'C100000932', '台中縣大雅鄉路271號', '鍾金山', '04-13256152', '2', '12', '001'),
(94, 913007, '韓亞坊', '1984-04-14', 'H100000946', '南投縣仁愛鄉大鵬村下社路41-1號', '韓自忠', '04-13985637', '3', '8', '001'),
(95, 913008, '魏嘉汸', '1984-04-29', 'F100000953', '南投縣南投市重和村林口路8-1號', '魏信男', '04-13983292', '4', '9', '001'),
(96, 913009, '羅力欣', '1984-04-02', 'C100000969', '南投縣埔里鎮加投路213號', '羅其輝', '04-13982340', '5', '8', '001'),
(97, 913010, '譚瑞頻', '1984-09-11', 'C100000978', '台中縣太平市480-2號', '譚文生', '04-13693294', '6', '23', '001'),
(98, 913011, '蘇安禎', '1984-09-23', 'C200000989', '台中縣外埔鄉崇德路10巷26號1F', '蘇清溪', '04-13228297', '1', '27', '001'),
(99, 913012, '顧秀霞', '1983-12-01', 'F200000991', '南投縣草屯鎮東和路16巷46號2F', '顧源炎', '04-13977772', '2', '2', '001'),
(100, 913013, '龔玉璿', '1983-05-16', 'C200002009', '台中縣石岡鄉31巷2弄30號 之1F', '龔觀清', '04-13238364', '3', '16', '001'),
(101, 913014, '丁淑華', '1983-04-01', 'F200002011', '南投縣竹山鎮十分街209號', '丁萬居', '04-13958056', '4', '4', '001'),
(102, 913015, '尹詩萍', '1984-08-24', 'F200002020', '南投縣集集鎮玉田路46-4號', '尹介璧', '04-13923421', '5', '8', '001'),
(103, 913016, '孔新怡', '1984-03-20', 'F200002039', '南投縣名間鄉三爪子坑路13巷7號', '孔施雄', '04-13978642', '1', '2', '001'),
(104, 913017, '文秀豐', '1984-02-09', 'V200002041', '台中縣后里鄉和一路2巷9之13號', '文長妹', '04-13632481', '2', '14', '001'),
(105, 913018, '方玉茹', '1984-09-22', 'C200002054', '台中縣沙鹿鎮正義路2巷78 號3F', '方素員', '04-13228896', '3', '14', '001'),
(106, 913019, '毛秀真', '1984-05-06', 'F200002066', '南投縣鹿谷鄉三港村雙澳路95號', '毛炎火', '04-13932203', '4', '10', '001'),
(107, 913020, '王惠琄', '1984-04-24', 'C100001073', '台中縣和平鄉明德一路172巷16之4號', '王文棋', '04-13567293', '5', '12', '001'),
(108, 913021, '史欣青', '1983-04-05', 'F100001085', '南投縣中寮鄉水源路2段190號1F', '史炎興', '04-26418130', '6', '5', '001'),
(109, 913022, '田芳祝', '1984-03-02', 'F100001094', '南投縣魚池鄉頌德里8號巷3號', '田麗卿', '04-13975359', '1', '2', '001'),
(110, 913023, '白雅玲', '1984-02-26', 'C100001108', '台中縣東勢鎮通明街70-2號', '白上華', '04-13288811', '2', '14', '001'),
(111, 913024, '石雅霖', '1984-01-05', 'C100001117', '台中縣烏日鄉月眉路65巷108號之2', '石正雄', '04-13652732', '3', '27', '001'),
(112, 913025, '任慈縈', '1984-07-29', 'F100001129', '南投縣國姓鄉粗坑口路37號', '任連枝', '04-13578811', '4', '2', '001'),
(113, 913026, '朱嘉儀', '1983-11-22', 'C100001135', '台中縣神岡鄉街15號4F', '朱金明', '04-13651340', '5', '27', '001'),
(114, 913027, '江慧禎', '1984-07-16', 'C100001144', '台中縣梧棲鎮復興路230巷63-2號3F', '江榮華', '04-42372168', '6', '14', '001'),
(115, 913028, '何靜雯', '1983-12-03', 'F100001156', '南投縣水里鄉中山路77號', '何榮貴', '04-49274224', '1', '2', '001'),
(116, 913029, '余韻芬', '1984-08-09', 'C100001162', '台中縣清水鎮安一路100巷219-3號4F', '余振宗', '04-42252917', '2', '23', '001'),
(117, 913030, '吳秋萍', '1984-02-03', 'C100001171', '台中縣新社鄉北寧路346-3 號4F', '吳茂林', '04-13692220', '3', '14', '001'),
(118, 913031, '呂郁茹', '1984-09-24', 'C100001180', '台中縣潭子鄉信二路25-7號4F', '呂輝隆', '04-42243317', '4', '17', '001'),
(119, 913032, '宋亦菁', '1984-09-27', 'C100001199', '台中縣龍井鄉路359號5F', '宋榮華', '04-13337460', '5', '17', '001'),
(120, 913033, '李淑樺', '1984-08-06', 'C100001206', '台中縣豐原市泰安路69-5號2F', '李再明', '04-42514641', '6', '12', '001'),
(121, 913034, '杜愛君', '1983-05-29', 'C100001215', '台中縣霧峰鄉街108號5樓', '杜清平', '04-46925677', '1', '25', '001'),
(122, 913035, '沈淑淋', '1984-03-28', 'C100001224', '台中縣大甲鎮30號', '沈文輝', '04-46932611', '2', '25', '001'),
(123, 913036, '汪慧君', '1983-09-03', 'F100001236', '南投縣信義鄉大埔路152號1樓', '汪明月', '04-42571005', '3', '2', '001'),
(124, 913037, '周偵如', '1983-12-17', 'C100001242', '台中縣大安鄉東明路39巷45-14號4F', '周偉良', '04-42656768', '4', '17', '001'),
(125, 913038, '孟曉玲', '1984-10-04', 'C100001251', '台中縣大肚鄉正榮街77巷43號底二層', '孟木生', '04-42272406', '5', '14', '001'),
(126, 913039, '於致聖', '1984-11-04', 'C100001260', '台中縣大里市中華路103-1 號5F', '於振峰', '04-42232710', '1', '12', '001'),
(127, 913040, '易嘉莉', '1984-05-30', 'A100001277', '台中縣大雅鄉花源五街7號6樓', '易榮華', '04-46263210', '2', '17', '001'),
(128, 913041, '林佳真', '1982-06-11', 'A100001286', '台中縣太平市路1巷66-8號', '林廖森', '04-43233266', '3', '17', '001'),
(129, 913042, '武惠玲', '1982-03-09', 'F100001290', '南投縣仁愛鄉加投路六鄰23號之3 2F', '武文和', '04-49286193', '4', '8', '001'),
(130, 913043, '邵鳳玲', '1984-02-06', 'C100001304', '台中縣外埔鄉復興路230巷63號', '邵春河', '04-43371767', '5', '14', '001'),
(131, 913044, '邱怡菁', '1983-03-15', 'C100001313', '台中縣石岡鄉112巷2 弄11-3號4F', '邱明宗', '04-34274782', '6', '16', '001'),
(132, 913045, '金佳純', '1984-04-21', 'C100001322', '台中縣后里鄉中正街656巷40號2F', '金寬二', '04-44624537', '1', '14', '001'),
(133, 913046, '侯秋燕', '1984-08-30', 'C200001333', '台中縣沙鹿鎮154巷11-2號3F', '侯金木', '04-46150755', '2', '27', '001'),
(134, 913047, '姜玉茹', '1983-12-26', 'C200001342', '台中縣和平鄉187-1號2F', '姜政聲', '04-46227840', '3', '17', '001'),
(135, 913048, '姚怡婷', '1984-03-17', 'C200001351', '台中縣東勢鎮漁港三街146 號3F', '姚國清', '04-43691540', '4', '16', '001'),
(136, 913049, '段秀玉', '1984-08-27', 'F200001363', '南投縣南投市磺潭村清水路13號', '段黃英', '04-49484536', '5', '8', '001'),
(137, 913050, '胡月香', '1983-10-05', 'P200001379', '台中縣烏日鄉基金二路1巷158號', '胡素碧', '04-41691122', '1', '23', '001'),
(138, 913051, '范蕙琴', '1983-11-21', 'C200001388', '台中縣神岡鄉北寧路369巷27-3號', '范英連', '04-46191518', '2', '14', '001'),
(139, 913052, '唐千怡', '1984-01-04', 'C200001397', '台中縣梧棲鎮信二路101號之4,4樓', '唐新田', '04-42339773', '3', '17', '001'),
(140, 913053, '夏喬后', '1984-01-29', 'C200001404', '台中縣清水鎮188巷14之3號', '夏榮文', '04-43579947', '4', '25', '001'),
(141, 913054, '孫小芬', '1984-07-21', 'L200001410', '南投縣埔里鎮仁愛路67巷9 號3F', '孫春菅', '04-41986214', '5', '9', '001'),
(142, 913055, '徐姍珊', '1984-04-13', 'C200001422', '台中縣新社鄉正濱路116巷7弄10號5F', '徐清隆', '04-46223474', '6', '14', '001'),
(143, 913056, '秦書敏', '1984-10-09', 'C100001439', '台中縣潭子鄉中山二路32號', '秦銀女', '04-42333128', '1', '12', '001'),
(144, 913057, '袁曉雯', '1984-07-26', 'F100001441', '台中縣龍井鄉源遠路152巷31號5F', '袁清連', '04-42573183', '2', '25', '001'),
(145, 913058, '郝雅萍', '1984-07-10', 'P100001457', '台中縣豐原市泰安路22號1F', '郝進後', '04-13515078', '3', '12', '001'),
(146, 913059, '馬瑩純', '1984-08-01', 'F100001469', '南投縣草屯鎮瑪鍊下街49號', '馬春長', '04-41925378', '4', '8', '001'),
(147, 913060, '高佳芬', '1984-05-20', 'C100001475', '台中縣霧峰鄉北寧路31巷4-1號', '高金吉', '04-46329028', '5', '14', '001'),
(148, 913061, '崔秋萍', '1980-10-29', 'F100001487', '南投縣竹山鎮仁和路41號2F', '崔有福', '04-14902565', '6', '1', '001'),
(149, 913062, '常雯蓉', '1983-12-07', 'F100001496', '南投縣集集鎮仁和路41號2F', '常有福', '04-43902656', '1', '1', '001'),
(150, 913063, '康如宜', '1984-04-12', 'C100001500', '台中縣大甲鎮信二路174巷49-4號5F', '康添財', '04-42295279', '2', '17', '001'),
(151, 913064, '張玉如', '1982-12-22', 'P100001519', '台中縣大安鄉12巷39號5F', '張淑霞', '04-42177000', '3', '25', '001'),
(152, 913065, '曹佳穎', '1984-07-19', 'C100001528', '台中縣大肚鄉東明路54號4F', '曹勝華', '04-46514149', '4', '17', '001'),
(153, 913066, '梁素瑩', '1984-10-04', 'C100001537', '台中縣大里市中正路790-1 號', '梁銘振', '04-43621493', '5', '14', '001'),
(154, 913067, '許佩賢', '1984-03-25', 'C100001546', '台中縣大雅鄉180-7號5F', '許陽生', '04-43573452', '6', '25', '001'),
(155, 913068, '郭婉琪', '1983-10-11', 'C100001555', '台中縣太平市源遠路292巷4-1號2F', '郭瑞添', '04-45473379', '1', '25', '001'),
(156, 913069, '陳惠文', '1984-03-10', 'V100001560', '台中縣外埔鄉69號', '陳瑞欽', '090-022306', '2', '23', '001'),
(157, 913070, '陸少衿', '1984-04-24', 'C100001573', '台中縣石岡鄉69號', '陸林乾', '04-41653238', '3', '23', '001'),
(158, 913071, '章意如', '1984-08-10', 'F100001585', '南投縣名間鄉仁愛路124巷2號3F', '章顯榮', '04-13901148', '4', '1', '001'),
(159, 913072, '傅心怡', '1984-03-29', 'C100001591', '台中縣后里鄉武聖街144巷23號3F', '傅福長', '04-42333639', '5', '23', '001'),
(160, 913073, '喬苑茹', '1984-07-05', 'C100001608', '台中縣沙鹿鎮工建路172號2F', '喬振興', '04-45213353', '1', '18', '001'),
(161, 913074, '彭曉茹', '1984-10-26', 'C100001617', '台中縣和平鄉崇德路68號底樓', '彭金牛', '023-4286109', '2', '27', '001'),
(162, 913075, '曾懷文', '1984-09-17', 'C100001626', '台中縣東勢鎮寧靜街48號1F', '曾南方', '04-43575236', '3', '25', '001'),
(163, 913076, '湯麗芳', '1983-10-23', 'V100001631', '台中縣烏日鄉中正路345號之4,5樓', '湯義聖', '04-46432694', '4', '14', '001'),
(164, 913077, '程巧鈐', '1984-11-04', 'F100001647', '台中縣神岡鄉源遠路243號', '程金來', '04-42574792', '5', '25', '001'),
(165, 913078, '賀若霜', '1984-10-29', 'C100001653', '台中縣梧棲鎮新豐街159號4樓', '賀忠勇', '04-41691101', '6', '16', '001'),
(166, 913079, '馮曉娟', '1984-01-08', 'C100001662', '台中縣清水鎮龍安街29號5F', '馮建財', '04-42727145', '1', '23', '001'),
(167, 913080, '黃玉燕', '1983-10-28', 'U100001676', '台中縣新社鄉正濱路116巷5弄9號5F', '黃阿德', '04-46129726', '2', '14', '001'),
(168, 913081, '楊佳雯', '1984-05-21', 'C100001680', '台中縣潭子鄉祥豐街112號3F', '楊建良', '04-46121345', '3', '14', '001'),
(169, 913082, '萬明瑜', '1984-11-04', 'C100001699', '台中縣龍井鄉新西街207巷30之3號4F', '萬朝國', '04-41255482', '4', '27', '001'),
(170, 913083, '葉欣瑜', '1984-10-29', 'F100001709', '台中縣豐原市168巷13弄10 號4F', '葉鳳嬌', '04-43265587', '5', '16', '001'),
(171, 913084, '董婉婷', '1984-07-19', 'F100001718', '南投縣鹿谷鄉岳王路78號4F', '董陳竹', '04-49722475', '1', '2', '001'),
(172, 913085, '賈淑美', '1983-04-15', 'G100001728', '台中縣霧峰鄉105號', '賈清標', '04-42264907', '2', '25', '001'),
(173, 913086, '鄒雅玲', '1984-09-15', 'C100001733', '台中縣大甲鎮中船路90巷3 號3F', '鄒勝奇', '04-42842842', '3', '14', '001'),
(174, 913087, '廖雅慧', '1982-12-15', 'F100001745', '南投縣中寮鄉四維路41號1F', '廖錦亮', '04-49822759', '4', '9', '001'),
(175, 913088, '熊蓉蓉', '1983-12-07', 'E100001753', '台中縣大安鄉和一路75號3F', '熊美月', '04-46322685', '5', '14', '001'),
(176, 913089, '趙依萍', '1983-12-05', 'V100001766', '台中縣大肚鄉新豐街327巷24號', '趙光仁', '04-46922153', '6', '16', '001'),
(177, 913090, '劉玲蓉', '1984-01-17', 'E100001771', '南投縣魚池鄉清水路60巷16號', '劉文政', '04-49824056', '1', '9', '001'),
(178, 913091, '潘素麗', '1984-10-05', 'C100001788', '台中縣大里市平二路19巷17號', '潘春隆', '04-41623518', '2', '14', '001'),
(179, 913092, '蔣鈺惠', '1984-01-12', 'H100001792', '南投縣國姓鄉明里路121號', '蔣黃翔', '04-49262023', '3', '2', '001'),
(180, 913093, '蔡秀娟', '1984-07-09', 'E100001806', '台中縣大雅鄉漁港三街108 號5F', '蔡清平', '04-46295677', '4', '16', '001'),
(181, 913094, '鄭姍玫', '1984-11-26', 'F100001816', '南投縣中寮鄉朝陽街20號', '鄭文然', '04-49341228', '5', '1', '001'),
(182, 913095, '鄧雅麟', '1984-02-02', 'C100001822', '台中縣太平市191號之5F', '鄧慧卿', '04-41241255', '6', '16', '001'),
(183, 913096, '黎惠雯', '1984-11-06', 'C200001833', '台中縣外埔鄉路168巷52弄21號4F', '黎忠成', '04-46264103', '1', '17', '001'),
(184, 913097, '盧思雅', '1983-10-30', 'F200001845', '南投縣魚池鄉基山街22號', '盧志祥', '04-49736471', '2', '2', '001'),
(185, 913098, '蕭淑真', '1984-03-01', 'F200001854', '南投縣國姓鄉仁愛路116號', '蕭俊明', '04-49201673', '3', '1', '001'),
(186, 913099, '賴純慧', '1984-09-20', 'V200001866', '台中縣石岡鄉新豐街157號4樓', '賴彩祥', '04-46191499', '4', '16', '001'),
(187, 913100, '錢婉怡', '1983-10-24', 'C200001879', '台中縣后里鄉祥豐街319號5樓', '錢金樹', '04-46227923', '5', '14', '001'),
(188, 913101, '閻雅玲', '1984-02-02', 'F100001889', '南投縣水里鄉忠孝東路437 巷16號1F', '閻元在', '04-64110635', '6', '5', '001'),
(189, 913102, '龍曉韻', '1984-09-20', 'X100001891', '台中縣沙鹿鎮百二路88-2號3F', '龍峰瑞', '04-45122615', '1', '12', '001'),
(190, 913103, '戴梅玉', '1984-05-26', 'C100001902', '台中縣和平鄉和平街29巷51弄1號', '戴則貴', '04-46129151', '2', '14', '001'),
(191, 913104, '薛秋菊', '1983-04-28', 'C100001911', '台中縣東勢鎮172號之2,3樓', '薛錦基', '04-42728611', '3', '14', '001'),
(192, 913105, '謝淑秋', '1984-10-18', 'F100001923', '南投縣信義鄉魚行村新店街52號', '謝三郎', '04-49231326', '4', '10', '001'),
(193, 913106, '鍾麗秋', '1984-12-06', 'F100001932', '南投縣仁愛鄉貢寮街61號', '鍾天助', '04-49412498', '5', '1', '001'),
(194, 913107, '韓淑真', '1984-09-29', 'C100001948', '台中縣烏日鄉2-51號4F', '韓朝松', '04-46525202', '1', '17', '001'),
(195, 913108, '魏賴琦', '1984-08-22', 'F100001950', '南投縣南投市深澳路63號', '魏銀旺', '04-49772486', '2', '2', '001'),
(196, 913109, '羅淑玲', '1984-09-15', 'U100001961', '台中縣神岡鄉中華路105巷57號', '羅賜源', '04-42281534', '3', '12', '001'),
(197, 913110, '譚心培', '1984-07-01', 'F100001978', '南投縣埔里鎮三爪子坑路47巷2弄16-1', '譚志達', '04-42971397', '4', '2', '001'),
(198, 913111, '蘇富仙', '1984-06-26', 'N100001983', '台中縣梧棲鎮平三路13號5F', '蘇降復', '04-14625904', '5', '14', '001'),
(199, 913112, '顧怡芳', '1984-01-23', 'C100001993', '台中縣清水鎮樂利三街28巷27-2號3F', '顧宗成', '04-43121092', '6', '27', '001'),
(200, 913113, '龔慧玉', '1984-08-08', 'F100002000', '南投縣草屯鎮十分街202號', '龔榮富', '04-49258535', '1', '4', '001'),
(201, 913114, '丁嘉琪', '1984-06-12', 'C100002016', '台中縣新社鄉55巷12號4F', '丁坤清', '04-46262043', '2', '27', '001'),
(202, 913115, '尹伶霞', '1983-12-17', 'A100002023', '台中縣潭子鄉路11巷24弄8-2號3F', '尹玉音', '04-42824665', '3', '25', '001'),
(203, 913116, '孔潔如', '1984-06-12', 'F100002037', '南投縣竹山鎮中央路44巷27號', '孔國鈞', '04-63822956', '4', '7', '001'),
(204, 913117, '文元君', '1983-12-18', 'F100002046', '台中縣龍井鄉東信路180巷70號', '文明志', '04-46524922', '5', '17', '001'),
(205, 913118, '方姍珊', '1984-04-13', 'C100002052', '台中縣豐原市正濱路116巷7弄10號5F', '方清隆', '04-46223474', '1', '14', '001'),
(206, 913119, '毛蕙琴', '1983-11-21', 'C100002061', '台中縣霧峰鄉北寧路369巷27-3號', '毛英連', '04-46921518', '2', '14', '001'),
(207, 913120, '王思穎', '1984-08-16', 'A100002078', '台中縣大甲鎮安一路100 巷186號', '王翰嬌', '04-42377352', '3', '23', '001'),
(208, 913121, '史雪莉', '1984-07-07', 'C100002089', '台中縣大安鄉堵南里溪頭街23號', '史和睦', '04-45142263', '4', '12', '001'),
(209, 913122, '田佳佳', '1984-07-08', 'F100002091', '南投縣集集鎮大埔路231號', '田信弘', '04-45378084', '5', '2', '001'),
(210, 913123, '白嘉惠', '1984-05-20', 'C100002105', '台中縣大肚鄉過港路154號1F', '白錦德', '04-45731354', '6', '25', '001'),
(211, 913124, '石欣玲', '1984-04-24', 'C100002114', '台中縣大里市北寧路349-1號', '石順發', '04-46394377', '1', '14', '001'),
(212, 913125, '任千怡', '1984-01-04', 'C100002123', '台中縣大雅鄉信二路101號之4,4樓', '任新田', '04-42339773', '2', '17', '001'),
(213, 913126, '朱秀容', '1984-09-18', 'F100002135', '南投縣名間鄉建基路2段116號', '朱賜宗', '04-49731685', '3', '2', '001'),
(214, 913127, '江香君', '1984-02-07', 'P100002141', '台中縣太平市信六路12號2F', '江民意', '04-42830427', '4', '14', '001'),
(215, 913128, '何嘉容', '1983-12-02', 'C100002150', '台中縣外埔鄉大華一路78號', '何武雄', '04-45652210', '5', '18', '001'),
(216, 913129, '余憶萍', '1984-04-04', 'C100002169', '台中縣石岡鄉安和一街4巷12號2F', '余聰明', '04-43153123', '6', '23', '001'),
(217, 913130, '吳秀玲', '1984-07-28', 'F100002171', '南投縣鹿谷鄉大同路2段202號7F', '吳龍昌', '04-64723223', '1', '5', '001'),
(218, 913131, '呂秀娟', '1984-07-28', 'F100002180', '南投縣中寮鄉大同路2段202號7F', '呂龍昌', '04-64732223', '2', '5', '001'),
(219, 913132, '宋依婷', '1983-11-08', 'F100002199', '南投縣魚池鄉中央路48巷4 號1F吉祥', '宋新勇', '04-45731667', '3', '2', '001'),
(220, 913133, '李佳瑩', '1983-10-13', 'C100002203', '台中縣后里鄉和一路84巷20弄65號', '李坤祥', '04-46323095', '4', '14', '001'),
(221, 913134, '杜怡亭', '1984-02-09', 'N100002211', '台中縣沙鹿鎮東勢街6-34號', '杜春烈', '04-45370919', '5', '24', '001'),
(222, 913135, '沈雨欣', '1984-05-25', 'F100002224', '南投縣國姓鄉汐萬路二段66巷63弄6號', '沈永源', '04-63463941', '6', '5', '001'),
(223, 913136, '汪圓惠', '1984-11-02', 'C100002230', '台中縣和平鄉750號', '汪順義', '04-46328151', '1', '16', '001'),
(224, 913137, '周秀芬', '1984-03-04', 'C100002249', '南投縣中寮鄉大埔路115巷26-3號', '周明輝', '04-45733874', '2', '2', '001'),
(225, 913138, '孟 涵', '1984-01-11', 'C100002258', '台中縣東勢鎮239號3F', '孟守義', '04-42635636', '3', '27', '001'),
(226, 913139, '於偉齡', '1984-04-09', 'C100002267', '南投縣魚池鄉水源路1段286號2F', '於品山', '04-43224375', '4', '5', '001'),
(227, 913140, '易心怡', '1983-10-09', 'C100002276', '台中縣烏日鄉南榮路121號5F', '易德煌', '04-42238022', '5', '20', '001'),
(228, 913141, '林永安', '1984-09-19', 'F100002288', '南投縣國姓鄉逢甲路330號', '林基珍', '04-49371879', '1', '2', '001'),
(229, 913142, '武惟琇', '1983-11-30', 'A100002292', '台中縣神岡鄉東信路258巷31-4號5F', '武捷隆', '04-46256341', '2', '17', '001'),
(230, 913143, '邵喬后', '1984-01-29', 'C100002301', '台中縣梧棲鎮街131巷 12之2號', '邵榮文', '04-43228909', '3', '23', '001'),
(231, 913144, '邱麗梅', '1983-02-03', 'C100002310', '台中縣清水鎮北寧路369巷43號', '邱朝福', '04-46292059', '4', '14', '001'),
(232, 913145, '金瓊如', '1984-03-22', 'C100002329', '台中縣新社鄉南路337號', '金朝枝', '04-42270612', '5', '26', '001'),
(233, 913146, '侯玉梅', '1984-06-29', 'A100002336', '南投縣水里鄉公園路10號', '侯金連', '04-64121082', '6', '5', '001'),
(234, 913147, '姜亦潔', '1984-08-09', 'C100002347', '台中縣潭子鄉福二街204之4號', '姜美雲', '04-42512482', '1', '12', '001'),
(235, 913148, '姚長怡', '1984-03-16', 'C100002356', '台中縣龍井鄉安和一街6巷46-4號5F', '姚士清', '04-43116796', '2', '23', '001'),
(236, 913149, '段音如', '1983-12-11', 'C100002365', '台中縣豐原市大華一路34-3號1F', '段連東', '04-45611878', '3', '18', '001'),
(237, 913150, '胡曉琳', '1984-01-16', 'C100002374', '台中縣霧峰鄉崇孝街71號之3四樓', '胡萬枝', '04-45163290', '4', '12', '001'),
(238, 913151, '范錦儒', '1983-09-23', 'F100002386', '南投縣信義鄉瑞興新村12巷11號', '范東興', '04-41968686', '5', '2', '001'),
(239, 913152, '唐靜華', '1984-07-25', 'F100002395', '南投縣仁愛鄉大埔路有勝二村6號4F', '唐金城', '04-45718171', '1', '2', '001'),
(240, 913153, '夏麗玲', '1984-01-07', 'C100002409', '台中縣大甲鎮西定路368巷22號2F', '夏清溪', '04-42614981', '2', '14', '001'),
(241, 913154, '孫麗涵', '1983-10-15', 'C200002410', '台中縣大安鄉中正路51號', '孫耀明', '04-42122695', '3', '14', '001'),
(242, 913155, '徐雪如', '1984-07-30', 'C200002429', '台中縣大肚鄉南榮路117巷35弄12之3', '徐燕魁', '04-42218110', '4', '26', '001'),
(243, 913156, '秦佩芬', '1984-10-03', 'C200002438', '台中縣大里市樂利三街34巷10號', '秦達明', '04-43135864', '5', '27', '001'),
(244, 913157, '袁惠晴', '1984-04-05', 'C200002447', '台中縣大雅鄉正義路29巷14號1F', '袁福雄', '04-41241812', '6', '14', '001'),
(245, 913158, '郝瑞婷', '1984-03-02', 'M200002454', '台中縣太平市祥豐街68巷306號', '郝介吾', '04-14623046', '1', '11', '001'),
(246, 913159, '馬嘉琪', '1984-06-12', 'C200002465', '台中縣外埔鄉55巷12號4F', '馬坤清', '04-14662043', '2', '27', '001'),
(247, 913160, '高素鳳', '1984-07-18', 'F200002477', '南投縣南投市三爪子路69巷14號4F', '高政宗', '04-41960256', '3', '2', '001'),
(248, 913161, '崔曉芬', '1983-12-11', 'C200002483', '台中縣石岡鄉南新街218-1 號2F', '崔雲庚', '04-42832850', '4', '19', '001'),
(249, 913162, '常鈺玟', '1983-12-05', 'D200002493', '台中縣后里鄉百六街23號4F', '常澤田', '04-45162208', '5', '12', '001'),
(250, 913163, '康宜敏', '1984-03-12', 'F200002502', '台中縣沙鹿鎮中山一路35巷15號3F', '康簡碧', '04-42728447', '6', '12', '001'),
(251, 913164, '張亦文', '1984-06-22', 'F200002511', '南投縣埔里鎮建基路弘祥新村1段2號', '張柯滿', '04-49270998', '1', '2', '001'),
(252, 913165, '曹曉琪', '1983-11-28', 'C200002527', '台中縣和平鄉新豐街161巷75號3F', '曹神舜', '04-13693477', '2', '16', '001'),
(253, 913166, '梁怡芳', '1984-01-23', 'C200002536', '台中縣東勢鎮樂利三街28巷27-2號3F', '梁宗成', '04-43221092', '3', '27', '001'),
(254, 913167, '許書敏', '1984-10-09', 'C200002545', '台中縣烏日鄉中山二路32號', '許銀女', '04-42233128', '4', '12', '001'),
(255, 913168, '郭巧真', '1984-02-27', 'C100002552', '台中縣神岡鄉89巷47之2號3F', '郭總成', '04-42247115', '5', '21', '001'),
(256, 913169, '陳曼雯', '1983-10-28', 'C100002561', '台中縣梧棲鎮樂利三街30巷4號', '陳清泉', '04-43124294', '6', '27', '001'),
(257, 913170, '陸慧玉', '1984-08-08', 'F100002573', '南投縣草屯鎮十分街202號', '陸榮富', '04-49528535', '1', '4', '001'),
(258, 913171, '章詩萍', '1984-02-19', 'A100002587', '南投縣竹山鎮瑞濱路93號', '章雅雄', '04-49277703', '2', '2', '001'),
(259, 914001, '傅佳怡', '1984-09-20', 'C100002598', '台中縣清水鎮安一路166-3 號4F', '傅聖寬', '04-14237541', '3', '23', '001'),
(260, 914002, '喬嘉瑋', '1983-06-25', 'A100002603', '台中縣新社鄉信二路224巷3號', '喬蓮琴', '04-42227371', '4', '17', '001'),
(261, 914003, '彭君怡', '1984-06-20', 'F100002617', '台中縣潭子鄉正義路2巷46 號1F', '彭寶琴', '04-42231279', '5', '14', '001'),
(262, 914004, '曾靜瑩', '1984-07-27', 'V100002629', '南投縣集集鎮復興路37號', '曾明雄', '04-64319784', '1', '5', '001'),
(263, 914005, '湯怡珊', '1984-03-08', 'C100002632', '台中縣龍井鄉寧靜街151-28號1F', '湯志士', '04-45174027', '2', '25', '001'),
(264, 914006, '程錦芳', '1984-08-09', 'F100002644', '南投縣名間鄉瑞竹路59號', '程三源', '04-45728128', '3', '2', '001'),
(265, 914007, '賀淑穎', '1984-07-21', 'C100002650', '台中縣豐原市愛四路3-1號', '賀明賢', '04-42822370', '4', '23', '001'),
(266, 914008, '馮筱慧', '1983-10-12', 'C100002669', '台中縣霧峰鄉文化路50巷1 弄6號1F', '馮月嬌', '04-42614657', '5', '14', '001'),
(267, 914009, '黃佳玲', '1984-09-20', 'C100002678', '台中縣大甲鎮中船路112巷30弄12號', '黃春松', '04-41273279', '6', '14', '001'),
(268, 914010, '楊雅惠', '1983-04-09', 'F100002680', '南投縣鹿谷鄉民權街12巷25號', '楊勝芳', '04-49616522', '1', '2', '001'),
(269, 914011, '萬燕鈴', '1980-05-25', 'F100002699', '南投縣中寮鄉傑魚坑路271 號', '萬份來', '04-49748168', '2', '2', '001'),
(270, 914012, '葉君美', '1983-02-14', 'V100002709', '台中縣大安鄉明德一路2巷21號5F', '葉金玉', '04-41551181', '3', '12', '001'),
(271, 914013, '董宜慧', '1984-03-03', 'C100002712', '台中縣大肚鄉百六街107巷18號3樓', '董信次', '04-45113262', '4', '12', '001'),
(272, 914014, '賈淑芬', '1984-09-13', 'F100002724', '南投縣魚池鄉十分街34號', '賈松進', '04-49518551', '5', '4', '001'),
(273, 914015, '鄒家萱', '1983-12-18', 'C100002730', '台中縣大里市實踐路294巷8號1F', '鄒成富', '04-45215824', '1', '12', '001'),
(274, 914016, '廖怡芬', '1983-09-16', 'C100002749', '台中縣大雅鄉西定路351號2F', '廖黃水', '04-42462747', '2', '14', '001'),
(275, 914017, '熊筑伶', '1984-06-17', 'H100002753', '台中縣太平市安樂路一段266號2F', '熊勝賢', '04-13244999', '3', '23', '001'),
(276, 914018, '趙雅琳', '1984-06-14', 'F100002760', '南投縣國姓鄉忠孝東路234 號2F', '趙三奇', '04-64217527', '4', '5', '001'),
(277, 914019, '劉百合', '1984-12-27', 'C100002776', '台中縣外埔鄉新丰街251巷10弄8號', '劉榮煌', '04-46293569', '5', '16', '001'),
(278, 914020, '潘春梅', '1984-02-11', 'C100002785', '台中縣石岡鄉和一路58巷23號5F', '潘瑞源', '04-46228033', '6', '14', '001'),
(279, 914021, '蔣淑秋', '1983-11-11', 'G100002798', '宜蘭縣三星鄉大溪里仁澤新村2號', '蔣長波', '039-781717', '1', '28', '001'),
(280, 914022, '蔡淑娟', '1984-07-18', 'C100002801', '台中縣后里鄉大同街21號', '蔡瑞榮', '04-45265527', '2', '18', '001'),
(281, 914023, '鄭嘉燕', '1984-09-26', 'C100002810', '台中縣沙鹿鎮基金一路208 巷18號', '鄭阿生', '04-43210943', '3', '23', '001'),
(282, 914024, '鄧賜華', '1984-07-14', 'C100002829', '台中縣和平鄉和一路127號', '鄧國權', '04-46225239', '4', '14', '001'),
(283, 914025, '黎麗玲', '1983-10-10', 'F100002831', '台中縣東勢鎮中正路702號 之2三樓', '黎文進', '04-46220301', '5', '14', '001'),
(284, 914026, '盧莉萍', '1984-09-06', 'G100002841', '台中縣烏日鄉正濱路26巷22號', '盧松輝', '04-46202615', '6', '14', '001'),
(285, 914027, '蕭筱怡', '1984-04-21', 'C100002856', '台中縣神岡鄉武嶺街144號3樓', '蕭秋欽', '04-43223684', '1', '27', '001'),
(286, 914028, '賴雅雯', '1984-08-23', 'C100002865', '台中縣梧棲鎮培德路7巷25 號3F', '賴文德', '04-46257141', '2', '17', '001'),
(287, 914029, '錢麗琴', '1983-11-28', 'E100002876', '台中縣清水鎮漁港三街106 號5F', '錢三益', '04-46295688', '3', '16', '001'),
(288, 914030, '閻慧蘭', '1984-03-11', 'C100002883', '台中縣新社鄉愛五路6巷46 號', '閻寬永', '04-42523628', '4', '23', '001'),
(289, 914031, '龍苑君', '1984-02-05', 'C100002892', '台中縣潭子鄉開元路104-4 號', '龍添福', '04-45623321', '5', '12', '001'),
(290, 914032, '戴亦芳', '1984-08-05', 'C100002909', '台中縣龍井鄉信二路74巷18號', '戴坤銘', '04-42201911', '6', '17', '001'),
(291, 914033, '薛雅芳', '1984-08-16', 'F100002911', '南投縣中寮鄉十分街215號', '薛榮華', '04-49580260', '1', '4', '001'),
(292, 914034, '謝佩君', '1984-08-24', 'C100002927', '台中縣豐原市水源路9-9號2F', '謝兩傳', '04-45720238', '2', '24', '001'),
(293, 914035, '鍾郁鈴', '1984-08-16', 'F100002939', '南投縣魚池鄉瑪鍊路2號3F', '鍾崇煌', '04-49212916', '3', '8', '001'),
(294, 914036, '韓卓葳', '1984-08-06', 'C100002945', '台中縣霧峰鄉培德路2巷32 號5F', '韓培興', '04-46258603', '4', '17', '001'),
(295, 914037, '魏佳琪', '1982-07-29', 'F100002957', '南投縣國姓鄉金包里街73號', '魏清河', '04-49281806', '5', '9', '001'),
(296, 914038, '羅孟君', '1984-08-18', 'C100002963', '台中縣大甲鎮中山1路241巷20號', '羅德和', '04-42230795', '1', '12', '001'),
(297, 914039, '譚婷婷', '1984-01-16', 'F100002975', '南投縣水里鄉磺港路26號', '譚明全', '04-49282994', '2', '9', '001'),
(298, 914040, '蘇詩平', '1983-10-12', 'F100002984', '南投縣信義鄉三爪子坑64-10號1F', '蘇阿涼', '04-42970812', '3', '2', '001'),
(299, 914041, '顧曉君', '1983-11-23', 'C100002990', '台中縣大安鄉安一路278巷62弄69號', '顧佳銘', '04-42328592', '4', '23', '001'),
(300, 914042, '龔琬珊', '1983-11-14', 'C100003004', '台中縣大肚鄉愛五路10巷3 號', '龔寬忠', '04-42323529', '5', '23', '001'),
(301, 914043, '丁曉琦', '1984-08-28', 'C100003013', '台中縣大里市祥豐街71號3F', '丁聯祥', '04-46220872', '6', '15', '001'),
(302, 914044, '尹惠琳', '1983-10-28', 'C100003022', '台中縣大雅鄉復興212巷21 弄69號', '尹阿財', '04-43726182', '1', '14', '001'),
(303, 914045, '孔秀雅', '1984-06-24', 'F100003034', '台中縣太平市中正路182巷33-1號', '孔景仁', '04-42826086', '2', '14', '001'),
(304, 914046, '文鈺淳', '1983-08-24', 'C100003040', '台中縣外埔鄉86號2F', '文秀美', '04-42728847', '3', '17', '001'),
(305, 914047, '方憶萍', '1984-01-29', 'F100003052', '南投縣仁愛鄉共和村中山路30號', '方文三', '04-49321325', '4', '10', '001'),
(306, 914048, '毛尹華', '1983-02-20', 'F100003061', '南投縣南投市和平街6巷5弄11號3F', '毛國隆', '04-64213941', '5', '5', '001'),
(307, 914049, '王淑如', '1983-09-28', 'C100003077', '台中縣石岡鄉仁安街53巷8 之1號', '王金塗', '04-42725487', '1', '14', '001'),
(308, 914050, '史嘉雯', '1984-10-18', 'F100003089', '南投縣埔里鎮海濱路162號', '史深淵', '04-49726061', '2', '2', '001'),
(309, 914051, '田佳玲', '1984-07-23', 'C100003095', '台中縣后里鄉105號', '田慶良', '04-13276443', '3', '17', '001'),
(310, 914052, '白蕙如', '1984-01-13', 'C100003102', '台中縣沙鹿鎮中山一路241巷94號', '白炳坤', '04-42323372', '4', '12', '001'),
(311, 914053, '石蕾苑', '1983-07-17', 'C100003111', '台中縣和平鄉福二街154巷18號4樓', '石新居', '04-45121754', '5', '12', '001'),
(312, 914054, '任婉菱', '1984-04-14', 'C100003120', '台中縣東勢鎮630號', '任坤弟', '04-46221280', '6', '16', '001'),
(313, 914055, '朱玉純', '1984-05-12', 'C100003139', '台中縣烏日鄉平三路21號3F', '朱阿樹', '04-46222411', '1', '14', '001'),
(314, 914056, '江欣蕙', '1984-01-30', 'F100003141', '南投縣草屯鎮三爪坑路91巷22號', '江錦淵', '04-49662962', '2', '2', '001'),
(315, 914057, '何春蘭', '1984-07-05', 'C100003157', '台中縣神岡鄉275號2F', '何金隆', '04-45724770', '3', '25', '001'),
(316, 914058, '余家妮', '1983-11-26', 'C100003166', '南投縣竹山鎮忠義路55巷5 號3F', '余李淑', '04-26025665', '4', '3', '001'),
(317, 914059, '吳靜蘋', '1984-05-28', 'C100003175', '台中縣梧棲鎮義三路4巷31 號', '吳文智', '04-42622482', '5', '17', '001'),
(318, 914060, '呂美桂', '1984-08-09', 'C100003184', '台中縣清水鎮樂利三街34巷18號', '呂阿雲', '04-43122553', '6', '27', '001'),
(319, 914061, '宋玉珊', '1983-09-22', 'C100003193', '台中縣新社鄉街263巷19弄33號底層', '宋林忠', '04-43325081', '1', '25', '001'),
(320, 914062, '李玉菁', '1981-02-16', 'C100003200', '台中縣潭子鄉明德一路98-4號', '李基隆', '04-45642603', '2', '12', '001'),
(321, 914063, '杜若男', '1984-06-05', 'C100003219', '台中縣龍井鄉西定路51號4F', '杜宗輝', '04-42925626', '3', '14', '001'),
(322, 914064, '沈馨怡', '1984-01-01', 'C100003228', '台中縣豐原市東信路154巷7-3號4F', '沈菊嵊', '04-46520898', '4', '17', '001'),
(323, 914065, '汪玉真', '1984-09-16', 'C200003239', '台中縣霧峰鄉仁二路137巷64號', '汪清吉', '04-42427913', '5', '16', '001'),
(324, 914066, '周宛華', '1984-05-25', 'F200003241', '南投縣集集鎮中山路263巷9號4F', '周聰明', '04-49825626', '6', '9', '001'),
(325, 914067, '孟玫芳', '1983-12-16', 'C200003257', '台中縣大甲鎮定國路119巷21 號', '孟兆亮', '04-42722859', '1', '23', '001'),
(326, 914068, '於淑瑛', '1984-05-21', 'C200003266', '台中縣大安鄉119巷15弄3號', '於志鵬', '04-46282032', '2', '16', '001'),
(327, 914069, '易美玲', '1981-10-23', 'E200003277', '台中縣大肚鄉東光路4-5號底 層樓', '易金燧', '04-46261299', '3', '17', '001'),
(328, 914070, '林雯琪', '1983-10-25', 'F200003287', '台中縣大里市定國街125號', '林月里', '04-42524929', '4', '27', '001'),
(329, 914071, '武舒盈', '1984-06-06', 'F200003296', '南投縣名間鄉中山路46號', '武松江', '04-49272314', '5', '2', '001'),
(330, 914072, '邵佩茹', '1983-06-17', 'F100003301', '南投縣鹿谷鄉忠孝東路451 號3樓', '邵麗芬', '04-64287313', '1', '5', '001'),
(331, 914073, '邱芷琳', '1984-02-09', 'C100003317', '台中縣大雅鄉武嶺街240-2 號3F', '邱金鐘', '04-42310872', '2', '23', '001'),
(332, 914074, '金婉如', '1984-02-21', 'C100003326', '台中縣太平市421巷103-2號3F', '金武華', '04-43124728', '3', '17', '001'),
(333, 914075, '侯惠瑜', '1984-07-14', 'F100003338', '南投縣中寮鄉汐萬路一段134號', '侯日成', '04-64214482', '4', '5', '001'),
(334, 914076, '姜雅鳳', '1984-03-17', 'F100003347', '南投縣魚池鄉磺港村31號', '姜武雄', '04-49283233', '5', '9', '001'),
(335, 914077, '姚嘉玲', '1983-08-15', 'F100003356', '南投縣國姓鄉新寮村3號', '姚慶福', '04-49582351', '6', '4', '001'),
(336, 914078, '段慧琪', '1984-08-08', 'C100003362', '台中縣外埔鄉正義路2巷46 號1F', '段象雄', '04-42231279', '1', '14', '001'),
(337, 914079, '胡梅貴', '1984-06-28', 'C100003371', '台中縣石岡鄉忠孝街610巷17號4F', '胡文科', '04-45270286', '2', '24', '001'),
(338, 914080, '范惠玲', '1984-01-10', 'F100003383', '南投縣中寮鄉和平街1號3F', '范色雄', '04-49286334', '3', '9', '001'),
(339, 914081, '唐雅君', '1984-09-08', 'G100003393', '台中縣后里鄉新丰街161巷126號2F', '唐彝香', '04-46294566', '4', '16', '001'),
(340, 914082, '夏嘉琳', '1984-06-11', 'C100003406', '台中縣沙鹿鎮西定路57號2F', '夏秋山', '04-42260818', '5', '14', '001'),
(341, 914083, '孫雲婷', '1984-04-12', 'C100003415', '台中縣和平鄉新西街57巷21號', '孫阿日', '04-42263256', '1', '27', '001'),
(342, 914084, '徐德芳', '1984-06-12', 'C100003424', '台中縣東勢鎮平一路320-3 號', '徐明富', '04-46225924', '2', '14', '001'),
(343, 914085, '秦琇雯', '1984-11-16', 'C100003433', '台中縣烏日鄉中山二路一巷53號', '秦進富', '04-42255976', '3', '12', '001'),
(344, 914086, '袁佩琳', '1984-04-08', 'C100003442', '台中縣神岡鄉139號', '袁謝萍', '04-46254736', '4', '17', '001'),
(345, 914087, '郝婉菁', '1983-09-28', 'T100003455', '台中縣梧棲鎮中華路1巷2號', '郝香筑', '04-42234146', '5', '14', '001'),
(346, 914088, '馬曉甄', '1983-10-10', 'N100003469', '南投縣魚池鄉瑪鍊路5-4號2F', '馬阿萬', '04-49222315', '6', '8', '001'),
(347, 914089, '高嘉琳', '1983-09-30', 'F100003472', '南投縣國姓鄉成功新村66號', '高政雄', '04-49222329', '1', '8', '001'),
(348, 914090, '崔筱穎', '1984-09-11', 'C100003488', '台中縣清水鎮劉銘傳路95巷1-1號2樓', '崔志誠', '04-13254994', '2', '23', '001'),
(349, 914091, '常佳昕', '1982-02-10', 'C100003497', '台中縣新社鄉95巷29號2F', '常重典', '04-13280672', '3', '16', '001'),
(350, 914092, '康思婷', '1984-02-16', 'F100003507', '南投縣水里鄉傑魚坑路217 號之1', '康建村', '04-13974743', '4', '2', '001'),
(351, 914093, '張秀珍', '1983-09-03', 'F100003516', '南投縣信義鄉半嶺路58號', '張輝次', '04-13985692', '5', '9', '001'),
(352, 914094, '曹意欣', '1984-10-05', 'F100003525', '台中縣潭子鄉定國街11巷14號', '曹明山', '04-13266601', '6', '23', '001'),
(353, 914095, '梁秀萍', '1984-09-07', 'F100003534', '南投縣仁愛鄉中正路65號2F', '梁田玉', '04-13983032', '1', '9', '001'),
(354, 914096, '許蓁齡', '1984-02-09', 'C100003540', '台中縣龍井鄉西定路308號', '許奄能', '04-13287226', '2', '14', '001'),
(355, 914097, '郭中慧', '1984-08-16', 'C100003559', '台中縣豐原市東碇路366號2F', '郭貽立', '04-13259126', '3', '27', '001'),
(356, 914098, '陳沛文', '1984-01-09', 'F100003561', '台中縣霧峰鄉暖碇路15巷26號', '陳瑞鳳', '03-23833704', '4', '25', '001'),
(357, 914099, '陸欣雅', '1984-02-25', 'C100003577', '台中縣大甲鎮正信路175巷8號', '陸玉蘭', '04-13655316', '5', '17', '001'),
(358, 914100, '章慧薰', '1983-12-11', 'C100003586', '台中縣大安鄉中山二路107 巷94號', '章培盛', '04-13238378', '6', '12', '001'),
(359, 914101, '傅婉如', '1983-12-16', 'C100003595', '台中縣大肚鄉崇信街41巷4-1 號2F', '傅勝毅', '04-13566607', '1', '12', '001'),
(360, 914102, '喬郁庭', '1984-04-15', 'C100003602', '台中縣大里市定國街119巷5號', '喬北海', '04-13262342', '2', '23', '001'),
(361, 914103, '彭意琳', '1984-01-16', 'A100003619', '台中縣大雅鄉實踐路112號5F', '彭振富', '04-13511275', '3', '12', '001'),
(362, 914104, '曾文泙', '1984-04-05', 'C100003620', '台中縣太平市一段69巷36號4F', '曾蔡麗', '04-13315894', '4', '27', '001'),
(363, 914105, '湯淑婷', '1984-01-13', 'F100003632', '台中縣外埔鄉東明路114號', '湯明麟', '04-13652808', '5', '17', '001'),
(364, 914106, '程詩萍', '1984-02-19', 'A100003646', '南投縣南投市瑞濱路93號', '程雅雄', '04-13977703', '1', '2', '001'),
(365, 914107, '賀昱呈', '1984-08-07', 'C100003657', '台中縣石岡鄉西定路110巷3號', '賀炳煌', '04-13281730', '2', '14', '001'),
(366, 914108, '馮欣璇', '1984-08-17', 'C100003666', '台中縣后里鄉福五街85巷44號1F', '馮國棟', '04-13517620', '3', '12', '001'),
(367, 914109, '黃湘儀', '1984-10-15', 'C100003675', '台中縣沙鹿鎮東信路55巷24-2號3F', '黃國雄', '04-13655539', '4', '17', '001'),
(368, 914110, '楊雅惠', '1980-11-08', 'F100003687', '南投縣埔里鎮鉋里街24號', '楊明珠', '04-13982021', '5', '9', '001'),
(369, 914111, '萬雅琳', '1983-10-22', 'C100003693', '台中縣和平鄉崇智街35巷10-7號4F', '萬順能', '04-13565040', '6', '12', '001'),
(370, 914112, '葉詩儀', '1984-01-09', 'C100003700', '台中縣東勢鎮月眉路65巷64號', '葉天來', '04-13659785', '1', '17', '001'),
(371, 914113, '董麗如', '1984-02-05', 'C100003719', '台中縣烏日鄉實踐路128-2 號3F', '董文良', '04-13511076', '2', '12', '001'),
(372, 914114, '賈姵吟', '1984-06-02', 'C100003728', '台中縣神岡鄉南新街20-1號2F', '賈昌盛', '04-13242243', '3', '16', '001'),
(373, 914115, '鄒佩萱', '1984-03-11', 'C100003737', '台中縣梧棲鎮街6 巷55-2號3F', '鄒德發', '04-13312719', '4', '23', '001'),
(374, 914116, '廖惠君', '1984-07-25', 'C100003746', '台中縣清水鎮431之4號5F', '廖孟哲', '04-13627910', '5', '17', '001'),
(375, 914117, '熊雅莉', '1984-06-25', 'F100003758', '台中縣新社鄉義二路215號4F', '熊坤霖', '04-13263451', '1', '16', '001'),
(376, 914118, '趙曉馨', '1984-04-29', 'F100003767', '台中縣潭子鄉安樂路2段166巷58號1F', '趙正隆', '04-13313556', '2', '23', '001'),
(377, 914119, '劉美玲', '1984-07-23', 'F100003776', '南投縣草屯鎮加投路158號', '劉蒼田', '04-13981872', '3', '8', '001'),
(378, 914120, '潘可欣', '1984-02-29', 'A100003780', '台中縣龍井鄉源遠路152巷15號14F', '潘培禎', '04-13572246', '4', '25', '001'),
(379, 914121, '蔣秀燕', '1984-03-05', 'C100003791', '南投縣竹山鎮三爪子坑路69巷15-2號3', '蔣義郎', '04-13979480', '5', '2', '001'),
(380, 914122, '蔡佳雯', '1984-09-16', 'F100003801', '南投縣集集鎮野柳村港東路71號4F', '蔡春生', '04-13922608', '6', '8', '001'),
(381, 914123, '鄭甫美', '1984-07-31', 'C100003817', '台中縣豐原市南榮路319巷19號', '鄭再壽', '04-13277780', '1', '22', '001'),
(382, 914124, '鄧靜苓', '1984-01-08', 'F100003829', '台中縣霧峰鄉中興路3巷11-8號', '鄧虞村', '04-13322703', '2', '17', '001'),
(383, 914125, '黎菲雯', '1984-06-08', 'F100003838', '南投縣名間鄉瑞興新村12巷2號4F', '黎朝福', '04-13977792', '3', '2', '001'),
(384, 914126, '盧雅琳', '1984-10-25', 'C100003844', '台中縣大甲鎮信二路25-2號3F', '盧文正', '04-13232924', '4', '17', '001'),
(385, 914127, '蕭宛真', '1983-12-30', 'C100003853', '台中縣大安鄉溪頭街24-3號4F', '蕭榮貴', '04-13513675', '5', '12', '001'),
(386, 914128, '賴惠茹', '1983-11-29', 'C100003862', '台中縣大肚鄉中山一路113 巷81號', '賴淑芳', '04-13239573', '6', '12', '001'),
(387, 914129, '錢珊珊', '1984-11-08', 'C100003871', '台中縣大里市中山二路51巷171-1號', '錢岳鐘', '04-13255170', '1', '12', '001'),
(388, 914130, '閻秋琴', '1983-10-23', 'C100003880', '台中縣大雅鄉定國街11巷39號', '閻依維', '04-13266643', '2', '23', '001'),
(389, 914131, '龍文雅', '1983-10-23', 'C100003899', '台中縣太平市安和一街129巷6-3號4F', '龍銘鐘', '04-13322516', '3', '23', '001'),
(390, 914132, '戴怡慈', '1984-07-04', 'F100003909', '南投縣鹿谷鄉屯山里石頭厝17-2號', '戴盧文', '04-28010287', '4', '6', '001'),
(391, 914133, '薛秀鳳', '1984-01-22', 'F100003918', '南投縣中寮鄉東和路63號1F', '薛月娥', '04-13960270', '5', '2', '001'),
(392, 914134, '謝鈺霞', '1984-06-19', 'C100003924', '台中縣外埔鄉街4巷47號', '謝幸福', '04-13319792', '6', '23', '001'),
(393, 914135, '鍾小芬', '1984-07-21', 'L100003930', '南投縣魚池鄉仁愛路67巷9 號3F', '鍾春菅', '04-13986214', '1', '9', '001'),
(394, 914136, '韓彩鳳', '1983-09-24', 'C100003942', '台中縣石岡鄉崇德路10巷38-37號2F', '韓治雄', '04-13256196', '2', '27', '001'),
(395, 914137, '魏修吟', '1984-07-24', 'C100003951', '台中縣后里鄉樂一路76巷11號', '魏則亮', '04-13252836', '3', '27', '001'),
(396, 914138, '羅筱慧', '1983-10-12', 'C100003960', '台中縣沙鹿鎮文化路50巷1 弄6號1F', '羅月嬌', '04-13264657', '4', '14', '001'),
(397, 915001, '譚琇怡', '1984-09-13', 'C100003979', '台中縣和平鄉崇德路218-12號3F', '譚萬福', '04-13279637', '5', '27', '001'),
(398, 915002, '蘇琬鈺', '1984-01-06', 'C100003988', '台中縣東勢鎮麥金路458號 之4五樓', '蘇仲信', '04-13335533', '1', '27', '001'),
(399, 915003, '顧美芳', '1984-02-26', 'H100003992', '南投縣國姓鄉仁五路3號3F', '顧新章', '04-13925229', '2', '8', '001'),
(400, 915004, '龔雅貞', '1984-03-05', 'C100004001', '台中縣烏日鄉復興街50巷23號', '龔朝玉', '04-13285231', '3', '23', '001'),
(401, 915005, '丁婉禎', '1984-09-04', 'C100004010', '台中縣神岡鄉崇德路85-12 號地下2F', '丁明正', '04-13246535', '4', '27', '001'),
(402, 915006, '尹芳儀', '1983-07-23', 'C100004029', '台中縣梧棲鎮西定路453號', '尹期昆', '04-13242097', '5', '14', '001'),
(403, 915007, '孔玉茹', '1984-09-26', 'F100004031', '台中縣清水鎮成功路67巷31號3樓', '孔文科', '04-13318166', '6', '16', '001'),
(404, 915008, '文麗婷', '1984-10-26', 'F100004040', '南投縣中寮鄉菁桐村二坑4 號', '文火樹', '04-13951570', '1', '4', '001'),
(405, 915009, '方秀瑩', '1983-12-05', 'C100004056', '台中縣新社鄉愛五路4-1號2樓', '方永進', '04-13285139', '2', '23', '001'),
(406, 915010, '毛怡雯', '1984-05-27', 'C100004065', '台中縣潭子鄉碇內街160巷4號', '毛金李', '04-13574877', '3', '25', '001'),
(407, 915011, '王文琪', '1984-03-29', 'C100004074', '台中縣龍井鄉街110號 4F', '王德銘', '04-13316105', '4', '25', '001'),
(408, 915012, '史忞燕', '1984-03-23', 'R100004085', '台中縣豐原市義七路19號4F', '史秀靜', '04-13224708', '5', '17', '001'),
(409, 915013, '田佳詩', '1983-12-21', 'C100004092', '台中縣霧峰鄉獅球路48巷55號', '田武龍', '04-13336325', '1', '23', '001'),
(410, 915014, '白慧怡', '1984-04-07', 'K100004106', '台中縣大甲鎮街二巷22-5號6F', '白火龍', '04-26212902', '2', '23', '001'),
(411, 915015, '石惠名', '1984-08-01', 'C100004118', '台中縣大安鄉復興街117巷13號2樓', '石清和', '04-13231378', '3', '23', '001'),
(412, 915016, '任瑞欣', '1983-11-26', 'V100004123', '台中縣大肚鄉新丰街327巷2號', '任勤努', '04-13693354', '4', '16', '001'),
(413, 915017, '朱玉萍', '1984-01-10', 'C100004136', '台中縣大里市六堵里工建路42號', '朱秋揚', '04-13510695', '5', '18', '001'),
(414, 915018, '江惠瑩', '1984-10-14', 'C100004145', '台中縣大雅鄉大華一路57巷11-2號3F', '江連興', '04-13551392', '6', '18', '001'),
(415, 915019, '何依婷', '1984-10-11', 'F100004157', '南投縣魚池鄉瑞竹路12號2F', '何金生', '04-13573797', '1', '2', '001'),
(416, 915020, '余欣妮', '1984-01-28', 'G100004167', '台中縣太平市通仁路20巷46號', '余美華', '04-13230461', '2', '14', '001'),
(417, 915021, '吳嘉玲', '1984-07-27', 'F100004175', '南投縣國姓鄉延平街69號', '吳春生', '04-13901172', '3', '1', '001'),
(418, 915022, '呂欣怡', '1984-08-14', 'C100004181', '台中縣外埔鄉19巷27號4F', '呂美鈴', '04-13323946', '4', '16', '001'),
(419, 915023, '宋彥蓉', '1984-09-19', 'M100004198', '台中縣石岡鄉開元路104-1 號2F', '宋陳鎬', '04-13567307', '5', '12', '001'),
(420, 915024, '李柏楨', '1984-04-08', 'F100004200', '台中縣后里鄉源遠路249巷11-2號3F', '李金德', '04-13572735', '6', '25', '001'),
(421, 915025, '杜慧玲', '1983-11-20', 'C100004216', '台中縣沙鹿鎮調和街17-8號3F', '杜文田', '04-13691790', '1', '16', '001'),
(422, 915026, '沈蕙敏', '1984-05-27', 'C100004225', '台中縣和平鄉中華路167巷13-3號', '沈玉嬌', '04-13286212', '2', '13', '001'),
(423, 915027, '汪純慧', '1983-10-14', 'C100004234', '台中縣東勢鎮龍安街340號', '汪進寶', '04-13232499', '3', '23', '001'),
(424, 915028, '周雅君', '1983-10-10', 'C100004243', '台中縣烏日鄉八堵路31巷1 號3F', '周清漢', '04-13570712', '4', '21', '001'),
(425, 915029, '孟伶樺', '1984-04-04', 'F100004255', '南投縣水里鄉仁愛路67巷14號3F', '孟俊湧', '04-13988057', '5', '9', '001'),
(426, 915030, '於淑珍', '1984-05-11', 'C100004261', '台中縣神岡鄉路131巷11弄4號5F', '於 書', '04-13322536', '6', '23', '001'),
(427, 915031, '易惠如', '1984-01-24', 'F100004273', '南投縣信義鄉128號', '易平郎', '04-13941300', '1', '1', '001'),
(428, 915032, '林文琪', '1984-06-03', 'F100004282', '南投縣仁愛鄉水源路1段185號', '林詹園', '04-26427938', '2', '5', '001'),
(429, 915033, '武怡琴', '1983-10-23', 'F100004291', '台中縣梧棲鎮劉銘傳路110 巷34號2F', '武啟輝', '04-13272209', '3', '23', '001'),
(430, 915034, '邵汶琪', '1984-01-30', 'F100004308', '南投縣中寮鄉港東路177號1F', '邵桂花', '04-13921744', '4', '8', '001'),
(431, 915035, '邱惠茹', '1984-09-13', 'F100004317', '南投縣魚池鄉福德一路102 巷16號', '邱正宗', '04-26941388', '5', '5', '001'),
(432, 915036, '金鈺婷', '1984-02-25', 'G100004327', '南投縣國姓鄉樟樹一路123-2號1F', '金兒燎', '04-26473809', '1', '5', '001'),
(433, 915037, '侯佩純', '1984-04-21', 'G100004336', '台中縣清水鎮518號', '侯祈財', '04-13623381', '2', '16', '001'),
(434, 915038, '姜雯菁', '1983-09-22', 'F100004344', '台中縣新社鄉樂利二街26號1樓', '姜寶根', '04-13315522', '3', '27', '001'),
(435, 915039, '姚愷莉', '1984-03-29', 'C100004350', '台中縣潭子鄉復興街105巷1號', '姚玉書', '04-13234590', '4', '23', '001'),
(436, 915040, '段聖芳', '1984-06-14', 'C100004369', '台中縣龍井鄉七巷29號', '段興益', '04-13653019', '5', '17', '001'),
(437, 915041, '胡嘉慧', '1984-01-13', 'C100004378', '台中縣豐原市437巷7號1F', '胡金玉', '04-13314538', '6', '17', '001'),
(438, 915042, '范欣怡', '1984-02-10', 'F100004380', '南投縣水里鄉仁愛路51號1F', '范李雄', '04-13984686', '1', '9', '001'),
(439, 915043, '唐利光', '1984-07-28', 'C100004396', '台中縣霧峰鄉龍安街94號', '唐明達', '04-13321631', '2', '23', '001'),
(440, 915044, '夏芳祺', '1984-10-22', 'F100004406', '南投縣信義鄉石門街29號5F', '夏正池', '04-26382102', '3', '7', '001'),
(441, 915045, '孫雅嵐', '1984-08-01', 'C100004412', '台中縣大甲鎮八堵路28號', '孫龍竹', '04-13581940', '4', '21', '001'),
(442, 915046, '徐文怡', '1984-06-21', 'C100004421', '台中縣大安鄉月眉路250巷19 號', '徐勝和', '04-13651852', '5', '27', '001'),
(443, 915047, '秦佳芳', '1982-10-24', 'C100004430', '台中縣大肚鄉路168巷50弄7號4F', '秦輝龍', '04-25077981', '1', '17', '001'),
(444, 915048, '袁桂綾', '1984-05-04', 'F100004442', '南投縣仁愛鄉大同路2段687巷23弄2號', '袁財團', '04-26434642', '2', '5', '001'),
(445, 915049, '郝怡珊', '1984-07-23', 'F100004451', '南投縣南投市新港街26巷21弄3號2F', '郝明雄', '04-13901985', '3', '1', '001'),
(446, 915050, '馬靖怡', '1984-08-22', 'C100004467', '南投縣埔里鎮仁愛路119巷19號四樓', '馬勝龍', '04-26479455', '4', '5', '001'),
(447, 915051, '高素惠', '1984-08-04', 'F100004479', '南投縣草屯鎮建基路2段97 號', '高萬生', '04-13975894', '5', '2', '001'),
(448, 915052, '崔雅苓', '1984-01-29', 'C100004485', '台中縣大里市35巷159號1F', '崔總富', '04-13655941', '6', '27', '001'),
(449, 915053, '常依雲', '1984-11-11', 'F100004497', '南投縣竹山鎮牡丹村233號', '常水木', '04-13934372', '1', '10', '001'),
(450, 915054, '康佳靜', '1984-07-18', 'C100004501', '台中縣大雅鄉培德路59號之1,5樓', '康明端', '04-13656789', '2', '17', '001'),
(451, 915055, '張淑梅', '1984-01-05', 'C100004510', '台中縣太平市二巷9-5號', '張崇武', '04-13621993', '3', '27', '001'),
(452, 915056, '曹曉燕', '1984-06-10', 'F100004522', '南投縣集集鎮港西路56-3號2F', '曹宗興', '04-13923628', '4', '8', '001'),
(453, 915057, '梁心怡', '1983-03-20', 'C100004538', '台中縣外埔鄉257號', '梁希滇', '04-13627038', '5', '17', '001'),
(454, 915058, '許秀美', '1984-06-27', 'C100004547', '台中縣石岡鄉復興路212巷23 弄23號', '許阿潻', '04-13257782', '6', '14', '001'),
(455, 915059, '郭美冠', '1983-12-01', 'F100004559', '南投縣名間鄉中山路180巷5弄11號', '郭福來', '04-13971390', '1', '2', '001'),
(456, 915060, '陳珮瑛', '1984-05-16', 'A100004563', '台中縣后里鄉愛三路9-3號9F', '陳淑珍', '04-13222830', '2', '23', '001'),
(457, 915061, '陸佳惠', '1983-12-09', 'C100004574', '台中縣沙鹿鎮寧靜街60巷20號 6F', '陸田濤', '04-13575282', '3', '25', '001'),
(458, 915062, '章靜玉', '1984-09-19', 'C100004583', '台中縣和平鄉華三街4號7樓', '章國楨', '04-13336213', '4', '23', '001'),
(459, 915063, '傅璧如', '1984-07-14', 'A100004590', '台中縣東勢鎮培德路12巷40-2號', '傅石村', '04-13656925', '5', '17', '001'),
(460, 915064, '喬琇婷', '1983-11-18', 'C100004609', '台中縣烏日鄉信二路36巷81號', '喬來成', '04-13259123', '6', '17', '001'),
(461, 915065, '彭嘉純', '1983-09-23', 'C100004618', '台中縣神岡鄉16巷70-11號', '彭茂金', '04-13573382', '1', '25', '001'),
(462, 915066, '曾銘芳', '1984-04-13', 'C100004627', '台中縣梧棲鎮348號之16', '曾連富', '04-13286436', '2', '23', '001'),
(463, 915067, '湯怡婷', '1983-05-06', 'C100004636', '台中縣清水鎮339號5F', '湯棋昌', '04-13282854', '3', '23', '001'),
(464, 915068, '程佳汎', '1984-07-04', 'C100004645', '台中縣新社鄉忠孝街281巷7號 3F', '程文卿', '04-13575009', '4', '24', '001'),
(465, 915069, '賀淑珍', '1984-06-14', 'V100004650', '台中縣潭子鄉開元路59-56 號', '賀福順', '04-13569139', '5', '12', '001');
INSERT INTO `students` (`id`, `school_num`, `name`, `birthday`, `uni_id`, `addr`, `parents`, `tel`, `dept`, `graduate_at`, `status_code`) VALUES
(466, 915070, '馮惠貞', '1984-10-20', 'F200004668', '南投縣鹿谷鄉中央路44巷18-1號1F', '馮永富', '04-26381985', '1', '7', '001'),
(467, 915071, '黃潔如', '1983-12-30', 'C200004674', '台中縣龍井鄉麥金路54號11樓', '黃明泉', '04-13333651', '2', '27', '001'),
(468, 915072, '楊靜漪', '1983-05-04', 'F200004686', '南投縣中寮鄉中正路93號', '楊欽賢', '04-26415225', '3', '5', '001'),
(469, 915073, '萬莉萍', '1983-10-15', 'C200004692', '台中縣豐原市25號', '萬燕青', '04-13323143', '4', '21', '001'),
(470, 915074, '葉玉婷', '1984-02-01', 'C200004709', '台中縣霧峰鄉國安路30巷16-2號3F', '葉文欽', '04-13576610', '5', '24', '001'),
(471, 915075, '董佳琪', '1984-03-21', 'F200004711', '台中縣大甲鎮崇智街27巷7-3號4F', '董瑞德', '04-13658126', '6', '12', '001'),
(472, 915076, '賈慧怡', '1984-06-21', 'C200004727', '台中縣大安鄉正榮街77巷35號底2樓', '賈鑽輝', '04-13632632', '1', '14', '001'),
(473, 915077, '鄒思怡', '1984-03-03', 'C200004736', '台中縣大肚鄉麥金路437巷14-3號', '鄒忠成', '04-13313918', '2', '27', '001'),
(474, 915078, '廖柔君', '1984-05-15', 'C200004745', '台中縣大里市中正路124號4樓', '廖啟彰', '04-13277422', '3', '14', '001'),
(475, 915079, '熊嘉慧', '1982-11-24', 'C200004754', '台中縣大雅鄉中平街17號之3 4F', '熊朝宗', '04-13233272', '4', '12', '001'),
(476, 915080, '趙佳蕙', '1984-01-18', 'C200004763', '台中縣太平市復興街107號', '趙朝陽', '04-13288094', '5', '23', '001'),
(477, 915081, '劉佳融', '1984-01-29', 'F200004775', '南投縣魚池鄉中福村59-2號', '劉阿屘', '04-13922431', '2', '8', '001'),
(478, 915082, '潘曉慧', '1983-12-30', 'A200004789', '南投縣國姓鄉輕便路5號', '潘崇義', '04-13969103', '3', '2', '001'),
(479, 915083, '蔣柏雲', '1984-06-27', 'C200004790', '台中縣外埔鄉25號4F', '蔣耒成', '04-13632327', '4', '27', '001');

-- --------------------------------------------------------

--
-- 資料表結構 `student_scores`
--

CREATE TABLE `student_scores` (
  `school_num` varchar(6) NOT NULL,
  `score` int(3) UNSIGNED NOT NULL
) ENGINE=InnoDB DEFAULT CHARSET=utf8mb4 COLLATE=utf8mb4_unicode_ci;

--
-- 傾印資料表的資料 `student_scores`
--

INSERT INTO `student_scores` (`school_num`, `score`) VALUES
('911001', 82),
('911002', 64),
('911003', 78),
('911004', 64),
('911005', 74),
('911006', 80),
('911007', 81),
('911008', 66),
('911009', 65),
('911010', 62),
('911011', 70),
('911012', 80),
('911013', 81),
('911014', 70),
('911015', 72),
('911016', 71),
('911017', 75),
('911018', 62),
('911019', 60),
('911020', 60),
('911021', 74),
('911022', 71),
('911023', 72),
('911024', 71),
('911025', 71),
('911026', 75),
('911027', 74),
('911028', 71),
('911029', 73),
('911030', 75),
('911031', 78),
('911032', 79),
('911033', 85),
('911034', 84),
('911035', 75),
('911036', 66),
('911037', 84),
('911038', 84),
('911039', 85),
('911040', 75),
('911041', 67),
('911042', 71),
('911043', 72),
('911044', 71),
('911045', 70),
('911046', 78),
('911047', 87),
('911048', 88),
('911049', 86),
('912001', 84),
('912002', 78),
('912003', 79),
('912004', 70),
('912005', 71),
('912006', 84),
('912007', 76),
('912008', 70),
('912009', 70),
('912010', 66),
('912011', 64),
('912012', 68),
('912013', 69),
('912014', 76),
('912015', 60),
('912016', 61),
('912017', 63),
('912018', 85),
('912019', 74),
('912020', 76),
('912021', 70),
('912022', 71),
('912023', 75),
('912024', 80),
('912025', 87),
('912026', 81),
('912027', 65),
('912028', 67),
('912029', 60),
('912030', 64),
('912031', 63),
('912032', 61),
('912033', 85),
('912034', 87),
('912035', 64),
('912036', 61),
('912037', 62),
('912038', 85),
('913001', 87),
('913002', 89),
('913003', 87),
('913004', 84),
('913005', 82),
('913006', 80),
('913007', 71),
('913008', 70),
('913009', 73),
('913010', 76),
('913011', 78),
('913012', 79),
('913013', 74),
('913014', 84),
('913015', 85),
('913016', 86),
('913017', 89),
('913018', 78),
('913019', 74),
('913020', 70),
('913021', 66),
('913022', 65),
('913023', 61),
('913024', 85),
('913025', 81),
('913026', 68),
('913027', 61),
('913028', 65),
('913029', 69),
('913030', 64),
('913031', 84),
('913032', 71),
('913033', 75),
('913034', 74),
('913035', 71),
('913036', 68),
('913037', 69),
('913038', 65),
('913039', 63),
('913040', 77),
('913041', 56),
('913042', 85),
('913043', 60),
('913044', 67),
('913045', 78),
('913046', 76),
('913047', 67),
('913048', 86),
('913049', 80),
('913050', 81),
('913051', 80),
('913052', 87),
('913053', 86),
('913054', 82),
('913055', 83),
('913056', 81),
('913057', 88),
('913058', 65),
('913059', 60),
('913060', 62),
('913061', 61),
('913062', 68),
('913063', 80),
('913064', 85),
('913065', 82),
('913066', 61),
('913067', 63),
('913068', 78),
('913069', 75),
('913070', 74),
('913071', 74),
('913072', 75),
('913073', 71),
('913074', 70),
('913075', 70),
('913076', 70),
('913077', 70),
('913078', 60),
('913079', 60),
('913080', 65),
('913081', 65),
('913082', 64),
('913083', 64),
('913084', 63),
('913085', 62),
('913086', 61),
('913087', 60),
('913088', 69),
('913089', 67),
('913090', 68),
('913091', 64),
('913092', 66),
('913093', 65),
('913094', 62),
('913095', 61),
('913096', 60),
('913097', 63),
('913098', 64),
('913099', 69),
('913100', 78),
('913101', 78),
('913102', 79),
('913103', 74),
('913104', 71),
('913105', 70),
('913106', 72),
('913107', 76),
('913108', 77),
('913109', 88),
('913110', 85),
('913111', 81),
('913112', 80),
('913113', 60),
('913114', 60),
('913115', 61),
('913116', 62),
('913117', 62),
('913118', 63),
('913119', 63),
('913120', 61),
('913121', 64),
('913122', 62),
('913123', 64),
('913124', 68),
('913125', 69),
('913126', 61),
('913127', 65),
('913128', 66),
('913129', 60),
('913130', 61),
('913131', 63),
('913132', 61),
('913133', 68),
('913134', 67),
('913135', 69),
('913136', 85),
('913137', 87),
('913138', 81),
('913139', 80),
('913140', 60),
('913141', 61),
('913142', 61),
('913143', 62),
('913144', 62),
('913145', 63),
('913146', 64),
('913147', 68),
('913148', 68),
('913149', 69),
('913150', 61),
('913151', 80),
('913152', 87),
('913153', 83),
('913154', 82),
('913155', 81),
('913156', 82),
('913157', 65),
('913158', 74),
('913159', 70),
('913160', 63),
('913161', 65),
('913162', 67),
('913163', 68),
('913164', 69),
('913165', 67),
('913166', 70),
('913167', 78),
('913168', 70),
('913169', 71),
('913170', 71),
('913171', 70),
('914001', 85),
('914002', 85),
('914003', 81),
('914004', 81),
('914005', 82),
('914006', 87),
('914007', 89),
('914008', 75),
('914009', 72),
('914010', 71),
('914011', 71),
('914012', 70),
('914013', 74),
('914014', 73),
('914015', 71),
('914016', 79),
('914017', 75),
('914018', 74),
('914019', 74),
('914020', 71),
('914021', 77),
('914022', 80),
('914023', 65),
('914024', 80),
('914025', 82),
('914026', 81),
('914027', 87),
('914028', 83),
('914029', 87),
('914030', 78),
('914031', 75),
('914032', 74),
('914033', 71),
('914034', 70),
('914035', 73),
('914036', 71),
('914037', 70),
('914038', 70),
('914039', 70),
('914040', 65),
('914041', 62),
('914042', 66),
('914043', 66),
('914044', 74),
('914045', 85),
('914046', 74),
('914047', 71),
('914048', 70),
('914049', 72),
('914050', 71),
('914051', 70),
('914052', 73),
('914053', 76),
('914054', 78),
('914055', 74),
('914056', 78),
('914057', 68),
('914058', 67),
('914059', 65),
('914060', 64),
('914061', 63),
('914062', 62),
('914063', 61),
('914064', 60),
('914065', 60),
('914066', 65),
('914067', 68),
('914068', 78),
('914069', 70),
('914070', 74),
('914071', 71),
('914072', 72),
('914073', 70),
('914074', 77),
('914075', 70),
('914076', 75),
('914077', 78),
('914078', 74),
('914079', 71),
('914080', 78),
('914081', 74),
('914082', 72),
('914083', 71),
('914084', 70),
('914085', 73),
('914086', 84),
('914087', 85),
('914088', 81),
('914089', 80),
('914090', 60),
('914091', 62),
('914092', 65),
('914093', 67),
('914094', 67),
('914095', 68),
('914096', 69),
('914097', 76),
('914098', 74),
('914099', 78),
('914100', 74),
('914101', 75),
('914102', 71),
('914103', 72),
('914104', 70),
('914105', 73),
('914106', 71),
('914107', 70),
('914108', 80),
('914109', 85),
('914110', 88),
('914111', 87),
('914112', 84),
('914113', 81),
('914114', 80),
('914115', 80),
('914116', 81),
('914117', 82),
('914118', 80),
('914119', 87),
('914120', 86),
('914121', 85),
('914122', 87),
('914123', 84),
('914124', 72),
('914125', 80),
('914126', 82),
('914127', 83),
('914128', 75),
('914129', 84),
('914130', 86),
('914131', 85),
('914132', 84),
('914133', 87),
('914134', 81),
('914135', 75),
('914136', 78),
('914137', 74),
('914138', 76),
('915001', 78),
('915002', 74),
('915003', 71),
('915004', 72),
('915005', 70),
('915006', 73),
('915007', 79),
('915008', 77),
('915009', 78),
('915010', 79),
('915011', 74),
('915012', 75),
('915013', 76),
('915014', 84),
('915015', 86),
('915016', 78),
('915017', 74),
('915018', 75),
('915019', 71),
('915020', 72),
('915021', 70),
('915022', 76),
('915023', 70),
('915024', 78),
('915025', 79),
('915026', 87),
('915027', 85),
('915028', 87),
('915029', 84),
('915030', 88),
('915031', 85),
('915032', 81),
('915033', 82),
('915034', 83),
('915035', 80),
('915036', 87),
('915037', 85),
('915038', 78),
('915039', 75),
('915040', 74),
('915041', 71),
('915042', 72),
('915043', 73),
('915044', 77),
('915045', 76),
('915046', 65),
('915047', 68),
('915048', 67),
('915049', 85),
('915050', 86),
('915051', 82),
('915052', 83),
('915053', 81),
('915054', 80),
('915055', 80),
('915056', 78),
('915057', 80),
('915058', 80),
('915059', 70),
('915060', 75),
('915061', 78),
('915062', 74),
('915063', 74),
('915064', 71),
('915065', 72),
('915066', 77),
('915067', 79),
('915068', 68),
('915069', 69),
('915070', 67),
('915071', 64),
('915072', 68),
('915073', 67),
('915074', 78),
('915075', 74),
('915076', 75),
('915077', 74),
('915078', 72),
('915079', 71),
('915080', 70),
('915081', 81),
('915082', 80),
('915083', 82);

--
-- 已傾印資料表的索引
--

--
-- 資料表索引 `classes`
--
ALTER TABLE `classes`
  ADD PRIMARY KEY (`id`);

--
-- 資料表索引 `class_student`
--
ALTER TABLE `class_student`
  ADD PRIMARY KEY (`id`),
  ADD UNIQUE KEY `school_num` (`school_num`);

--
-- 資料表索引 `dept`
--
ALTER TABLE `dept`
  ADD PRIMARY KEY (`id`);

--
-- 資料表索引 `graduate_school`
--
ALTER TABLE `graduate_school`
  ADD PRIMARY KEY (`id`);

--
-- 資料表索引 `members`
--
ALTER TABLE `members`
  ADD PRIMARY KEY (`id`);

--
-- 資料表索引 `news`
--
ALTER TABLE `news`
  ADD PRIMARY KEY (`id`);

--
-- 資料表索引 `status`
--
ALTER TABLE `status`
  ADD PRIMARY KEY (`id`);

--
-- 資料表索引 `students`
--
ALTER TABLE `students`
  ADD PRIMARY KEY (`id`);

--
-- 資料表索引 `student_scores`
--
ALTER TABLE `student_scores`
  ADD PRIMARY KEY (`school_num`);

--
-- 在傾印的資料表使用自動遞增(AUTO_INCREMENT)
--

--
-- 使用資料表自動遞增(AUTO_INCREMENT) `classes`
--
ALTER TABLE `classes`
  MODIFY `id` int(10) UNSIGNED NOT NULL AUTO_INCREMENT, AUTO_INCREMENT=11;

--
-- 使用資料表自動遞增(AUTO_INCREMENT) `class_student`
--
ALTER TABLE `class_student`
  MODIFY `id` int(10) UNSIGNED NOT NULL AUTO_INCREMENT, AUTO_INCREMENT=480;

--
-- 使用資料表自動遞增(AUTO_INCREMENT) `dept`
--
ALTER TABLE `dept`
  MODIFY `id` int(10) UNSIGNED NOT NULL AUTO_INCREMENT, AUTO_INCREMENT=7;

--
-- 使用資料表自動遞增(AUTO_INCREMENT) `graduate_school`
--
ALTER TABLE `graduate_school`
  MODIFY `id` int(10) UNSIGNED NOT NULL AUTO_INCREMENT, AUTO_INCREMENT=29;

--
-- 使用資料表自動遞增(AUTO_INCREMENT) `members`
--
ALTER TABLE `members`
  MODIFY `id` int(10) UNSIGNED NOT NULL AUTO_INCREMENT, AUTO_INCREMENT=4;

--
-- 使用資料表自動遞增(AUTO_INCREMENT) `news`
--
ALTER TABLE `news`
  MODIFY `id` int(10) UNSIGNED NOT NULL AUTO_INCREMENT, AUTO_INCREMENT=2;

--
-- 使用資料表自動遞增(AUTO_INCREMENT) `status`
--
ALTER TABLE `status`
  MODIFY `id` int(10) UNSIGNED NOT NULL AUTO_INCREMENT, AUTO_INCREMENT=5;

--
-- 使用資料表自動遞增(AUTO_INCREMENT) `students`
--
ALTER TABLE `students`
  MODIFY `id` int(10) UNSIGNED NOT NULL AUTO_INCREMENT, AUTO_INCREMENT=480;
--
-- 資料庫： `super`
--
CREATE DATABASE IF NOT EXISTS `super` DEFAULT CHARACTER SET utf8mb4 COLLATE utf8mb4_general_ci;
USE `super`;

-- --------------------------------------------------------

--
-- 資料表結構 `members`
--

CREATE TABLE `members` (
  `id` int(10) UNSIGNED NOT NULL,
  `account` text NOT NULL,
  `password` text NOT NULL,
  `tel` text NOT NULL,
  `birthday` date NOT NULL,
  `email` text NOT NULL
) ENGINE=InnoDB DEFAULT CHARSET=utf8mb4 COLLATE=utf8mb4_unicode_ci;

--
-- 傾印資料表的資料 `members`
--

INSERT INTO `members` (`id`, `account`, `password`, `tel`, `birthday`, `email`) VALUES
(1, 'may2', '1234', '0919033392', '2026-05-23', 'may@gmail.com'),
(2, 'may', '1234', '12346658', '2026-05-07', 'may@gmail.com');

--
-- 已傾印資料表的索引
--

--
-- 資料表索引 `members`
--
ALTER TABLE `members`
  ADD PRIMARY KEY (`id`);

--
-- 在傾印的資料表使用自動遞增(AUTO_INCREMENT)
--

--
-- 使用資料表自動遞增(AUTO_INCREMENT) `members`
--
ALTER TABLE `members`
  MODIFY `id` int(10) UNSIGNED NOT NULL AUTO_INCREMENT, AUTO_INCREMENT=3;
--
-- 資料庫： `tseng_clan_cms`
--
CREATE DATABASE IF NOT EXISTS `tseng_clan_cms` DEFAULT CHARACTER SET utf8mb4 COLLATE utf8mb4_unicode_ci;
USE `tseng_clan_cms`;

-- --------------------------------------------------------

--
-- 資料表結構 `admin_users`
--

CREATE TABLE `admin_users` (
  `id` int(10) UNSIGNED NOT NULL,
  `username` varchar(80) NOT NULL,
  `password_hash` varchar(255) NOT NULL,
  `display_name` varchar(120) NOT NULL,
  `role` varchar(40) NOT NULL DEFAULT 'admin',
  `created_at` timestamp NOT NULL DEFAULT current_timestamp()
) ENGINE=InnoDB DEFAULT CHARSET=utf8mb4 COLLATE=utf8mb4_general_ci;

--
-- 傾印資料表的資料 `admin_users`
--

INSERT INTO `admin_users` (`id`, `username`, `password_hash`, `display_name`, `role`, `created_at`) VALUES
(1, 'admin', 'admin123', '系統管理員', 'admin', '2026-05-27 05:30:02');

-- --------------------------------------------------------

--
-- 資料表結構 `albums`
--

CREATE TABLE `albums` (
  `id` int(10) UNSIGNED NOT NULL,
  `title` varchar(160) NOT NULL,
  `description` text DEFAULT NULL,
  `sort_order` int(11) NOT NULL DEFAULT 0,
  `created_at` timestamp NOT NULL DEFAULT current_timestamp()
) ENGINE=InnoDB DEFAULT CHARSET=utf8mb4 COLLATE=utf8mb4_general_ci;

--
-- 傾印資料表的資料 `albums`
--

INSERT INTO `albums` (`id`, `title`, `description`, `sort_order`, `created_at`) VALUES
(1, '原站精選圖庫', '由曾氏宗親會公開網站附件與頁面圖片整理而成。', 1, '2026-05-27 05:30:02');

-- --------------------------------------------------------

--
-- 資料表結構 `audit_logs`
--

CREATE TABLE `audit_logs` (
  `id` bigint(20) UNSIGNED NOT NULL,
  `admin_id` int(10) UNSIGNED DEFAULT NULL,
  `action` varchar(120) NOT NULL,
  `detail` text DEFAULT NULL,
  `created_at` timestamp NOT NULL DEFAULT current_timestamp()
) ENGINE=InnoDB DEFAULT CHARSET=utf8mb4 COLLATE=utf8mb4_general_ci;

-- --------------------------------------------------------

--
-- 資料表結構 `contact_messages`
--

CREATE TABLE `contact_messages` (
  `id` int(10) UNSIGNED NOT NULL,
  `name` varchar(120) NOT NULL,
  `email` varchar(180) DEFAULT NULL,
  `phone` varchar(80) DEFAULT NULL,
  `message` text NOT NULL,
  `status` enum('new','read','closed') NOT NULL DEFAULT 'new',
  `created_at` timestamp NOT NULL DEFAULT current_timestamp()
) ENGINE=InnoDB DEFAULT CHARSET=utf8mb4 COLLATE=utf8mb4_general_ci;

-- --------------------------------------------------------

--
-- 資料表結構 `gallery_images`
--

CREATE TABLE `gallery_images` (
  `id` int(10) UNSIGNED NOT NULL,
  `album_id` int(10) UNSIGNED NOT NULL,
  `title` varchar(160) DEFAULT NULL,
  `image_url` varchar(255) NOT NULL,
  `alt_text` varchar(255) DEFAULT NULL,
  `sort_order` int(11) NOT NULL DEFAULT 0
) ENGINE=InnoDB DEFAULT CHARSET=utf8mb4 COLLATE=utf8mb4_general_ci;

--
-- 傾印資料表的資料 `gallery_images`
--

INSERT INTO `gallery_images` (`id`, `album_id`, `title`, `image_url`, `alt_text`, `sort_order`) VALUES
(1, 1, 'logo彩色', 'https://tseng-clan.com/wp-content/uploads/2023/08/logo彩色.png', '', 1),
(2, 1, '會徽', 'https://tseng-clan.com/wp-content/uploads/2024/02/會徽.png', '', 2),
(3, 1, '進塔祭祖 (6)', 'https://tseng-clan.com/wp-content/uploads/2023/10/進塔祭祖-6.jpg', '', 3),
(4, 1, '進塔祭祖 (5)', 'https://tseng-clan.com/wp-content/uploads/2023/10/進塔祭祖-5.jpg', '', 4),
(5, 1, '進塔祭祖 (4)', 'https://tseng-clan.com/wp-content/uploads/2023/10/進塔祭祖-4.jpg', '', 5),
(6, 1, '進塔祭祖 (3)', 'https://tseng-clan.com/wp-content/uploads/2023/10/進塔祭祖-3.jpg', '', 6),
(7, 1, '進塔祭祖 (2)', 'https://tseng-clan.com/wp-content/uploads/2023/10/進塔祭祖-2.jpg', '', 7),
(8, 1, '進塔祭祖 (1)', 'https://tseng-clan.com/wp-content/uploads/2023/10/進塔祭祖-1.jpg', '', 8),
(9, 1, '進塔祭祖 (83)', 'https://tseng-clan.com/wp-content/uploads/2023/10/進塔祭祖-83.jpg', '', 9),
(10, 1, '進塔祭祖 (82)', 'https://tseng-clan.com/wp-content/uploads/2023/10/進塔祭祖-82.jpg', '', 10),
(11, 1, '進塔祭祖 (81)', 'https://tseng-clan.com/wp-content/uploads/2023/10/進塔祭祖-81.jpg', '', 11),
(12, 1, '進塔祭祖 (80)', 'https://tseng-clan.com/wp-content/uploads/2023/10/進塔祭祖-80.jpg', '', 12),
(13, 1, '進塔祭祖 (79)', 'https://tseng-clan.com/wp-content/uploads/2023/10/進塔祭祖-79.jpg', '', 13),
(14, 1, '進塔祭祖 (78)', 'https://tseng-clan.com/wp-content/uploads/2023/10/進塔祭祖-78.jpg', '', 14),
(15, 1, '進塔祭祖 (77)', 'https://tseng-clan.com/wp-content/uploads/2023/10/進塔祭祖-77.jpg', '', 15),
(16, 1, '進塔祭祖 (76)', 'https://tseng-clan.com/wp-content/uploads/2023/10/進塔祭祖-76.jpg', '', 16),
(17, 1, '進塔祭祖 (75)', 'https://tseng-clan.com/wp-content/uploads/2023/10/進塔祭祖-75.jpg', '', 17),
(18, 1, '進塔祭祖 (74)', 'https://tseng-clan.com/wp-content/uploads/2023/10/進塔祭祖-74.jpg', '', 18),
(19, 1, '進塔祭祖 (73)', 'https://tseng-clan.com/wp-content/uploads/2023/10/進塔祭祖-73.jpg', '', 19),
(20, 1, '進塔祭祖 (72)', 'https://tseng-clan.com/wp-content/uploads/2023/10/進塔祭祖-72.jpg', '', 20),
(21, 1, '進塔祭祖 (71)', 'https://tseng-clan.com/wp-content/uploads/2023/10/進塔祭祖-71.jpg', '', 21),
(22, 1, '進塔祭祖 (70)', 'https://tseng-clan.com/wp-content/uploads/2023/10/進塔祭祖-70.jpg', '', 22),
(23, 1, '進塔祭祖 (69)', 'https://tseng-clan.com/wp-content/uploads/2023/10/進塔祭祖-69.jpg', '', 23),
(24, 1, '進塔祭祖 (68)', 'https://tseng-clan.com/wp-content/uploads/2023/10/進塔祭祖-68.jpg', '', 24),
(25, 1, '進塔祭祖 (67)', 'https://tseng-clan.com/wp-content/uploads/2023/10/進塔祭祖-67.jpg', '', 25),
(26, 1, '進塔祭祖 (66)', 'https://tseng-clan.com/wp-content/uploads/2023/10/進塔祭祖-66.jpg', '', 26),
(27, 1, '進塔祭祖 (65)', 'https://tseng-clan.com/wp-content/uploads/2023/10/進塔祭祖-65.jpg', '', 27),
(28, 1, '進塔祭祖 (64)', 'https://tseng-clan.com/wp-content/uploads/2023/10/進塔祭祖-64.jpg', '', 28),
(29, 1, '進塔祭祖 (63)', 'https://tseng-clan.com/wp-content/uploads/2023/10/進塔祭祖-63.jpg', '', 29),
(30, 1, '進塔祭祖 (62)', 'https://tseng-clan.com/wp-content/uploads/2023/10/進塔祭祖-62.jpg', '', 30),
(31, 1, '進塔祭祖 (61)', 'https://tseng-clan.com/wp-content/uploads/2023/10/進塔祭祖-61.jpg', '', 31),
(32, 1, '進塔祭祖 (60)', 'https://tseng-clan.com/wp-content/uploads/2023/10/進塔祭祖-60.jpg', '', 32),
(33, 1, '進塔祭祖 (59)', 'https://tseng-clan.com/wp-content/uploads/2023/10/進塔祭祖-59.jpg', '', 33),
(34, 1, '進塔祭祖 (58)', 'https://tseng-clan.com/wp-content/uploads/2023/10/進塔祭祖-58.jpg', '', 34),
(35, 1, '進塔祭祖 (57)', 'https://tseng-clan.com/wp-content/uploads/2023/10/進塔祭祖-57.jpg', '', 35),
(36, 1, '進塔祭祖 (56)', 'https://tseng-clan.com/wp-content/uploads/2023/10/進塔祭祖-56.jpg', '', 36),
(37, 1, '進塔祭祖 (55)', 'https://tseng-clan.com/wp-content/uploads/2023/10/進塔祭祖-55.jpg', '', 37),
(38, 1, '進塔祭祖 (54)', 'https://tseng-clan.com/wp-content/uploads/2023/10/進塔祭祖-54.jpg', '', 38),
(39, 1, '進塔祭祖 (53)', 'https://tseng-clan.com/wp-content/uploads/2023/10/進塔祭祖-53.jpg', '', 39),
(40, 1, '進塔祭祖 (52)', 'https://tseng-clan.com/wp-content/uploads/2023/10/進塔祭祖-52.jpg', '', 40),
(41, 1, '進塔祭祖 (51)', 'https://tseng-clan.com/wp-content/uploads/2023/10/進塔祭祖-51.jpg', '', 41),
(42, 1, '進塔祭祖 (50)', 'https://tseng-clan.com/wp-content/uploads/2023/10/進塔祭祖-50.jpg', '', 42),
(43, 1, '進塔祭祖 (49)', 'https://tseng-clan.com/wp-content/uploads/2023/10/進塔祭祖-49.jpg', '', 43),
(44, 1, '進塔祭祖 (48)', 'https://tseng-clan.com/wp-content/uploads/2023/10/進塔祭祖-48.jpg', '', 44),
(45, 1, '進塔祭祖 (47)', 'https://tseng-clan.com/wp-content/uploads/2023/10/進塔祭祖-47.jpg', '', 45),
(46, 1, '進塔祭祖 (46)', 'https://tseng-clan.com/wp-content/uploads/2023/10/進塔祭祖-46.jpg', '', 46),
(47, 1, '進塔祭祖 (45)', 'https://tseng-clan.com/wp-content/uploads/2023/10/進塔祭祖-45.jpg', '', 47),
(48, 1, '進塔祭祖 (44)', 'https://tseng-clan.com/wp-content/uploads/2023/10/進塔祭祖-44.jpg', '', 48),
(49, 1, '進塔祭祖 (43)', 'https://tseng-clan.com/wp-content/uploads/2023/10/進塔祭祖-43.jpg', '', 49),
(50, 1, '進塔祭祖 (42)', 'https://tseng-clan.com/wp-content/uploads/2023/10/進塔祭祖-42.jpg', '', 50),
(51, 1, '進塔祭祖 (41)', 'https://tseng-clan.com/wp-content/uploads/2023/10/進塔祭祖-41.jpg', '', 51),
(52, 1, '進塔祭祖 (40)', 'https://tseng-clan.com/wp-content/uploads/2023/10/進塔祭祖-40.jpg', '', 52),
(53, 1, '進塔祭祖 (39)', 'https://tseng-clan.com/wp-content/uploads/2023/10/進塔祭祖-39.jpg', '', 53),
(54, 1, '進塔祭祖 (38)', 'https://tseng-clan.com/wp-content/uploads/2023/10/進塔祭祖-38.jpg', '', 54),
(55, 1, '進塔祭祖 (37)', 'https://tseng-clan.com/wp-content/uploads/2023/10/進塔祭祖-37.jpg', '', 55),
(56, 1, '進塔祭祖 (36)', 'https://tseng-clan.com/wp-content/uploads/2023/10/進塔祭祖-36.jpg', '', 56),
(57, 1, '進塔祭祖 (35)', 'https://tseng-clan.com/wp-content/uploads/2023/10/進塔祭祖-35.jpg', '', 57),
(58, 1, '進塔祭祖 (34)', 'https://tseng-clan.com/wp-content/uploads/2023/10/進塔祭祖-34.jpg', '', 58),
(59, 1, '進塔祭祖 (33)', 'https://tseng-clan.com/wp-content/uploads/2023/10/進塔祭祖-33.jpg', '', 59),
(60, 1, '進塔祭祖 (32)', 'https://tseng-clan.com/wp-content/uploads/2023/10/進塔祭祖-32.jpg', '', 60),
(61, 1, '進塔祭祖 (31)', 'https://tseng-clan.com/wp-content/uploads/2023/10/進塔祭祖-31.jpg', '', 61),
(62, 1, '進塔祭祖 (30)', 'https://tseng-clan.com/wp-content/uploads/2023/10/進塔祭祖-30.jpg', '', 62),
(63, 1, '進塔祭祖 (29)', 'https://tseng-clan.com/wp-content/uploads/2023/10/進塔祭祖-29.jpg', '', 63),
(64, 1, '進塔祭祖 (28)', 'https://tseng-clan.com/wp-content/uploads/2023/10/進塔祭祖-28.jpg', '', 64),
(65, 1, '進塔祭祖 (27)', 'https://tseng-clan.com/wp-content/uploads/2023/10/進塔祭祖-27.jpg', '', 65),
(66, 1, '進塔祭祖 (26)', 'https://tseng-clan.com/wp-content/uploads/2023/10/進塔祭祖-26.jpg', '', 66),
(67, 1, '進塔祭祖 (25)', 'https://tseng-clan.com/wp-content/uploads/2023/10/進塔祭祖-25.jpg', '', 67),
(68, 1, '進塔祭祖 (24)', 'https://tseng-clan.com/wp-content/uploads/2023/10/進塔祭祖-24.jpg', '', 68),
(69, 1, '進塔祭祖 (23)', 'https://tseng-clan.com/wp-content/uploads/2023/10/進塔祭祖-23.jpg', '', 69),
(70, 1, '進塔祭祖 (22)', 'https://tseng-clan.com/wp-content/uploads/2023/10/進塔祭祖-22.jpg', '', 70),
(71, 1, '進塔祭祖 (21)', 'https://tseng-clan.com/wp-content/uploads/2023/10/進塔祭祖-21.jpg', '', 71),
(72, 1, '進塔祭祖 (20)', 'https://tseng-clan.com/wp-content/uploads/2023/10/進塔祭祖-20.jpg', '', 72),
(73, 1, '進塔祭祖 (19)', 'https://tseng-clan.com/wp-content/uploads/2023/10/進塔祭祖-19.jpg', '', 73),
(74, 1, '進塔祭祖 (18)', 'https://tseng-clan.com/wp-content/uploads/2023/10/進塔祭祖-18.jpg', '', 74),
(75, 1, '進塔祭祖 (17)', 'https://tseng-clan.com/wp-content/uploads/2023/10/進塔祭祖-17.jpg', '', 75),
(76, 1, '進塔祭祖 (16)', 'https://tseng-clan.com/wp-content/uploads/2023/10/進塔祭祖-16.jpg', '', 76),
(77, 1, '進塔祭祖 (15)', 'https://tseng-clan.com/wp-content/uploads/2023/10/進塔祭祖-15.jpg', '', 77),
(78, 1, '進塔祭祖 (14)', 'https://tseng-clan.com/wp-content/uploads/2023/10/進塔祭祖-14.jpg', '', 78),
(79, 1, '進塔祭祖 (13)', 'https://tseng-clan.com/wp-content/uploads/2023/10/進塔祭祖-13.jpg', '', 79),
(80, 1, '進塔祭祖 (12)', 'https://tseng-clan.com/wp-content/uploads/2023/10/進塔祭祖-12.jpg', '', 80),
(81, 1, '進塔祭祖 (11)', 'https://tseng-clan.com/wp-content/uploads/2023/10/進塔祭祖-11.jpg', '', 81),
(82, 1, '進塔祭祖 (10)', 'https://tseng-clan.com/wp-content/uploads/2023/10/進塔祭祖-10.jpg', '', 82),
(83, 1, '進塔祭祖 (8)', 'https://tseng-clan.com/wp-content/uploads/2023/10/進塔祭祖-8.jpg', '', 83),
(84, 1, '2018年重建祖塔38', 'https://tseng-clan.com/wp-content/uploads/2023/10/2018年重建祖塔38.jpg', '', 84),
(85, 1, '2018年重建祖塔37', 'https://tseng-clan.com/wp-content/uploads/2023/10/2018年重建祖塔37.jpg', '', 85),
(86, 1, '2018年重建祖塔36', 'https://tseng-clan.com/wp-content/uploads/2023/10/2018年重建祖塔36.jpg', '', 86),
(87, 1, '2018年重建祖塔35', 'https://tseng-clan.com/wp-content/uploads/2023/10/2018年重建祖塔35.jpg', '', 87),
(88, 1, '2018年重建祖塔34', 'https://tseng-clan.com/wp-content/uploads/2023/10/2018年重建祖塔34.jpg', '', 88),
(89, 1, '2018年重建祖塔33', 'https://tseng-clan.com/wp-content/uploads/2023/10/2018年重建祖塔33.jpg', '', 89),
(90, 1, '2018年重建祖塔32', 'https://tseng-clan.com/wp-content/uploads/2023/10/2018年重建祖塔32.jpg', '', 90),
(91, 1, '2018年重建祖塔31', 'https://tseng-clan.com/wp-content/uploads/2023/10/2018年重建祖塔31.jpg', '', 91),
(92, 1, '2018年重建祖塔30', 'https://tseng-clan.com/wp-content/uploads/2023/10/2018年重建祖塔30.jpg', '', 92),
(93, 1, '2018年重建祖塔29', 'https://tseng-clan.com/wp-content/uploads/2023/10/2018年重建祖塔29.jpg', '', 93),
(94, 1, '2018年重建祖塔28', 'https://tseng-clan.com/wp-content/uploads/2023/10/2018年重建祖塔28.jpg', '', 94),
(95, 1, '2018年重建祖塔27', 'https://tseng-clan.com/wp-content/uploads/2023/10/2018年重建祖塔27.jpg', '', 95),
(96, 1, '2018年重建祖塔26', 'https://tseng-clan.com/wp-content/uploads/2023/10/2018年重建祖塔26.jpg', '', 96),
(97, 1, '2018年重建祖塔25', 'https://tseng-clan.com/wp-content/uploads/2023/10/2018年重建祖塔25.jpg', '', 97),
(98, 1, '2018年重建祖塔24', 'https://tseng-clan.com/wp-content/uploads/2023/10/2018年重建祖塔24.jpg', '', 98),
(99, 1, '2018年重建祖塔23', 'https://tseng-clan.com/wp-content/uploads/2023/10/2018年重建祖塔23.jpg', '', 99),
(100, 1, '2018年重建祖塔22', 'https://tseng-clan.com/wp-content/uploads/2023/10/2018年重建祖塔22.jpg', '', 100),
(101, 1, '2018年重建祖塔21', 'https://tseng-clan.com/wp-content/uploads/2023/10/2018年重建祖塔21.jpg', '', 101),
(102, 1, '2018年重建祖塔20', 'https://tseng-clan.com/wp-content/uploads/2023/10/2018年重建祖塔20.jpg', '', 102),
(103, 1, '2018年重建祖塔19', 'https://tseng-clan.com/wp-content/uploads/2023/10/2018年重建祖塔19.jpg', '', 103),
(104, 1, '2018年重建祖塔18', 'https://tseng-clan.com/wp-content/uploads/2023/10/2018年重建祖塔18.jpg', '', 104),
(105, 1, '2018年重建祖塔17', 'https://tseng-clan.com/wp-content/uploads/2023/10/2018年重建祖塔17.jpg', '', 105),
(106, 1, '2018年重建祖塔16', 'https://tseng-clan.com/wp-content/uploads/2023/10/2018年重建祖塔16.jpg', '', 106),
(107, 1, '2018年重建祖塔15', 'https://tseng-clan.com/wp-content/uploads/2023/10/2018年重建祖塔15.jpg', '', 107),
(108, 1, '2018年重建祖塔14', 'https://tseng-clan.com/wp-content/uploads/2023/10/2018年重建祖塔14.jpg', '', 108),
(109, 1, '2018年重建祖塔13', 'https://tseng-clan.com/wp-content/uploads/2023/10/2018年重建祖塔13.jpg', '', 109),
(110, 1, '2018年重建祖塔12', 'https://tseng-clan.com/wp-content/uploads/2023/10/2018年重建祖塔12.jpg', '', 110),
(111, 1, '2018年重建祖塔11', 'https://tseng-clan.com/wp-content/uploads/2023/10/2018年重建祖塔11.jpg', '', 111),
(112, 1, '2018年重建祖塔10', 'https://tseng-clan.com/wp-content/uploads/2023/10/2018年重建祖塔10.jpg', '', 112),
(113, 1, '2018年重建祖塔09', 'https://tseng-clan.com/wp-content/uploads/2023/10/2018年重建祖塔09.jpg', '', 113),
(114, 1, '2018年重建祖塔08', 'https://tseng-clan.com/wp-content/uploads/2023/10/2018年重建祖塔08.jpg', '', 114),
(115, 1, '2018年重建祖塔07', 'https://tseng-clan.com/wp-content/uploads/2023/10/2018年重建祖塔07.jpg', '', 115),
(116, 1, '2018年重建祖塔06', 'https://tseng-clan.com/wp-content/uploads/2023/10/2018年重建祖塔06.jpg', '', 116),
(117, 1, '2018年重建祖塔05', 'https://tseng-clan.com/wp-content/uploads/2023/10/2018年重建祖塔05.jpg', '', 117),
(118, 1, '2018年重建祖塔04', 'https://tseng-clan.com/wp-content/uploads/2023/10/2018年重建祖塔04.jpg', '', 118),
(119, 1, '2018年重建祖塔03', 'https://tseng-clan.com/wp-content/uploads/2023/10/2018年重建祖塔03.jpg', '', 119),
(120, 1, '2018年重建祖塔02', 'https://tseng-clan.com/wp-content/uploads/2023/10/2018年重建祖塔02.jpg', '', 120),
(121, 1, '2018年重建祖塔01', 'https://tseng-clan.com/wp-content/uploads/2023/10/2018年重建祖塔01.jpg', '', 121),
(122, 1, '2018年重建祖塔55', 'https://tseng-clan.com/wp-content/uploads/2023/10/2018年重建祖塔55.jpg', '', 122),
(123, 1, '2018年重建祖塔54', 'https://tseng-clan.com/wp-content/uploads/2023/10/2018年重建祖塔54.jpg', '', 123),
(124, 1, '2018年重建祖塔53', 'https://tseng-clan.com/wp-content/uploads/2023/10/2018年重建祖塔53.jpg', '', 124),
(125, 1, '2018年重建祖塔52', 'https://tseng-clan.com/wp-content/uploads/2023/10/2018年重建祖塔52.jpg', '', 125),
(126, 1, '2018年重建祖塔51', 'https://tseng-clan.com/wp-content/uploads/2023/10/2018年重建祖塔51.jpg', '', 126),
(127, 1, '2018年重建祖塔50', 'https://tseng-clan.com/wp-content/uploads/2023/10/2018年重建祖塔50.jpg', '', 127),
(128, 1, '2018年重建祖塔49', 'https://tseng-clan.com/wp-content/uploads/2023/10/2018年重建祖塔49.jpg', '', 128),
(129, 1, '2018年重建祖塔48', 'https://tseng-clan.com/wp-content/uploads/2023/10/2018年重建祖塔48.jpg', '', 129),
(130, 1, '2018年重建祖塔47', 'https://tseng-clan.com/wp-content/uploads/2023/10/2018年重建祖塔47.jpg', '', 130),
(131, 1, '2018年重建祖塔46', 'https://tseng-clan.com/wp-content/uploads/2023/10/2018年重建祖塔46.jpg', '', 131),
(132, 1, '2018年重建祖塔45', 'https://tseng-clan.com/wp-content/uploads/2023/10/2018年重建祖塔45.jpg', '', 132),
(133, 1, '2018年重建祖塔44', 'https://tseng-clan.com/wp-content/uploads/2023/10/2018年重建祖塔44.jpg', '', 133),
(134, 1, '2018年重建祖塔43', 'https://tseng-clan.com/wp-content/uploads/2023/10/2018年重建祖塔43.jpg', '', 134),
(135, 1, '2018年重建祖塔42', 'https://tseng-clan.com/wp-content/uploads/2023/10/2018年重建祖塔42.jpg', '', 135),
(136, 1, '2018年重建祖塔41', 'https://tseng-clan.com/wp-content/uploads/2023/10/2018年重建祖塔41.jpg', '', 136),
(137, 1, '2018年重建祖塔40', 'https://tseng-clan.com/wp-content/uploads/2023/10/2018年重建祖塔40.jpg', '', 137),
(138, 1, '2018年重建祖塔39', 'https://tseng-clan.com/wp-content/uploads/2023/10/2018年重建祖塔39.jpg', '', 138),
(139, 1, 'logo直', 'https://tseng-clan.com/wp-content/uploads/2023/09/logo直-e1694656228647.png', '', 139),
(140, 1, '曾氏去背', 'https://tseng-clan.com/wp-content/uploads/2023/09/曾氏去背-1.png', '', 140),
(141, 1, 'banner', 'https://tseng-clan.com/wp-content/uploads/2023/09/banner-1.png', '', 141),
(142, 1, '材質2', 'https://tseng-clan.com/wp-content/uploads/2023/09/材質2.jpg', '', 142),
(143, 1, '精選圖片78', 'https://tseng-clan.com/wp-content/uploads/2023/08/精選圖片78-scaled.jpg', '', 143),
(144, 1, '精選圖片79', 'https://tseng-clan.com/wp-content/uploads/2023/08/精選圖片79-scaled-e1696489104790.jpg', '', 144),
(145, 1, '精選圖片1', 'https://tseng-clan.com/wp-content/uploads/2023/08/精選圖片1.jpg', '', 145),
(146, 1, '精選圖片2', 'https://tseng-clan.com/wp-content/uploads/2023/08/精選圖片2.jpg', '', 146),
(147, 1, '精選圖片3', 'https://tseng-clan.com/wp-content/uploads/2023/08/精選圖片3.jpg', '', 147),
(148, 1, '精選圖片4', 'https://tseng-clan.com/wp-content/uploads/2023/08/精選圖片4.jpg', '', 148),
(149, 1, '精選圖片5', 'https://tseng-clan.com/wp-content/uploads/2023/08/精選圖片5-scaled.jpg', '', 149),
(150, 1, '精選圖片6', 'https://tseng-clan.com/wp-content/uploads/2023/08/精選圖片6.jpg', '', 150),
(151, 1, '精選圖片7', 'https://tseng-clan.com/wp-content/uploads/2023/08/精選圖片7.jpg', '', 151),
(152, 1, '精選圖片8', 'https://tseng-clan.com/wp-content/uploads/2023/08/精選圖片8.jpg', '', 152),
(153, 1, '精選圖片9', 'https://tseng-clan.com/wp-content/uploads/2023/08/精選圖片9.jpg', '', 153),
(154, 1, '精選圖片10', 'https://tseng-clan.com/wp-content/uploads/2023/08/精選圖片10.jpg', '', 154),
(155, 1, '精選圖片11', 'https://tseng-clan.com/wp-content/uploads/2023/08/精選圖片11.jpg', '', 155),
(156, 1, '精選圖片12', 'https://tseng-clan.com/wp-content/uploads/2023/08/精選圖片12.jpg', '', 156),
(157, 1, '精選圖片13', 'https://tseng-clan.com/wp-content/uploads/2023/08/精選圖片13.jpg', '', 157),
(158, 1, '精選圖片14', 'https://tseng-clan.com/wp-content/uploads/2023/08/精選圖片14.jpg', '', 158),
(159, 1, '精選圖片15', 'https://tseng-clan.com/wp-content/uploads/2023/08/精選圖片15.jpg', '', 159),
(160, 1, '精選圖片16', 'https://tseng-clan.com/wp-content/uploads/2023/08/精選圖片16.jpg', '', 160),
(161, 1, '精選圖片17', 'https://tseng-clan.com/wp-content/uploads/2023/08/精選圖片17.jpg', '', 161),
(162, 1, '精選圖片18', 'https://tseng-clan.com/wp-content/uploads/2023/08/精選圖片18.jpg', '', 162),
(163, 1, '精選圖片19', 'https://tseng-clan.com/wp-content/uploads/2023/08/精選圖片19.jpg', '', 163),
(164, 1, '精選圖片20', 'https://tseng-clan.com/wp-content/uploads/2023/08/精選圖片20.jpg', '', 164),
(165, 1, '精選圖片21', 'https://tseng-clan.com/wp-content/uploads/2023/08/精選圖片21.jpg', '', 165),
(166, 1, '精選圖片22', 'https://tseng-clan.com/wp-content/uploads/2023/08/精選圖片22.jpg', '', 166),
(167, 1, '精選圖片23', 'https://tseng-clan.com/wp-content/uploads/2023/08/精選圖片23.jpg', '', 167),
(168, 1, '精選圖片24', 'https://tseng-clan.com/wp-content/uploads/2023/08/精選圖片24.jpg', '', 168),
(169, 1, '精選圖片25', 'https://tseng-clan.com/wp-content/uploads/2023/08/精選圖片25.jpg', '', 169),
(170, 1, '精選圖片26', 'https://tseng-clan.com/wp-content/uploads/2023/08/精選圖片26.jpg', '', 170),
(171, 1, '精選圖片27', 'https://tseng-clan.com/wp-content/uploads/2023/08/精選圖片27.jpg', '', 171),
(172, 1, '精選圖片28', 'https://tseng-clan.com/wp-content/uploads/2023/08/精選圖片28.jpg', '', 172),
(173, 1, '精選圖片29', 'https://tseng-clan.com/wp-content/uploads/2023/08/精選圖片29.jpg', '', 173),
(174, 1, '精選圖片30', 'https://tseng-clan.com/wp-content/uploads/2023/08/精選圖片30.jpg', '', 174),
(175, 1, '精選圖片31', 'https://tseng-clan.com/wp-content/uploads/2023/08/精選圖片31.jpg', '', 175),
(176, 1, '精選圖片32', 'https://tseng-clan.com/wp-content/uploads/2023/08/精選圖片32.jpg', '', 176),
(177, 1, '精選圖片33', 'https://tseng-clan.com/wp-content/uploads/2023/08/精選圖片33.jpg', '', 177),
(178, 1, '精選圖片34', 'https://tseng-clan.com/wp-content/uploads/2023/08/精選圖片34.jpg', '', 178),
(179, 1, '精選圖片35', 'https://tseng-clan.com/wp-content/uploads/2023/08/精選圖片35.jpg', '', 179),
(180, 1, '精選圖片36', 'https://tseng-clan.com/wp-content/uploads/2023/08/精選圖片36.jpg', '', 180),
(181, 1, '精選圖片37', 'https://tseng-clan.com/wp-content/uploads/2023/08/精選圖片37.jpg', '', 181),
(182, 1, '精選圖片38', 'https://tseng-clan.com/wp-content/uploads/2023/08/精選圖片38.jpg', '', 182),
(183, 1, '精選圖片39', 'https://tseng-clan.com/wp-content/uploads/2023/08/精選圖片39.jpg', '', 183),
(184, 1, '精選圖片40', 'https://tseng-clan.com/wp-content/uploads/2023/08/精選圖片40.jpg', '', 184),
(185, 1, '精選圖片41', 'https://tseng-clan.com/wp-content/uploads/2023/08/精選圖片41.jpg', '', 185),
(186, 1, '精選圖片42', 'https://tseng-clan.com/wp-content/uploads/2023/08/精選圖片42.jpg', '', 186),
(187, 1, '精選圖片43', 'https://tseng-clan.com/wp-content/uploads/2023/08/精選圖片43.jpg', '', 187),
(188, 1, '精選圖片44', 'https://tseng-clan.com/wp-content/uploads/2023/08/精選圖片44.jpg', '', 188),
(189, 1, '精選圖片45', 'https://tseng-clan.com/wp-content/uploads/2023/08/精選圖片45.jpg', '', 189),
(190, 1, '精選圖片46', 'https://tseng-clan.com/wp-content/uploads/2023/08/精選圖片46.jpg', '', 190),
(191, 1, '精選圖片47', 'https://tseng-clan.com/wp-content/uploads/2023/08/精選圖片47-scaled.jpg', '', 191),
(192, 1, '精選圖片48', 'https://tseng-clan.com/wp-content/uploads/2023/08/精選圖片48-scaled.jpg', '', 192),
(193, 1, '精選圖片49', 'https://tseng-clan.com/wp-content/uploads/2023/08/精選圖片49.jpg', '', 193),
(194, 1, '精選圖片50', 'https://tseng-clan.com/wp-content/uploads/2023/08/精選圖片50.jpg', '', 194),
(195, 1, '精選圖片51', 'https://tseng-clan.com/wp-content/uploads/2023/08/精選圖片51.jpg', '', 195),
(196, 1, '精選圖片52', 'https://tseng-clan.com/wp-content/uploads/2023/08/精選圖片52.jpg', '', 196),
(197, 1, '精選圖片53', 'https://tseng-clan.com/wp-content/uploads/2023/08/精選圖片53.jpg', '', 197),
(198, 1, '精選圖片54', 'https://tseng-clan.com/wp-content/uploads/2023/08/精選圖片54.jpg', '', 198),
(199, 1, '精選圖片55', 'https://tseng-clan.com/wp-content/uploads/2023/08/精選圖片55-scaled-e1693384065102.jpg', '', 199),
(200, 1, '精選圖片56', 'https://tseng-clan.com/wp-content/uploads/2023/08/精選圖片56.jpg', '', 200),
(201, 1, '精選圖片57', 'https://tseng-clan.com/wp-content/uploads/2023/08/精選圖片57.jpg', '', 201),
(202, 1, '精選圖片58', 'https://tseng-clan.com/wp-content/uploads/2023/08/精選圖片58-scaled.jpg', '', 202),
(203, 1, '精選圖片59', 'https://tseng-clan.com/wp-content/uploads/2023/08/精選圖片59.jpg', '', 203),
(204, 1, '精選圖片60', 'https://tseng-clan.com/wp-content/uploads/2023/08/精選圖片60.jpg', '', 204),
(205, 1, '精選圖片61', 'https://tseng-clan.com/wp-content/uploads/2023/08/精選圖片61-scaled.jpg', '', 205),
(206, 1, '精選圖片62', 'https://tseng-clan.com/wp-content/uploads/2023/08/精選圖片62-scaled.jpg', '', 206),
(207, 1, '精選圖片63', 'https://tseng-clan.com/wp-content/uploads/2023/08/精選圖片63.jpg', '', 207),
(208, 1, '精選圖片64', 'https://tseng-clan.com/wp-content/uploads/2023/08/精選圖片64.jpg', '', 208),
(209, 1, '精選圖片65', 'https://tseng-clan.com/wp-content/uploads/2023/08/精選圖片65-scaled.jpg', '', 209),
(210, 1, '精選圖片66', 'https://tseng-clan.com/wp-content/uploads/2023/08/精選圖片66-scaled.jpg', '', 210),
(211, 1, '精選圖片67', 'https://tseng-clan.com/wp-content/uploads/2023/08/精選圖片67.jpg', '', 211),
(212, 1, '精選圖片68', 'https://tseng-clan.com/wp-content/uploads/2023/08/精選圖片68-scaled.jpg', '', 212),
(213, 1, '精選圖片69', 'https://tseng-clan.com/wp-content/uploads/2023/08/精選圖片69.jpg', '', 213),
(214, 1, '精選圖片70', 'https://tseng-clan.com/wp-content/uploads/2023/08/精選圖片70.jpg', '', 214),
(215, 1, '精選圖片71', 'https://tseng-clan.com/wp-content/uploads/2023/08/精選圖片71-scaled.jpg', '', 215),
(216, 1, '精選圖片72', 'https://tseng-clan.com/wp-content/uploads/2023/08/精選圖片72.jpg', '', 216),
(217, 1, '精選圖片73', 'https://tseng-clan.com/wp-content/uploads/2023/08/精選圖片73.jpg', '', 217),
(218, 1, '精選圖片74', 'https://tseng-clan.com/wp-content/uploads/2023/08/精選圖片74.jpg', '', 218),
(219, 1, '精選圖片75', 'https://tseng-clan.com/wp-content/uploads/2023/08/精選圖片75-scaled.jpg', '', 219),
(220, 1, '精選圖片76', 'https://tseng-clan.com/wp-content/uploads/2023/08/精選圖片76.jpg', '', 220),
(221, 1, '精選圖片77', 'https://tseng-clan.com/wp-content/uploads/2023/08/精選圖片77-scaled.jpg', '', 221),
(222, 1, 'rawpixel-557123-unsplash.jpg', 'https://tseng-clan.com/wp-content/uploads/2023/08/rawpixel-557123-unsplash.jpg', '', 222),
(223, 1, 'rawpixel-797131-unsplash.jpg', 'https://tseng-clan.com/wp-content/uploads/2023/08/rawpixel-797131-unsplash.jpg', '', 223),
(224, 1, 'rawpixel-676878-unsplash.jpg', 'https://tseng-clan.com/wp-content/uploads/2023/08/rawpixel-676878-unsplash.jpg', '', 224),
(225, 1, 'hector-martinez-110928-unsplash.jpg', 'https://tseng-clan.com/wp-content/uploads/2023/08/hector-martinez-110928-unsplash.jpg', '', 225),
(226, 1, 'modern-essentials-792821-unsplash.jpg', 'https://tseng-clan.com/wp-content/uploads/2023/08/modern-essentials-792821-unsplash.jpg', '', 226),
(227, 1, 'modern-essentials-1064966-unsplash.jpg', 'https://tseng-clan.com/wp-content/uploads/2023/08/modern-essentials-1064966-unsplash.jpg', '', 227),
(228, 1, 'modern-essentials-798265-unsplash.jpg', 'https://tseng-clan.com/wp-content/uploads/2023/08/modern-essentials-798265-unsplash.jpg', '', 228),
(229, 1, 'andris-romanovskis-267865-unsplash.jpg', 'https://tseng-clan.com/wp-content/uploads/2023/08/andris-romanovskis-267865-unsplash.jpg', '', 229),
(230, 1, '錄記曾氏上祖族譜2', 'https://tseng-clan.com/wp-content/uploads/2023/08/錄記曾氏上祖族譜2-scaled-e1693279034837.jpg', '', 230),
(231, 1, '宗長仙逝處理流程簡介', 'https://tseng-clan.com/wp-content/uploads/2023/08/宗長仙逝處理流程簡介-e1693278429946.jpg', '宗長仙逝處理流程簡介', 231),
(232, 1, 'background4', 'https://tseng-clan.com/wp-content/uploads/2023/08/background4-scaled.jpg', '', 232),
(233, 1, 'background3', 'https://tseng-clan.com/wp-content/uploads/2023/08/background3-rotated.jpg', '', 233),
(234, 1, 'White worn paint texture', 'https://tseng-clan.com/wp-content/uploads/2023/08/background2-scaled-e1707126105633.jpg', '', 234),
(235, 1, 'Japanese themed hand painted mountain landscape', 'https://tseng-clan.com/wp-content/uploads/2023/08/japanese_themed_hand_painted_mountain_landscape_0908-scaled.jpg', '', 235),
(236, 1, 'background', 'https://tseng-clan.com/wp-content/uploads/2023/08/background-scaled.jpg', '', 236),
(237, 1, '仙逝者執行流程', 'https://tseng-clan.com/wp-content/uploads/2023/08/仙逝者執行流程.jpg', '', 237),
(238, 1, 'kane-reinholdtsen-188778-unsplash.jpg', 'https://tseng-clan.com/wp-content/uploads/2023/08/kane-reinholdtsen-188778-unsplash.jpg', '', 238),
(239, 1, 'logo36w.png', 'https://tseng-clan.com/wp-content/uploads/2023/08/logo36w.png', '', 239),
(240, 1, 'image.png', 'https://tseng-clan.com/wp-content/uploads/2023/08/image.png', '', 240),
(241, 1, '祖譜4', 'https://tseng-clan.com/wp-content/uploads/2023/08/祖譜4-e1693193148483.jpg', '', 241),
(242, 1, '祖譜3', 'https://tseng-clan.com/wp-content/uploads/2023/08/祖譜3.jpg', '', 242),
(243, 1, '祖譜', 'https://tseng-clan.com/wp-content/uploads/2023/08/祖譜.jpg', '', 243),
(244, 1, '祖塔標誌', 'https://tseng-clan.com/wp-content/uploads/2023/08/祖塔標誌.jpg', '', 244),
(245, 1, '彈出視窗', 'https://tseng-clan.com/wp-content/uploads/2023/08/彈出視窗.jpg', '', 245),
(246, 1, 'about', 'https://tseng-clan.com/wp-content/uploads/2023/08/about.jpg', '', 246),
(247, 1, 'icon', 'https://tseng-clan.com/wp-content/uploads/2023/08/icon.png', '曾氏宗親會 logo', 247),
(248, 1, '曾氏宗親會 logo', 'https://tseng-clan.com/wp-content/uploads/2023/08/logo.png', '曾氏宗親會 logo', 248);

-- --------------------------------------------------------

--
-- 資料表結構 `menus`
--

CREATE TABLE `menus` (
  `id` int(10) UNSIGNED NOT NULL,
  `label` varchar(120) NOT NULL,
  `url` varchar(255) NOT NULL,
  `sort_order` int(11) NOT NULL DEFAULT 0,
  `is_active` tinyint(1) NOT NULL DEFAULT 1
) ENGINE=InnoDB DEFAULT CHARSET=utf8mb4 COLLATE=utf8mb4_general_ci;

--
-- 傾印資料表的資料 `menus`
--

INSERT INTO `menus` (`id`, `label`, `url`, `sort_order`, `is_active`) VALUES
(1, '首頁', '/', 1, 1),
(2, '曾氏起源', '/曾氏起源/', 2, 1),
(3, '曾氏歷史', '/曾氏歷史/', 3, 1),
(4, '曾氏在台落根', '/曾氏在台落根/', 4, 1),
(5, '最新消息', '/posts.php', 5, 1),
(6, '聯絡我們', '/contact.php', 6, 1);

-- --------------------------------------------------------

--
-- 資料表結構 `pages`
--

CREATE TABLE `pages` (
  `id` int(10) UNSIGNED NOT NULL,
  `wp_id` int(11) DEFAULT NULL,
  `slug` varchar(180) NOT NULL,
  `title` varchar(255) NOT NULL,
  `subtitle` varchar(255) DEFAULT NULL,
  `hero_image` varchar(255) DEFAULT NULL,
  `meta_description` text DEFAULT NULL,
  `status` enum('draft','published') NOT NULL DEFAULT 'published',
  `sort_order` int(11) NOT NULL DEFAULT 0,
  `created_at` datetime DEFAULT NULL,
  `updated_at` datetime DEFAULT NULL
) ENGINE=InnoDB DEFAULT CHARSET=utf8mb4 COLLATE=utf8mb4_general_ci;

--
-- 傾印資料表的資料 `pages`
--

INSERT INTO `pages` (`id`, `wp_id`, `slug`, `title`, `subtitle`, `hero_image`, `meta_description`, `status`, `sort_order`, `created_at`, `updated_at`) VALUES
(1, 1121, 'home', '曾氏宗親會', '歡迎探索 曾氏宗親會 的深厚傳統與文化。從宗聖公的「孝」教誨，到三省吾身的深邃教導，我們傳承了數世紀的忠誠、信用和終身學習的核心價值。每一代的曾氏後裔都肩負著這些價值觀，不僅在家庭和社會中實踐，更希望透過此平台，讓更多人認識並感受到這些無價', 'https://tseng-clan.com/wp-content/uploads/2023/08/icon.png', '歡迎探索 曾氏宗親會 的深厚傳統與文化。從宗聖公的「孝」教誨，到三省吾身的深邃教導，我們傳承了數世紀的忠誠、信用和終身學習的核心價值。每一代的曾氏後裔都肩負著這些價值觀，不僅在家庭和社會中實踐，更希望透過此平台，讓更多人認識並感受到這些無價的教誨。', 'published', 1, '2023-08-17 12:19:16', '2024-03-15 17:01:02'),
(2, 1928, '沿革-2', '沿革', '曾氏的歷史源流 曾氏家族的歷史源遠流長，可追溯到明朝時期。家族始祖曾箴公，一路傳承至今已有超過六十代。在這漫長 […]', 'https://tseng-clan.com/wp-content/uploads/2023/08/about.jpg', '曾氏的歷史源流 曾氏家族的歷史源遠流長，可追溯到明朝時期。家族始祖曾箴公，一路傳承至今已有超過六十代。在這漫長 […]', 'published', 2, '2023-10-02 16:32:47', '2023-10-05 14:03:41'),
(3, 1950, '組織章程', '組織章程', '曾氏公親族會組織章程 穿越時代的輪迴，曾氏家族以不變的信念和堅定的決心，建立了一套完整的組織架構。這不僅是一份 […]', '', '曾氏公親族會組織章程 穿越時代的輪迴，曾氏家族以不變的信念和堅定的決心，建立了一套完整的組織架構。這不僅是一份 […]', 'published', 3, '2023-10-05 11:17:42', '2024-02-06 11:24:16'),
(4, 1960, '曾氏族譜', '曾氏族譜', '歡迎探索 曾氏宗親會 的深厚傳統與文化。從宗聖公的「孝」教誨，到三省吾身的深邃教導，我們傳承了數世紀的忠誠、信用和終身學習的核心價值。每一代的曾氏後裔都肩負著這些價值觀，不僅在家庭和社會中實踐，更希望透過此平台，讓更多人認識並感受到這些無價', 'https://tseng-clan.com/wp-content/uploads/2023/08/icon.png', '歡迎探索 曾氏宗親會 的深厚傳統與文化。從宗聖公的「孝」教誨，到三省吾身的深邃教導，我們傳承了數世紀的忠誠、信用和終身學習的核心價值。每一代的曾氏後裔都肩負著這些價值觀，不僅在家庭和社會中實踐，更希望透過此平台，讓更多人認識並感受到這些無價的教誨。', 'published', 4, '2023-10-05 14:07:35', '2023-10-05 15:03:05'),
(5, 1976, '字輩', '字輩', '歡迎探索 曾氏宗親會 的深厚傳統與文化。從宗聖公的「孝」教誨，到三省吾身的深邃教導，我們傳承了數世紀的忠誠、信用和終身學習的核心價值。每一代的曾氏後裔都肩負著這些價值觀，不僅在家庭和社會中實踐，更希望透過此平台，讓更多人認識並感受到這些無價', 'https://tseng-clan.com/wp-content/uploads/2023/08/icon.png', '歡迎探索 曾氏宗親會 的深厚傳統與文化。從宗聖公的「孝」教誨，到三省吾身的深邃教導，我們傳承了數世紀的忠誠、信用和終身學習的核心價值。每一代的曾氏後裔都肩負著這些價值觀，不僅在家庭和社會中實踐，更希望透過此平台，讓更多人認識並感受到這些無價的教誨。', 'published', 5, '2023-10-05 16:07:12', '2023-10-05 17:21:50'),
(6, 2000, '歷屆大會手冊會刊', '歷屆大會手冊會刊', '歡迎探索 曾氏宗親會 的深厚傳統與文化。從宗聖公的「孝」教誨，到三省吾身的深邃教導，我們傳承了數世紀的忠誠、信用和終身學習的核心價值。每一代的曾氏後裔都肩負著這些價值觀，不僅在家庭和社會中實踐，更希望透過此平台，讓更多人認識並感受到這些無價', 'https://tseng-clan.com/wp-content/uploads/2023/08/icon.png', '歡迎探索 曾氏宗親會 的深厚傳統與文化。從宗聖公的「孝」教誨，到三省吾身的深邃教導，我們傳承了數世紀的忠誠、信用和終身學習的核心價值。每一代的曾氏後裔都肩負著這些價值觀，不僅在家庭和社會中實踐，更希望透過此平台，讓更多人認識並感受到這些無價的教誨。', 'published', 6, '2023-10-05 17:24:13', '2023-10-05 18:33:05'),
(7, 2029, '宗長仙逝流程圖', '宗長仙逝流程圖', '敬重的最後禮遇 宗長的仙逝是宗族中的重要事件，每一位宗長都曾為新曾氏付出無數心血與努力。為了確保我們以優雅和尊 […]', '', '敬重的最後禮遇 宗長的仙逝是宗族中的重要事件，每一位宗長都曾為新曾氏付出無數心血與努力。為了確保我們以優雅和尊 […]', 'published', 7, '2023-10-06 14:42:38', '2023-10-06 15:25:18'),
(8, 2078, '會議通知', '會議通知', '歡迎探索 曾氏宗親會 的深厚傳統與文化。從宗聖公的「孝」教誨，到三省吾身的深邃教導，我們傳承了數世紀的忠誠、信用和終身學習的核心價值。每一代的曾氏後裔都肩負著這些價值觀，不僅在家庭和社會中實踐，更希望透過此平台，讓更多人認識並感受到這些無價', 'https://tseng-clan.com/wp-content/uploads/2023/08/icon.png', '歡迎探索 曾氏宗親會 的深厚傳統與文化。從宗聖公的「孝」教誨，到三省吾身的深邃教導，我們傳承了數世紀的忠誠、信用和終身學習的核心價值。每一代的曾氏後裔都肩負著這些價值觀，不僅在家庭和社會中實踐，更希望透過此平台，讓更多人認識並感受到這些無價的教誨。', 'published', 8, '2023-10-06 17:59:31', '2023-10-11 14:56:51'),
(9, 2104, '祖塔新建圖片', '祖塔新建圖片', '重塑歷史：曾氏祖塔的新生 祖塔不僅是曾氏家族的歷史見證，更是傳承與記憶的象徵。隨著時光流逝，我們決定重建祖塔， […]', '', '重塑歷史：曾氏祖塔的新生 祖塔不僅是曾氏家族的歷史見證，更是傳承與記憶的象徵。隨著時光流逝，我們決定重建祖塔， […]', 'published', 9, '2023-10-11 14:57:51', '2023-10-11 16:00:13'),
(10, 2217, '祭祖活動照片', '祭祖活動照片', '曾氏家族的敬祖之旅 祭祖是我們維繫家族傳統與祖先的橋樑，每一張照片都記錄了我們對先人的尊崇與感激。透過這些寶貴 […]', '', '曾氏家族的敬祖之旅 祭祖是我們維繫家族傳統與祖先的橋樑，每一張照片都記錄了我們對先人的尊崇與感激。透過這些寶貴 […]', 'published', 10, '2023-10-11 16:05:25', '2023-10-11 16:30:15'),
(11, 2312, '聯絡我們', '聯絡我們', '歡迎探索 曾氏宗親會 的深厚傳統與文化。從宗聖公的「孝」教誨，到三省吾身的深邃教導，我們傳承了數世紀的忠誠、信用和終身學習的核心價值。每一代的曾氏後裔都肩負著這些價值觀，不僅在家庭和社會中實踐，更希望透過此平台，讓更多人認識並感受到這些無價', 'https://tseng-clan.com/wp-content/uploads/2023/08/icon.png', '歡迎探索 曾氏宗親會 的深厚傳統與文化。從宗聖公的「孝」教誨，到三省吾身的深邃教導，我們傳承了數世紀的忠誠、信用和終身學習的核心價值。每一代的曾氏後裔都肩負著這些價值觀，不僅在家庭和社會中實踐，更希望透過此平台，讓更多人認識並感受到這些無價的教誨。', 'published', 11, '2023-10-11 16:31:07', '2023-10-11 16:35:16'),
(12, 2326, '曾氏起源', '曾氏起源', '曾氏的起源 探索千年智慧的源頭，一同致敬曾子的遺教與德行。從春秋時期的武城到今日的世界，曾氏家族以傳統的價值觀 […]', 'https://tseng-clan.com/wp-content/uploads/2023/08/about.jpg', '曾氏的起源 探索千年智慧的源頭，一同致敬曾子的遺教與德行。從春秋時期的武城到今日的世界，曾氏家族以傳統的價值觀 […]', 'published', 12, '2024-01-31 16:07:28', '2024-03-15 17:02:38'),
(13, 2379, '曾氏歷史', '曾氏歷史', '曾氏的歷史源流 曾氏家族的歷史源遠流長，可追溯到明朝時期。家族始祖曾箴公，一路傳承至今已有超過六十代。在這漫長 […]', '', '曾氏的歷史源流 曾氏家族的歷史源遠流長，可追溯到明朝時期。家族始祖曾箴公，一路傳承至今已有超過六十代。在這漫長 […]', 'published', 13, '2024-02-05 17:23:49', '2024-03-15 17:00:00'),
(14, 2397, '曾氏在台落根', '曾氏在台落根', '在台灣的歷史印記 穿越海洋，承繼先祖的遠見與毅力，曾氏家族在台灣深植根基。從創業初期的艱辛到今日的繁榮，每一步 […]', '', '在台灣的歷史印記 穿越海洋，承繼先祖的遠見與毅力，曾氏家族在台灣深植根基。從創業初期的艱辛到今日的繁榮，每一步 […]', 'published', 14, '2024-02-05 17:45:34', '2024-03-15 16:59:22');

-- --------------------------------------------------------

--
-- 資料表結構 `page_sections`
--

CREATE TABLE `page_sections` (
  `id` int(10) UNSIGNED NOT NULL,
  `page_id` int(10) UNSIGNED NOT NULL,
  `heading` varchar(255) NOT NULL,
  `body` mediumtext DEFAULT NULL,
  `section_type` varchar(60) NOT NULL DEFAULT 'text',
  `sort_order` int(11) NOT NULL DEFAULT 0
) ENGINE=InnoDB DEFAULT CHARSET=utf8mb4 COLLATE=utf8mb4_general_ci;

--
-- 傾印資料表的資料 `page_sections`
--

INSERT INTO `page_sections` (`id`, `page_id`, `heading`, `body`, `section_type`, `sort_order`) VALUES
(1, 1, '曾氏君品公親族會 世代的智慧與傳承', '曾氏君品公親族會不僅是一個宗族組織，它象徵了一個世代相傳的信仰和價值。從宗聖公的孝道教誨，到每位成員身上所展現的忠誠和信用，君品公親族會是曾氏家族的驕傲。這裡，我們尊重傳統，也追求創新，致力於將這些核心價值傳遞給每一代，並希望更多人能共同參與，共同守護這份深厚的文化遺產。 觀看完整祖訓 曾氏起源 曾氏歷史 曾氏在台落根', 'text', 1),
(2, 1, '公親族會組織架構', '觀看組織架構圖', 'text', 2),
(3, 1, '01', '', 'text', 3),
(4, 1, '理事長', '代表社團法人，綜理親族會的所有會務，負責推動、規劃，並作出決策。', 'text', 4),
(5, 1, '02', '', 'text', 5),
(6, 1, '秘書長', '協助理事長完成各項會務，推動及規劃會議，執行與內政部的各項事務，並確保與理監事的溝通協調。', 'text', 6),
(7, 1, '03', '', 'text', 7),
(8, 1, '副秘書長', '協助秘書長進行各房會務活動的推進，作為會員的聯繫窗口，並負責各項會員資料的申請和更新。', 'text', 8),
(9, 1, '04', '', 'text', 9),
(10, 1, '常務理事', '在各房設置，協助綜理理事長的會務推動，並作為理監事會議的聯繫窗口。', 'text', 10),
(11, 1, '05', '', 'text', 11),
(12, 1, '常務監事', '在各房設置，負責綜理和審核會務的各項經費收支和年度預算。', 'text', 12),
(13, 1, '06', '', 'text', 13),
(14, 1, '祖塔及寄金亭管理人', '負責祖塔環境管理與維護及寄金亭寄放管理。', 'text', 14),
(15, 1, '歷年大會手冊', '瀏覽我們過去的大會亮點和資訊。點擊下方PDF文件進行預覽', 'text', 15),
(16, 1, '01.', '', 'text', 16),
(17, 1, '106-會員大會手冊', '', 'text', 17),
(18, 1, '02.', '', 'text', 18),
(19, 2, '曾氏的歷史源流', '曾氏家族的歷史源遠流長，可追溯到明朝時期。家族始祖曾箴公，一路傳承至今已有超過六十代。在這漫長的歷史中，家族成員遍布各地，曾氏子孫在龍川、歸善、愽羅等地都留下了深厚的痕跡。', 'text', 1),
(20, 2, '曾氏君品公親族會 世代的智慧與傳承', '曾氏君品公親族會不僅是一個宗族組織，它象徵了一個世代相傳的信仰和價值。從宗聖公的孝道教誨，到每位成員身上所展現的忠誠和信用，君品公親族會是曾氏家族的驕傲。這裡，我們尊重傳統，也追求創新，致力於將這些核心價值傳遞給每一代，並希望更多人能共同參與，共同守護這份深厚的文化遺產。 觀看完整祖訓', 'text', 2),
(21, 2, '遷徙與定居', '隨著家族的發展，曾氏家族經歷了多次的遷徙。從早期的石寒遷至潮陽和揭陽，家族的發展和繁榮都與當地的歷史和文化深深地交織在一起。在明末，有記載顯示曾氏家族在各地都有一定的影響力，並參與了當地的社會和政治活動。', 'text', 3),
(22, 2, '宗祠的重要性', '曾氏家族對宗祠的建立與維護十分重視。宗祠不僅是家族成員聚會、交流的場所，更是一個保存家族歷史、文化和傳統的重要場所。每一磚每一瓦都承載著家族的歷史和記憶。', 'text', 4),
(23, 2, '臺灣的發展與影響', '新曾氏家族在台灣的發展也非常迅速。自從十六世的君品公帶領家族渡過臺灣海峽，定居於桃園新庄仔後，家族在此地扎根，並在多個領域都有出色的表現。', 'text', 5),
(24, 3, '曾氏公親族會組織章程', '穿越時代的輪迴，曾氏家族以不變的信念和堅定的決心，建立了一套完整的組織架構。這不僅是一份文件或章程，而是每位族人共同的承諾，代代相傳的家族精神所鑄造的堅固基石。從過去到現在，從現在到未來，這份章程見證了我們的發展，指引著新曾氏的方向。', 'text', 1),
(25, 3, '社團法人台灣曾氏君品公派下親族會 章程', '觀看組織架構圖 106年4月4日 第1屆第1次會員大會通過 106年5月16日內政部台內團字第1060034138號函准予備查 第一章 總則 第 一 條 本會名稱為社團法人台灣曾氏君品公派下親族會（以下簡稱本會）。 第 二 條 本會為依法設立、非以營利為目的之社會團體；曾氏子孫緬懷宗功祖德，光前裕後世代綿延，千秋萬世永垂其昌，慎終追遠發揚孝道，增進親族情感，推動社會公益，世代傳承為宗旨。 第 三 條 本會以全國行政區域為組織區域。 第 四 條 本會會址設於主管機關所在地區，並得報經主管機關核准設立分支機構。前項分支機構簡則，由理事會擬定，報請主管機關核准後行之。會址及分支機構之地址於設置及變更時，應報請主管機關核備。 第 五 條 本會之任務如下： 祭祀祖先慎終追遠發揚孝道。 促進會員親族之交流。 推動社會公益。 推動維護與聯繫情感之相關活動。 其他法令規定應辦之事項。 第 六 條 本會之主管機關為內政部。本會之目的事業應受各該事業主管機關之指導、監督。 第二章 會員 第 七 條 本會會員分下列三種： 個人會員：凡贊同本會宗旨，年滿二十歲並為曾氏君品公派下子孫者（十九世慶龍公、慶鳳公、慶飛公，二十世昌富公傳下裔孫、昌巽公之長子茂欽公、茂傳公傳下），填具入會申請書，經理事會通過並繳納會費後，即為個人會員。 團體會員：凡贊同本會宗旨之機構或團體，填具入會申請書，經理事會通過並繳納會費後，即為團體會員；團體會員推派代表以行使會員權利。 贊助會員：凡贊同本會宗旨，年滿二十歲並對本會有特別貢獻者，經理事會通過得聘為贊助會員。 第 八 條 本會會員（會員代表）有表決權、選舉權、被選舉權與罷免權。每一會員（會員代表）為一權。贊助會員，無前項權利。 第 九 條 會員有遵守本會章程、決議及繳納會費之義務。 第 十 條 會員（會員代表）有違反法令，章程或不遵守會員大會決議時，得經理事會決議，予以警告或停權處分，其危害團體情節重大者，得經會員大會決議予以除名。 為利組織運作，會員未繳納會費者，不得享有會員權利，連續二年未繳納會費者，視為自動退會。會員經出會、退會或停權處分，如欲申請復會或復權時，除有正當理由經理事會審核通過者外，應繳清前所積欠之會費。 第 十一 條 會員有下列情事之一者，為出會： 喪失會員資格者。 經會員大會決議除名者。 第 十二 條 會員得以書面敘明理由向本會聲明退會。 第三章 組織及職權 第 十三 條 本會以會員大會為最高權力機構。會員（會員代表）人數超過三百人以上時得分區比例選出會員代表，再召開會員代表大會，行使會員大會職權。會員代表任期三年，其各名額及選舉辦法由理事會擬訂，報請主管機關核備後行之。 第 十四 條 會員（會員代表）大會之職權如下： 訂定與變更章程。 選舉及罷免理事、監事。 議決入會費、常年會費、事業費及會員捐款之數額及方式。 議決年度工作計畫、報告及預算、決算。 議決會員（會員代表）之除名處分。 議決財產之處分。 議決本會之解散。 議決與會員權利義務有關之其他重大事項。 前項第八款重大事項之範圍由理事會定之。 第 十五 條 本會置理事十五人、監事五人，由會員（會員代表）選舉之，分別成立理事會、監事會。選舉前項理事、監事時，依計票情形得同時選出候補理事五人，候補監事一人，遇理事、監事出缺時，分別依序遞補之；理事會得提出下屆理事、監事候選人參考名單。 第 十六 條 理事會之職權如下： 審定會員（會員代表）之資格。 選舉及罷免常務理事、理事長。 議決理事、常務理事及理事長之辭職。 聘免工作人員。 擬訂年度工作計畫、報告及預算、決算。 其他應執行事項。 第 十七 條 理事會置常務理事五人，由理事互選之，並由理事就常務理事中選舉一人為理事長。 理事長對內綜理督導會務，對外代表本會，並擔任會員大會、理事會主席。 理事長因事不能執行職務時，應指定常務理事一人代理之，未指定或不能指定時，由常務理事互推一人代理之。 理事長、常務理事出缺時，應於一個月內補選之。 第 十八 條 監事會之職權如下： 監察理事會工作之執行。 審核年度決算。 選舉及罷免常務監事。 議決監事及常務監事之辭職。 其他應監察事項。 第 十九 條 監事會置常務監事一人，由監事互選之，監察日常會務，並擔任監事會主席。 常務監事因事不能執行職務時，應指定監事一人代理之，未指定或不能指定時，由監事互推一人代理之。 常務監事出缺時應於一個月內補選之。 第 二十 條 理事、監事均為無給職，任期三年，連選得連任。理事長之任期與理監事之任期相同，理事長之連任，以一次為限。理事、監事之任期自召開本屆第一次理事會之日起計算。 第二十一條 理事、監事有下列情事之一者，應即解任： 喪失會員（會員代表）資格者。 因故辭職經理事會或監事會決議通過者。 被罷免或撤免者。 受停權處分期間逾任期二分之一者。 第二十二條 本會置秘書長一人，承理事長之命處理本會事務，其他工作人員若干人，由理事長提名經理事會通過聘免之，並報主管機關備查。 前項工作人員不得由理事監事擔任。 工作人員權責及分層負責事項由理事會另定之。 第二十三條 本會得設各種委員會、小組或其他內部作業組織，其組織簡則經理事會通過後施行，變更時亦同。 第二十四條 本會得由理事會聘請名譽理事長一人，名譽理事、顧問若干人，其聘期與理事、監事之任期同。 第四章 會議 第二十五條 會員（會員代表）大會分定期會議與臨時會議二種，由理事長召集，召集時除緊急事故之臨時會議外應於十五日前以書面通知之。 定期會議每年召開一次，臨時會議於理事會認為必要，或經會員（會員代表）五分之一以上之請求，或監事會函請召集時召開之。 本會辦理法人登記後，臨時會議經會員（會員代表）十分之一以上之請求召開之。 第二十六條 會員（會員代表）不能親自出席會員大會時，得以書面委託其他會員（會員代表）代理，每一會員（會員代表）以代理一人為限。 第二十七條 會員（會員代表）大會之決議，以會員（會員代表）過半數之出席，出席人數較多數之同意行之。但下列事項之決議以出席人數三分之二以上同意行之。 章程之訂定與變更。 會員（會員代表）之除名。 理事、監事之罷免。 財產之處分。 本會之解散。 其他與會員權利義務有關之重大事項。 本會辦理法人登記後，章程之變更以出席人數四分之三以上之同意或全體會員三分之二以上書面之同意行之。 本會之解散，得隨時以全體會員三分之二以上之可決解散之。 第二十八條 理事會每六個月召開一次，監事會每六個月召開一次，必要時得召開聯席會議或臨時會議。 前項會議召集時除臨時會議外，應於七日前以書面通知，會議之決議，各以理事、監事過半數之出席，出席人數較多數之同意行之。 第二十九條 理事應出席理事會議，監事應出席監事會議，理事會、監事會不得委託出席：理事、監事連續二次無故缺席理事會、監事會者，視同辭職。 第五章 經費及會計 第 三十 條 本會經費來源如下： 入會費：個人、團體、贊助會員皆免繳入會費。 常年會費：個人、團體、贊助會員皆為新台幣壹仟元。 事業費。 會員捐款。 委託收益。 基金及其孳息。 其他收入。 第三十一條 本會會計年度以曆年為準，自每年一月一日起至十二月三十一日止。 第三十二條 本會每年於會計年度開始前二個月由理事會編造年度工作計畫、收支預算表、員工待遇表，提會員大會通過(會員大會因故未能如期召開者，先提理監事聯席會議通過)，於會計年度開始前報主管機關核備。並於會計年度終了後二個月內由理事會編造年度工作報告、收支決算表、現金出納表、資產負債表、財產目錄及基金收支表、送監事會審核後，造具審核意見書送還理事會，提會員大會通過，於三月底前報主管機關核備((會員大會未能如期召開者，先報主關機關)。 第三十三條 本會於解散後，剩餘財產歸屬所在地之地方自治團體或主管機關指定之機關團體所有。 第六章 附則 第三十四條 本章程未規定事項，悉依有關法令規定辦理。 第三十五條 本章程經會員（會員代表）大會通過，報經主管機關核備後施行，變更時亦同。 第三十六條 本章程經本會106年4月4日第一屆第一次會員大會通過。 報經內政部106年5月16日台內團字第1060034138號函准予備查。', 'text', 2),
(26, 4, '錄記曾氏上祖族譜', '曾氏家族，原籍廣東省潮州府揭陽縣岡山鄉，家族歷史悠久，經歷了多代的傳承。家族中的先賢們在各自的時代都有著卓越的成就，他們的事蹟和故事都被詳細地記錄在族譜中。', 'text', 1),
(27, 4, '廣東省潮州府揭陽縣岡山鄉', '曾氏族譜追溯自曾氏始祖法綱公，字裕振，跨越多個世代，其血脈延續至今。族譜詳細記載了每一代的成員以及其子孫，從六十三世法綱公至二十世的族人，梳理了曾氏家族的源流及其分枝。 透過此族譜，我們可以清晰地看到家族的發展脈絡和各個世代成員之間的關聯。特別的，十六世君品公和其子孫的記錄，揭示了他們從渡臺開始的新篇章，以及家族在臺灣的發展歷程。 此外，族譜不僅是對過去的紀錄，也是對未來的指引。它告訴我們家族的歷史、成員的成就，以及我們的根和源。透過族譜，家族成員可以認識自己的家族背景，強化家族凝聚力，並為未來的世代提供一個明確的方向和參考。 觀看祖譜', 'text', 2),
(28, 4, '記載事項', '民國二十四年日本昭和十年乙亥歲農曆八月十三日丑時，興工建立祖塔於下陰影窩丁山兼午吉度分金，同年十二月十六日卯時奉請列祖登位，至丙子年十二月二十七日丑時圓竣；但是此祖塔有份者詳細記載於當時所立合約書為據。', 'text', 3),
(29, 4, '祥考', '祖系姓氏所由來載諸史冊，彰彰可考；雖樹大枝分，源長派別，不外混沌初開，乾坤始奠時也。黃帝生於軒轅之邱，故號軒轅；軒轅姓公孫，其子孫姓己，又姓姬，後又姓姚。軒轅生昌意，昌意乃少昊之兄；昌意生顓頊，顓頊生鯀，鯀生禹，禹係初夏之王，禹王始更姒姓；禹生啟，啟生仲康，仲康乃太康之弟；仲康生相，相生少康，少康係夏中興之君；少康生曲烈，曲烈係帝杼之弟，少康封次子曲烈于鄭國；曲烈生炫忠，炫忠生坤仁，坤仁生錄，，生浩源，浩源生富材，富材生焜，焜生伯基，伯基生洗，洗生汪，汪生志梁，志梁生煌，煌生相奎，相奎生世鑒，世鑒生政，政生模，模生瑞煥，瑞煥生錦榮，錦榮生共，共生桂茂，桂茂生照，照生培元，培元生銈，銈生允渿，允渿生杞，杞生惟熹，惟熹生塤和，塤和生成銳，成銳生椿，椿生炯，炯生垣，垣生銷，銷生移波，移波生時榮，時榮生炳，炳生均，均生鈴，鈴生弘一，弘一生松，松生浥，浥生祥傳，祥傳生烓，烓生垢，垢生字鑾，字鑾生沛恩，沛恩生樸，樸生巫；巫本係姒姓，鄫國世子，當春秋之鄭，莒人之殃，奔鄫去邑而為曾氏，實係肇曾之祖也。巫生阜，阜生點，點生參，家學淵源，明道統之正傳，啟後學之軌範。參公屢封郕伯瑕丘侯、宗聖公；惟 宗聖公為最傳道統于子思，思傳之孟子，有功于孔聖，福及于苗裔，繼世書成；而四世祖 西公、五世祖欽公一脈相承，先前裕後，列序既可為厥后觀矣。 初祖鄫國，墓在濟寍府嘉祥縣南武村；子孫移居諸省府州縣，由盧陵至龍潭、吉水、寍化，創居立業，祖墓多在蘭溪；揆厥所自曾氏始初于鄫，姒姓初封，在春秋宣公時，不克自立；襄公六年，以不輔魯，為莒滅於鄫，故封魯，遂因魯賜姓為曾氏，卓然著見於後世者。 曾點由元是也，迨後繁衍派別，或遭亂世、或適異國，昭穆秩然不失其序，稱為燦然不亂其倫，莫非尊重祖者也，直至順帝壬申七月設建武城。 蓋聞物本乎天，人本乎祖，而祖亦有所本焉，苟徒溯乎近祖，而不溯乎祖之本，而譜誌之；何以知一脈之所自出哉？如我祖武城一脈，原本乎姒姓，夏禹王之裔，至夏中興之君，少康之次子曲烈，封于鄫國；及春秋式微，國為莒滅，鄫國世子巫，仕於魯，子孫居魯者，遂因魯賜姓，去邑而為曾氏，是為得姓之始也，數傳至武城。 箴公名點字子皙，始顯聖門，封武城萊蕪侯子。 參公字子輿，學通一貫，得傳聖道，封郕國宗聖公，是我曾氏之始祖也。嗣後賢宦代著封贈，世及至西漢末；十八世 據公不仕王莽，率我族二千餘人，遷江南繼遷江西、盧陵、吉陽等處，後因東漢復興有功封關內侯；及至唐朝 奮公，官居仕尚書，加封魯郡開國公，後遷居雲蓋，此吾分派祖也。迨至宋朝 彥公始遷于寍化，但是 宗仁公之子天職十郎，即係 志誠公是聶氏媽之夫，此時既五十六世矣；而 聶氏媽痛夫既逝，創業未成，攜其子與夫弟 天爵公（志明公）媽范氏，捐寍化而來廣東。仰 天祝曰：若遇籮索斷則止，至梅州徐溪籮索果斷，爰止斯土；後 聶氏媽歿，葬在蛇頭岡，是吾族之祖，其功至鉅焉。自是以後，人文蔚起，登科發甲，代不乏嗣，遂為郡邑望族；溯當初一郎居松源洞，二郎居崎山及七都，三郎居羊牯鬥，四郎居南華垻與興寍，五郎居三河與潮城，六郎居長樂、倒車及所裏、石扇等。夫弟居蓼坡，由是支分派別，散居各州各郡者，不可勝數，宜知皆為 聶氏媽之裔也；特世愈遠而族愈渙，若不立譜，歷誌而聯属焉；不幾一體而分者，竟以途人視之，根源仰體，其聯合一體之心，仁孝之謂何，誠後人之不得辭其愆也；以是舉族捐資，鳩工刻譜，按房分之來歷，序世次之源流，自 聶氏媽傳下族属世系，枝枝條列，葉葉牒出，其聞名諱行業、生歿死葬，悉為開載，仍詳小註，立戒謹嚴，用勸周密，俾後之人，一展譜而知其為某派第幾世，某世弟幾人，為某事有益於身家性命，可多而為之，某事有愧於倫常廉恥，當謹而勿為；則尊卑定，昭穆分，禮義積，而仁孝全；庶幾患難相周恤，吉凶相慶吊，世綏遠而誼益篤，族雖繁而情彌合，一體而分者還視之如一體焉；則先人以慰，後人以昌，族譜之益，豈淺顯哉。', 'text', 4),
(30, 5, '曾氏家族字輩', '在中國的傳統文化中，字輩是用於區分家族成員世代的重要方法。它不僅確定了家族成員之間的關係，還為新生兒的命名提供了指引。', 'text', 1),
(31, 5, '渡台後的世代輩序', '', 'text', 2),
(32, 5, '曾氏世次源流', '下之原文所敘，若有不合于鑑史者，並語有不伶俐者，希宗參刪易之。', 'text', 3),
(33, 6, '曾氏的歷史源流', '曾氏家族的歷史源遠流長，可追溯到明朝時期。家族始祖曾箴公，一路傳承至今已有超過六十代。在這漫長的歷史中，家族成員遍布各地，曾氏子孫在龍川、歸善、愽羅等地都留下了深厚的痕跡。 106 - 會員大會手冊 107 - 會員大會手冊 108 - 會員大會手冊 109 - 會員大會手冊 110 - 會員大會手冊 111 - 會員大會手冊 112 - 會員大會手冊 在很遠很遠的地方，在「山」這個字的後面，遠離沃卡利亞和康索尼亞國家，那裡住著點字。 他們分開居住在海岸邊的Bookmarksgrove Far far away, behind the word mountains, far from the countries Vokalia and Consonantia, there live the blind texts. Separated they live in Bookmarksgrove right at the coast Far far away, behind the word mountains, far from the countries Vokalia and Consonantia, there live the blind texts. Separated they live in Bookmarksgrove right at the coast Far far away, behind the word mountains, far from the countries Vokalia and Consonantia, there live the blind texts. Separated they live in Bookmarksgrove right at the coast Far far away, behind the word mountains, far from the countries Vokalia and Consonantia, there live the blind texts. Separated they live in Bookmarksgrove right at the coast Far far away, behind the word mountains, far from the countries Vokalia and Consonantia, there live the blind texts. Separated they live in Bookmarksgrove right at the coast Far far away, behind the word mountains, far from the countries Vokalia and Consonantia, there live the blind texts. Separated they live in Bookmarksgrove right at the coast', 'text', 1),
(34, 7, '敬重的最後禮遇', '宗長的仙逝是宗族中的重要事件，每一位宗長都曾為新曾氏付出無數心血與努力。為了確保我們以優雅和尊重的方式送行他們，我們制定了一套詳盡的流程。這不僅是對已故宗長的尊重，也是為了向下一代傳遞我們的傳統和尊重生命的價值觀。', 'text', 1),
(35, 7, '宗長仙逝處理流程', '當宗長仙逝時，家屬需首先通知各房副秘書長，包括第三、第四、與第五房的副秘書長。接著，會進行相關的會員資料更新，如資料變更和新增。為表示對宗長的尊重，本會將提供花籃或奠儀以示追悼。在完成以上程序後，會通知理事長，並與寄金亭管理員聯繫，完成相關的管理事宜，包括支付管理費和資料填寫。 通知流程 宗長家屬須以訃聞通知各房副秘書長。 第三房副秘書長：曾德成，聯絡電話：0933-110343 第四房副秘書長：曾徳量，聯絡電話：03-5578988、0928-304314 第五房副秘書長：曾德松，聯絡電話：03-5996742、0932-287891 會員資料更新 進行會員資料的變更。 若需要，進行會員資料的新增。 奠儀流程 本會將會準備花籃或奠儀敬輓。 通知管理層 通知理事長。 寄金亭管理流程 通知寄金亭管理員，曾德志，連絡電話：03-5900500、0963-071418。 收取寄金亭管理費，總額$1200元。 進行資料填寫。 申請書下載 個人會員入會申請書 寄金申請書', 'text', 2),
(36, 8, '曾氏的燦爛傳承：從祖先到現代的歷史探索2', '本文深入探討曾氏家族的歷史沿革、宗祠建築、族譜傳承及重要的家族儀式。從先祖的足跡到當代家族成員的努力，曾氏家族的故事不僅是一部歷史，更是對傳統與現代的完美結合。 觀看全文 2023 年 10 月 6 日 會議通知', 'text', 1),
(37, 8, '曾氏的燦爛傳承：從祖先到現代的歷史探索1', '本文深入探討曾氏家族的歷史沿革、宗祠建築、族譜傳承及重要的家族儀式。從先祖的足跡到當代家族成員的努力，曾氏家族的故事不僅是一部歷史，更是對傳統與現代的完美結合。 觀看全文 2023 年 7 月 14 日 會議通知', 'text', 2),
(38, 8, '曾氏的燦爛傳承：從祖先到現代的歷史探索', '本文深入探討曾氏家族的歷史沿革、宗祠建築、族譜傳承及重要的家族儀式。從先祖的足跡到當代家族成員的努力，曾氏家族的故事不僅是一部歷史，更是對傳統與現代的完美結合。 觀看全文', 'text', 3),
(39, 9, '重塑歷史：曾氏祖塔的新生', '祖塔不僅是曾氏家族的歷史見證，更是傳承與記憶的象徵。隨著時光流逝，我們決定重建祖塔，以保存這份深厚的家族情感和文化遺產。透過這些照片，您將見證祖塔從舊到新的轉變，以及家族成員對此工程的熱情與付出。每一磚每一瓦，都蘊含著曾氏家族對先祖的敬意和對未來的期望。', 'text', 1),
(40, 9, '照片分享', '重繪歷史，繼承未來 — 曾氏家族的新篇章', 'text', 2),
(41, 10, '曾氏家族的敬祖之旅', '祭祖是我們維繫家族傳統與祖先的橋樑，每一張照片都記錄了我們對先人的尊崇與感激。透過這些寶貴的瞬間，我們將家族的情感與文化傳遞給下一代，確保曾氏的傳統得以延續。', 'text', 1),
(42, 10, '照片分享', '敬祖、懷舊，曾氏之光繼續照耀', 'text', 2),
(43, 11, '聯絡我們', '', 'text', 1),
(44, 11, '+1 800 755 600', '', 'text', 2),
(45, 11, '台北市松山區南京東路四段2號', '', 'text', 3),
(46, 12, '曾氏的起源', '探索千年智慧的源頭，一同致敬曾子的遺教與德行。從春秋時期的武城到今日的世界，曾氏家族以傳統的價值觀與深厚的文化底蕴，傳承著宗聖曾子的孝道與哲學。在這裡，我們將連結過去與現在，啟迪未來。', 'text', 1),
(47, 12, '宗聖曾子傳略', '我始祖宗聖曾，諱參，字子輿，春秋武城人也。天生至孝，年十有七，奉父 萊蕪公(諱葳)之命，從學孔子於楚，曾子母上官夫人思子齧指， 曾子心動，孔子聞而贊曰:「曾參之孝，精感萬里。」曾子事親養志，每飯必有酒肉，將徹必請所與 问有餘，必日有。孟子贊曰:「若曾子可謂 養志也。」孔子因其孝，授之以孝經。弟子公明儀日:「夫子可謂孝乎?」曾子「是。曾子耘瓜，誤斬其根，父皙怒，援杖擊仆，蘇而鼓琴，父知其平也。 曾子只知有父，而忘已之生命，曾子之孝，為忘已之大孝:人子之孝，臻於忘已，其可謂至孝者也。曾子告其弟:「身也者父母之遺體也， 行父母之遺體，敢不敬乎?故居處不莊非孝也，事君不忠非孝也，蒞官不敬非孝也，朋友不信非孝也，戰陣無勇非孝也，五者不遂，載及於親，敢 不敬乎!」曾子以孝為人生之全德也。曾子臨終有疾，召門弟子日:「啟予足，啟予手。」本乎孔子之言:「父母全而生之，子全而歸之。」曾子之孝，可謂「全歸」之孝也。 孔子門中，曾子之年最少，子日:「參也魯。」以其魯而能踐履篤實，故其孝最篤，其學最鈍:年二十有六，孔呼之日:「參乎，吾道一以 貫之。」曾子:「唯。」又日:「夫子之道，忠恕而已矣。」孔子因材施教，呼告曾子者，以其學之深，可以悟之:果曾子應之速，而淺 釋之以「忠恕」二字，关揚孔子「一貫」之理。蓋三千之眾，而曾子者獨得其宗也。 曾子平生，每日三省其身，以传習、友信、謀忠，為慎獨修身之本;以博文守約，任重道遠，為君子明善之要，以去卻從義，篤行禮讓，為君子 立事之基:曾子之學，可謂至矣。曾子臨卒，易季氏之簣，得正而終，曾子之德，亦可謂至德故後世尊稱為「宗聖」者，亦至宜矣。 遺者今存者有:「曾子十篇」、「孝經」、「大學」、「論語」等書，多為弟子所記云。距生於周敬王十五年(丙申)冬十月十二日，卒於周考 王六年，享年七十有一。 唐總章元年，赠太子少保:唐太極元年，赠太子太保，與顏子配享孔廟:唐開元二十七年，詔贈廊:宋大中祥符二年，追封瑕邱侯;宋政和 元年，以避孔子諱，改封武侯:宋咸淳三年，晉封國公:與充國公顏回，沂國公孔，鄒國公孟軻配享孔廟:謂之四配。金承安二年，封成國 公，但無四配之封元延佑三年，以顏、曾、思、孟配享孔廟。元至順元年，加封邮國宗聖公;明嘉靖九年，除人爵，配至聖，尊稱之為「宗聖曾子 」。清及民國，均沿其舊鳴呼!我始祖宗曾子，传孔子之秘，獨以致孝聞，累代封贈，顯勞褒大，是足以風後世，而嘉惠其子孫也矣! 曾子七十四代孫宗聖祀官曾憲薰沐敬撰 曾氏起源 曾氏歷史 曾氏在台落根', 'text', 2),
(48, 12, '會徽釋義', '本會會徽，簡釋如下: 一、 我始祖宗聖公，以孝行揚明享世，著有孝經，遺訓後代子孫，故會徽以「孝」字為主。 二、 紅、白、藍三色之盾形，象徵宗聖之第二遺訓三省(吾日三省吾身)三省的涵義： (一) 為人謀而不忠乎。 (二) 與朋友交而不信乎。 (三) 傳而不習乎。 三、 孝字兩旁之青竹，象徵君子之虛心氣節，敦親睦族，有省身念祖之意。 祖訓!三省吾身 宗聖公，吾日三省吾身，即會徽圖案中所舉的三點： (一) 為人謀而不忠乎。 (二) 與朋友交而不信乎。 (三) 傳而不習乎。 三省吾身，是宗聖公的第二遺訓，在這科學昌明的太空時代，仍可作為我們的座右銘。我們在日常生活中，應該從這三方面反省、檢討自己一天的工作和學習的情況，以敦品力學的精神謀求上進。 首先我們應該檢討忠?忠是忠誠老實，毫不虛偽對朋友，對國家、社會都要忠誠老實。假如信口開河說假話，那是騙子的行為，一味花言巧語，終究也會被人所識穿而唾棄。我們作為宗聖公的裔孫，要培養忠誠老實的美德。 至於信，就是交朋友要講信用，誠實可靠，信和忠是相輔相成，很難分割的，交朋友要講信用，商場來往，更要有信用。一個虛奸的人，就毫無信用可言，也為人所不齒的。 習是學習和練習的意思。人生活到老，學到老。為國家社服務，就要珍惜自己，把自己磨練成為一個才德兼備而有抱負的人。古今中外，成德達材的人，那一個不是學而時習之乎? 所以我們要使自己成為有意社會國家的人，就應該學習宗聖公「吾日三省吾身」。', 'text', 3),
(49, 13, '曾氏的歷史源流', '曾氏家族的歷史源遠流長，可追溯到明朝時期。家族始祖曾箴公，一路傳承至今已有超過六十代。在這漫長的歷史中，家族成員遍布各地，曾氏子孫在龍川、歸善、愽羅等地都留下了深厚的痕跡。 原籍廣東省潮州府揭陽縣岡山鄉 渡台後世代輩序君啟肇慶昌茂維安德增嘉祥紹榮興忠信傳修省（嗣後以俟繼起） 輩序繼加二十代貽謀資燕翼世代永流芳富貴連綿遠勤儉立綱常', 'text', 1),
(50, 13, '記載事項', '民國二十四年日本昭和十年乙亥歲農曆八月十三日丑時，興工建立祖塔於下陰影窩丁山兼午吉度分金，同年十二月十六日卯時奉請列祖登位，至丙子年十二月二十七日丑時圓竣；但是此祖塔有份者詳細記載於當時所立合約書為據。', 'text', 2),
(51, 13, '詳 考', '祖系姓氏所由來載諸史冊，彰彰可考；雖樹大枝分，源長派別，不外混沌初開，乾坤始奠時也。黃帝生於軒轅之邱，故號軒轅；軒轅姓公孫，其子孫姓己，又姓姬，後又姓姚。軒轅生昌意，昌意乃少昊之兄；昌意生顓頊，顓頊生鯀，鯀生禹，禹係初夏之王，禹王始更姒姓；禹生啟，啟生仲康，仲康乃太康之弟；仲康生相，相生少康，少康係夏中興之君；少康生曲烈，曲烈係帝杼之弟，少康封次子曲烈于鄭國；曲烈生炫忠，炫忠生坤仁，坤仁生錄，，生浩源，浩源生富材，富材生焜，焜生伯基，伯基生洗，洗生汪，汪生志梁，志梁生煌，煌生相奎，相奎生世鑒，世鑒生政，政生模，模生瑞煥，瑞煥生錦榮，錦榮生共，共生桂茂，桂茂生照，照生培元，培元生銈，銈生允渿，允渿生杞，杞生惟熹，惟熹生塤和，塤和生成銳，成銳生椿，椿生炯，炯生垣，垣生銷，銷生移波，移波生時榮，時榮生炳，炳生均，均生鈴，鈴生弘一，弘一生松，松生浥，浥生祥傳，祥傳生烓，烓生垢，垢生字鑾，字鑾生沛恩，沛恩生樸，樸生巫；巫本係姒姓，鄫國世子，當春秋之鄭，莒人之殃，奔鄫去邑而為曾氏，實係肇曾之祖也。巫生阜，阜生點，點生參，家學淵源，明道統之正傳，啟後學之軌範。參公屢封郕伯瑕丘侯、宗聖公；惟 宗聖公為最傳道統于子思，思傳之孟子，有功于孔聖，福及于苗裔，繼世書成；而四世祖 西公、五世祖欽公一脈相承，先前裕後，列序既可為厥后觀矣。 初祖鄫國，墓在濟寍府嘉祥縣南武村；子孫移居諸省府州縣，由盧陵至龍潭、吉水、寍化，創居立業，祖墓多在蘭溪；揆厥所自曾氏始初于鄫，姒姓初封，在春秋宣公時，不克自立；襄公六年，以不輔魯，為莒滅於鄫，故封魯，遂因魯賜姓為曾氏，卓然著見於後世者。 曾點由元是也，迨後繁衍派別，或遭亂世、或適異國，昭穆秩然不失其序，稱為燦然不亂其倫，莫非尊重祖者也，直至順帝壬申七月設建武城。 蓋聞物本乎天，人本乎祖，而祖亦有所本焉，苟徒溯乎近祖，而不溯乎祖之本，而譜誌之；何以知一脈之所自出哉？如我祖武城一脈，原本乎姒姓，夏禹王之裔，至夏中興之君，少康之次子曲烈，封于鄫國；及春秋式微，國為莒滅，鄫國世子巫，仕於魯，子孫居魯者，遂因魯賜姓，去邑而為曾氏，是為得姓之始也，數傳至武城。 箴公名點字子皙，始顯聖門，封武城萊蕪侯子。 參公字子輿，學通一貫，得傳聖道，封郕國宗聖公，是我曾氏之始祖也。嗣後賢宦代著封贈，世及至西漢末；十八世 據公不仕王莽，率我族二千餘人，遷江南繼遷江西、盧陵、吉陽等處，後因東漢復興有功封關內侯；及至唐朝 奮公，官居仕尚書，加封魯郡開國公，後遷居雲蓋，此吾分派祖也。迨至宋朝 彥公始遷于寍化，但是 宗仁公之子天職十郎，即係 志誠公是聶氏媽之夫，此時既五十六世矣；而 聶氏媽痛夫既逝，創業未成，攜其子與夫弟 天爵公（志明公）媽范氏，捐寍化而來廣東。仰 天祝曰：若遇籮索斷則止，至梅州徐溪籮索果斷，爰止斯土；後 聶氏媽歿，葬在蛇頭岡，是吾族之祖，其功至鉅焉。自是以後，人文蔚起，登科發甲，代不乏嗣，遂為郡邑望族；溯當初一郎居松源洞，二郎居崎山及七都，三郎居羊牯鬥，四郎居南華垻與興寍，五郎居三河與潮城，六郎居長樂、倒車及所裏、石扇等。夫弟居蓼坡，由是支分派別，散居各州各郡者，不可勝數，宜知皆為 聶氏媽之裔也；特世愈遠而族愈渙，若不立譜，歷誌而聯属焉；不幾一體而分者，竟以途人視之，根源仰體，其聯合一體之心，仁孝之謂何，誠後人之不得辭其愆也；以是舉族捐資，鳩工刻譜，按房分之來歷，序世次之源流，自 聶氏媽傳下族属世系，枝枝條列，葉葉牒出，其聞名諱行業、生歿死葬，悉為開載，仍詳小註，立戒謹嚴，用勸周密，俾後之人，一展譜而知其為某派第幾世，某世弟幾人，為某事有益於身家性命，可多而為之，某事有愧於倫常廉恥，當謹而勿為；則尊卑定，昭穆分，禮義積，而仁孝全；庶幾患難相周恤，吉凶相慶吊，世綏遠而誼益篤，族雖繁而情彌合，一體而分者還視之如一體焉；則先人以慰，後人以昌，族譜之益，豈淺顯哉。', 'text', 3),
(52, 13, '曾氏世次源流', '下之原文所敘，若有不合于鑑史者，並語有不伶俐者，希宗參刪易之。 曾氏始祖箴公至六十三世 法綱公，字裕振，生六子；廣新公字振豐，居興寍，即大明丁未科進士榮科公之祖；廣深公居龍川、歸善、愽羅，即大明進世三任提學守約公之祖；但廣明、廣高、廣用三位祖公移居石寒，又徙潮陽及揭陽，即大明進世監察院用昇公之祖；但是歷年久遠，祖諱或易地而換名，或因字名而忘大號，亦或因法名而忘實字，子孫不知如何所指哉。但六十四世廣明、廣高、廣用三位祖公三位係共同遷居石寒，又徙潮陽及揭陽等處，創業立祠，不知幾經櫛風沐雨之勞，而成貽謀燕翼之計，世世子孫，蒙業而安，由是分居各處，皆 公等之厚澤所留貽也。但是三位祖公當時遷徙同處創業，哪一位是吾族之祖，詳查並無實據，況上世族譜先年既失，自三位祖公以上及以下，皆無實據可考，雖訪於諸老成及參諸他譜，似有可據，然每多疑處，究難強說以誣人；惟明末 大受公一誌，略敘大意為得， 廣用公係吾族之祖，其餘概不敢錄，蓋前輩不能詳明，況後輩何由而知其詳也；但既失於前，宜修於後，自我十六世 君品公祖妣詹太孺人，生二子：啟賢、啟榮，當時由祖妣 詹太孺人率二子渡臺，當初係住在桃園新庄仔，不久又徙倫坪，後遷下陰影窩，是吾族渡臺始祖也，功至鉅焉；迄今十餘世，族眾有各分居，若不修立譜牒，序其世次，昭穆恐愈久而愈紊，又將何以對先人，而啟後人也；茲將渡台始祖十六世 君品公派下，裔立宗派族牒，以記歷代次序及同宗分枝，並撰自十六世以下，命名輩序二十代，依次命名；其輩序係在中字，庻問名而知尊卑，分居儼如聚處，本居百世可以無紊。其生男命名，即記于譜，以便各處命名，不致輩序有紊，如有能勤一業，成家成名，為宗族爭光者，亦記于譜，以垂后昆，俾賢子肖孫，一展牒而知所感焉；至有敗德亂常，為宗族羞者，則合族鳴鼓而攻之，以示警戒而已，若不詳細書之，恐失隱惡揚善之意；凡我宗族，各宜抄錄一本，以至自己本末，其序至分派處，但是只記分派一代，不然世遠牒繁，難以悉知；有志于斯者，尚其勉之，豈獨吾宗族之望哉，抑亦自 君品公以下所深有賴焉。 曾氏起源 曾氏歷史 曾氏在台落根', 'text', 4),
(53, 14, '在台灣的歷史印記', '穿越海洋，承繼先祖的遠見與毅力，曾氏家族在台灣深植根基。從創業初期的艱辛到今日的繁榮，每一步都記錄著我們的堅持與榮耀。在這裡，我們懷舊並向前看，續寫家族的輝煌章節。', 'text', 1),
(54, 14, '曾氏君品公派下祖塔沿革誌', '先祖原籍廣東省潮州府揭陽縣關山鄉 蓋聞 物本乎天，人本乎祖，宗功宏達，溯源流長，宗脈相傳，有典有章。為奉安 渡台始祖君品公祖妣詹太孺人派下有份者列祖列宗先骸金神，以期先祖先宗神樂靈安，骨清骸淨，不朽不蝕，佑我裔孫，福祿綿遠，長發其祥。於歲次乙亥年(民國二十四年)八月經由維定、維彰、維郎、維任、石桶、立春、維尉、安懷、安昂、安妹等兄弟叔侄共同發起籌募資金，建立祖塔佳城於吉地寶穴下陰影窩。 祖塔係丁山兼午於歲次乙亥年(民國二十四年)八月十三日丑時興工，同年十二月十六日卯時奉請列祖列宗登位，歲次丙子年(民國二十五年)十二月二十七日丑時圓竣。嗣又由共同有份者樂捐於歲次丙午年(民國五十五年)九月初一日午時興工在左右兩傍添建塔室及中宮前後修繕，至歲次丁未年(民國五十六年)十月初十日卯時圓竣。 為期祖塔管理益臻完善以建立長久制度，於民國一0六年四月四日清明節成立「台灣曾氏君品公派下親族會」會員大會，並依章程選任第一屆理、監事後向內政部申請人民團體立案暨向臺灣桃園地方法院申請社團法人登記均核准在案。 有鑑於祖塔已陳舊、滲水、外牆龜裂，經理監事會議議決在原址重建。並徵詢全體有份者會員，蒙絕大多數同意後，就有份者會員以男丁每丁收取新台幣貳萬元，同時接受熱心宗親樂捐。籌足資金後於歲次丁酉年(民國一0六年)六月二十二日卯時興工，同年十二月二十五日午時奉請列祖列宗登位，歲次戊戌年(民國ㄧ0七年)六月初十日巳時圓竣。 祖公祖妣，創業維艱，歷代善良，祖德宗功，萬世流芳。十六世祖君品公祖妣詹太孺人渡台，篳路藍縷，胼手胝足，肇基斯土，創建家園。念先人之辛勞、勤儉，願後裔之榮昌，特集資興建美輪美奐新佳城。緬懷追思，宏揚祖德，更冀保佑子孫四季平安，丁財兩旺，百業興隆，納福迎祥。 第一屆全體理、監事會暨全體會員謹誌 曾氏起源 曾氏歷史 曾氏在台落根', 'text', 2);

-- --------------------------------------------------------

--
-- 資料表結構 `posts`
--

CREATE TABLE `posts` (
  `id` int(10) UNSIGNED NOT NULL,
  `wp_id` int(11) DEFAULT NULL,
  `slug` varchar(180) NOT NULL,
  `title` varchar(255) NOT NULL,
  `excerpt` text DEFAULT NULL,
  `content` mediumtext DEFAULT NULL,
  `cover_image` varchar(255) DEFAULT NULL,
  `status` enum('draft','published') NOT NULL DEFAULT 'published',
  `published_at` datetime DEFAULT NULL,
  `updated_at` datetime DEFAULT NULL
) ENGINE=InnoDB DEFAULT CHARSET=utf8mb4 COLLATE=utf8mb4_general_ci;

--
-- 傾印資料表的資料 `posts`
--

INSERT INTO `posts` (`id`, `wp_id`, `slug`, `title`, `excerpt`, `content`, `cover_image`, `status`, `published_at`, `updated_at`) VALUES
(1, 2069, '曾氏的燦爛傳承：從祖先到現代的歷史探索2', '曾氏的燦爛傳承：從祖先到現代的歷史探索2', '本文深入探討曾氏家族的歷史沿革、宗祠建築、族譜傳承及重要的家族儀式。從先祖的足跡到當代家族成員的努力，曾氏家族的故事不僅是一部歷史，更是對傳統與現代的完美結合。', '\r\n<blockquote class=\"wp-block-quote is-layout-flow wp-block-quote-is-layout-flow\">\r\n<div style=\"height:30px\" aria-hidden=\"true\" class=\"wp-block-spacer\"></div>\r\n<cite>家族的歷史不僅是過去的回憶，更是未來的指引。</cite></blockquote>\r\n\r\n\r\n\r\n<div style=\"height:30px\" aria-hidden=\"true\" class=\"wp-block-spacer\"></div>\r\n\r\n\r\n\r\n<p class=\"wp-block-paragraph\"><strong>1. 新曾氏的起源</strong><br>新曾氏家族始於箴公，歷經六十三世至法綱公，家族的發展歷程中，經歷了多次遷徙和家族的分支。每一次的遷徙、分支都帶著家族的願景和夢想，希望在新的土地上開創更加光明的未來。</p>\r\n\r\n\r\n\r\n<p class=\"wp-block-paragraph\"><strong>2. 宗祠的建築之美</strong><br>新曾氏的宗祠不僅是家族成員進行祭拜的地方，更是新曾氏文化和藝術的結晶。其建築風格結合了古典與現代，每一磚每一瓦都蘊含著家族的智慧和匠心。</p>\r\n\r\n\r\n\r\n<p class=\"wp-block-paragraph\"><strong>3. 族譜的傳承</strong><br>族譜是新曾氏家族的歷史見證，它記錄了家族的每一個成員和他們的事跡。從先祖到現代，族譜的傳承不僅是對過去的回憶，更是對未來的期許。</p>\r\n\r\n\r\n\r\n<p class=\"wp-block-paragraph\"><strong>4. 宗長仙逝的儀式</strong><br>對於新曾氏家族來說，宗長的仙逝不僅是家族的一大損失，更是家族的一次重生。通過嚴謹的儀式流程，家族成員共同追思先人，並為家族的未來祈福。</p>\r\n', '', 'published', '2023-10-06 17:28:44', '2023-10-06 17:28:45'),
(2, 2067, '曾氏的燦爛傳承：從祖先到現代的歷史探索1', '曾氏的燦爛傳承：從祖先到現代的歷史探索1', '本文深入探討曾氏家族的歷史沿革、宗祠建築、族譜傳承及重要的家族儀式。從先祖的足跡到當代家族成員的努力，曾氏家族的故事不僅是一部歷史，更是對傳統與現代的完美結合。', '\r\n<blockquote class=\"wp-block-quote is-layout-flow wp-block-quote-is-layout-flow\">\r\n<div style=\"height:30px\" aria-hidden=\"true\" class=\"wp-block-spacer\"></div>\r\n<cite>家族的歷史不僅是過去的回憶，更是未來的指引。</cite></blockquote>\r\n\r\n\r\n\r\n<div style=\"height:30px\" aria-hidden=\"true\" class=\"wp-block-spacer\"></div>\r\n\r\n\r\n\r\n<p class=\"wp-block-paragraph\"><strong>1. 新曾氏的起源</strong><br>新曾氏家族始於箴公，歷經六十三世至法綱公，家族的發展歷程中，經歷了多次遷徙和家族的分支。每一次的遷徙、分支都帶著家族的願景和夢想，希望在新的土地上開創更加光明的未來。</p>\r\n\r\n\r\n\r\n<p class=\"wp-block-paragraph\"><strong>2. 宗祠的建築之美</strong><br>新曾氏的宗祠不僅是家族成員進行祭拜的地方，更是新曾氏文化和藝術的結晶。其建築風格結合了古典與現代，每一磚每一瓦都蘊含著家族的智慧和匠心。</p>\r\n\r\n\r\n\r\n<p class=\"wp-block-paragraph\"><strong>3. 族譜的傳承</strong><br>族譜是新曾氏家族的歷史見證，它記錄了家族的每一個成員和他們的事跡。從先祖到現代，族譜的傳承不僅是對過去的回憶，更是對未來的期許。</p>\r\n\r\n\r\n\r\n<p class=\"wp-block-paragraph\"><strong>4. 宗長仙逝的儀式</strong><br>對於新曾氏家族來說，宗長的仙逝不僅是家族的一大損失，更是家族的一次重生。通過嚴謹的儀式流程，家族成員共同追思先人，並為家族的未來祈福。</p>\r\n', '', 'published', '2023-10-06 17:28:32', '2023-10-06 17:28:32'),
(3, 792, '新聞式seo的行銷策略', '曾氏的燦爛傳承：從祖先到現代的歷史探索', '本文深入探討曾氏家族的歷史沿革、宗祠建築、族譜傳承及重要的家族儀式。從先祖的足跡到當代家族成員的努力，曾氏家族的故事不僅是一部歷史，更是對傳統與現代的完美結合。', '\r\n<blockquote class=\"wp-block-quote is-layout-flow wp-block-quote-is-layout-flow\">\r\n<div style=\"height:30px\" aria-hidden=\"true\" class=\"wp-block-spacer\"></div>\r\n<cite>家族的歷史不僅是過去的回憶，更是未來的指引。</cite></blockquote>\r\n\r\n\r\n\r\n<div style=\"height:30px\" aria-hidden=\"true\" class=\"wp-block-spacer\"></div>\r\n\r\n\r\n\r\n<p class=\"wp-block-paragraph\"><strong>1. 新曾氏的起源</strong><br>新曾氏家族始於箴公，歷經六十三世至法綱公，家族的發展歷程中，經歷了多次遷徙和家族的分支。每一次的遷徙、分支都帶著家族的願景和夢想，希望在新的土地上開創更加光明的未來。</p>\r\n\r\n\r\n\r\n<p class=\"wp-block-paragraph\"><strong>2. 宗祠的建築之美</strong><br>新曾氏的宗祠不僅是家族成員進行祭拜的地方，更是新曾氏文化和藝術的結晶。其建築風格結合了古典與現代，每一磚每一瓦都蘊含著家族的智慧和匠心。</p>\r\n\r\n\r\n\r\n<p class=\"wp-block-paragraph\"><strong>3. 族譜的傳承</strong><br>族譜是新曾氏家族的歷史見證，它記錄了家族的每一個成員和他們的事跡。從先祖到現代，族譜的傳承不僅是對過去的回憶，更是對未來的期許。</p>\r\n\r\n\r\n\r\n<p class=\"wp-block-paragraph\"><strong>4. 宗長仙逝的儀式</strong><br>對於新曾氏家族來說，宗長的仙逝不僅是家族的一大損失，更是家族的一次重生。通過嚴謹的儀式流程，家族成員共同追思先人，並為家族的未來祈福。</p>\r\n', '', 'published', '2023-07-14 14:25:13', '2023-10-06 17:28:15');

-- --------------------------------------------------------

--
-- 資料表結構 `post_categories`
--

CREATE TABLE `post_categories` (
  `id` int(10) UNSIGNED NOT NULL,
  `wp_id` int(11) DEFAULT NULL,
  `name` varchar(120) NOT NULL,
  `slug` varchar(160) NOT NULL
) ENGINE=InnoDB DEFAULT CHARSET=utf8mb4 COLLATE=utf8mb4_general_ci;

--
-- 傾印資料表的資料 `post_categories`
--

INSERT INTO `post_categories` (`id`, `wp_id`, `name`, `slug`) VALUES
(1, 1, 'Uncategorized', 'uncategorized'),
(2, 24, '新聞媒體', '%e6%96%b0%e8%81%9e%e5%aa%92%e9%ab%94'),
(3, 29, '會議通知', '%e6%9c%83%e8%ad%b0%e9%80%9a%e7%9f%a5'),
(4, 23, '知識分享', 'article');

-- --------------------------------------------------------

--
-- 資料表結構 `site_settings`
--

CREATE TABLE `site_settings` (
  `setting_key` varchar(80) NOT NULL,
  `setting_value` text DEFAULT NULL,
  `updated_at` timestamp NOT NULL DEFAULT current_timestamp() ON UPDATE current_timestamp()
) ENGINE=InnoDB DEFAULT CHARSET=utf8mb4 COLLATE=utf8mb4_general_ci;

--
-- 傾印資料表的資料 `site_settings`
--

INSERT INTO `site_settings` (`setting_key`, `setting_value`, `updated_at`) VALUES
('contact_address', '台北市松山區南京東路四段2號', '2026-05-27 05:30:02'),
('contact_phone', '+1 800 755 600', '2026-05-27 05:30:02'),
('map_query', '台北小巨蛋', '2026-05-27 05:30:02'),
('site_name', '曾氏宗親會 - 孝的傳承', '2026-05-27 05:30:02'),
('site_slogan', '宗聖家風，現代傳承', '2026-05-27 05:30:02'),
('theme_note', '保留原站孝道、宗親、歷史脈絡，改以現代典藏風格呈現。', '2026-05-27 05:30:02');

--
-- 已傾印資料表的索引
--

--
-- 資料表索引 `admin_users`
--
ALTER TABLE `admin_users`
  ADD PRIMARY KEY (`id`),
  ADD UNIQUE KEY `username` (`username`);

--
-- 資料表索引 `albums`
--
ALTER TABLE `albums`
  ADD PRIMARY KEY (`id`);

--
-- 資料表索引 `audit_logs`
--
ALTER TABLE `audit_logs`
  ADD PRIMARY KEY (`id`);

--
-- 資料表索引 `contact_messages`
--
ALTER TABLE `contact_messages`
  ADD PRIMARY KEY (`id`);

--
-- 資料表索引 `gallery_images`
--
ALTER TABLE `gallery_images`
  ADD PRIMARY KEY (`id`),
  ADD KEY `album_id` (`album_id`);

--
-- 資料表索引 `menus`
--
ALTER TABLE `menus`
  ADD PRIMARY KEY (`id`);

--
-- 資料表索引 `pages`
--
ALTER TABLE `pages`
  ADD PRIMARY KEY (`id`),
  ADD UNIQUE KEY `slug` (`slug`);

--
-- 資料表索引 `page_sections`
--
ALTER TABLE `page_sections`
  ADD PRIMARY KEY (`id`),
  ADD KEY `page_id` (`page_id`);

--
-- 資料表索引 `posts`
--
ALTER TABLE `posts`
  ADD PRIMARY KEY (`id`),
  ADD UNIQUE KEY `slug` (`slug`);

--
-- 資料表索引 `post_categories`
--
ALTER TABLE `post_categories`
  ADD PRIMARY KEY (`id`),
  ADD UNIQUE KEY `slug` (`slug`);

--
-- 資料表索引 `site_settings`
--
ALTER TABLE `site_settings`
  ADD PRIMARY KEY (`setting_key`);

--
-- 在傾印的資料表使用自動遞增(AUTO_INCREMENT)
--

--
-- 使用資料表自動遞增(AUTO_INCREMENT) `admin_users`
--
ALTER TABLE `admin_users`
  MODIFY `id` int(10) UNSIGNED NOT NULL AUTO_INCREMENT, AUTO_INCREMENT=2;

--
-- 使用資料表自動遞增(AUTO_INCREMENT) `albums`
--
ALTER TABLE `albums`
  MODIFY `id` int(10) UNSIGNED NOT NULL AUTO_INCREMENT, AUTO_INCREMENT=2;

--
-- 使用資料表自動遞增(AUTO_INCREMENT) `audit_logs`
--
ALTER TABLE `audit_logs`
  MODIFY `id` bigint(20) UNSIGNED NOT NULL AUTO_INCREMENT;

--
-- 使用資料表自動遞增(AUTO_INCREMENT) `contact_messages`
--
ALTER TABLE `contact_messages`
  MODIFY `id` int(10) UNSIGNED NOT NULL AUTO_INCREMENT;

--
-- 使用資料表自動遞增(AUTO_INCREMENT) `gallery_images`
--
ALTER TABLE `gallery_images`
  MODIFY `id` int(10) UNSIGNED NOT NULL AUTO_INCREMENT, AUTO_INCREMENT=249;

--
-- 使用資料表自動遞增(AUTO_INCREMENT) `menus`
--
ALTER TABLE `menus`
  MODIFY `id` int(10) UNSIGNED NOT NULL AUTO_INCREMENT, AUTO_INCREMENT=7;

--
-- 使用資料表自動遞增(AUTO_INCREMENT) `pages`
--
ALTER TABLE `pages`
  MODIFY `id` int(10) UNSIGNED NOT NULL AUTO_INCREMENT, AUTO_INCREMENT=15;

--
-- 使用資料表自動遞增(AUTO_INCREMENT) `page_sections`
--
ALTER TABLE `page_sections`
  MODIFY `id` int(10) UNSIGNED NOT NULL AUTO_INCREMENT, AUTO_INCREMENT=55;

--
-- 使用資料表自動遞增(AUTO_INCREMENT) `posts`
--
ALTER TABLE `posts`
  MODIFY `id` int(10) UNSIGNED NOT NULL AUTO_INCREMENT, AUTO_INCREMENT=4;

--
-- 使用資料表自動遞增(AUTO_INCREMENT) `post_categories`
--
ALTER TABLE `post_categories`
  MODIFY `id` int(10) UNSIGNED NOT NULL AUTO_INCREMENT, AUTO_INCREMENT=5;

--
-- 已傾印資料表的限制式
--

--
-- 資料表的限制式 `gallery_images`
--
ALTER TABLE `gallery_images`
  ADD CONSTRAINT `gallery_images_ibfk_1` FOREIGN KEY (`album_id`) REFERENCES `albums` (`id`) ON DELETE CASCADE;

--
-- 資料表的限制式 `page_sections`
--
ALTER TABLE `page_sections`
  ADD CONSTRAINT `page_sections_ibfk_1` FOREIGN KEY (`page_id`) REFERENCES `pages` (`id`) ON DELETE CASCADE;
COMMIT;

/*!40101 SET CHARACTER_SET_CLIENT=@OLD_CHARACTER_SET_CLIENT */;
/*!40101 SET CHARACTER_SET_RESULTS=@OLD_CHARACTER_SET_RESULTS */;
/*!40101 SET COLLATION_CONNECTION=@OLD_COLLATION_CONNECTION */;
